time_utc,symbol,entry_side,exit_ordtype,qty,return_pct,hold_hours,weight_sat
2018-03-05 07:50:39,XBTUSD,long,Market,47000,-0.285,0.373,407161000
2018-03-05 10:09:55,XBTUSD,short,Limit,17000,-0.0149,0.883,148563000
2018-03-05 18:44:09,XBTUSD,short,Market,40000,-1.22,8.271,345720000
2018-03-05 18:54:44,XBTUSD,short,Market,30000,-0.444,0.121,257520000
2018-03-05 19:31:57,XBTUSD,short,Market,5000,-0.0773,0.204,42900000
2018-03-05 20:37:37,XBTUSD,long,Market,5000,-0.2318,0.813,43025000
2018-03-06 00:03:12,XBTUSD,long,Market,9000,-1.8374,1.762,79092000
2018-03-06 00:37:05,XBTUSD,short,Market,10000,0.5094,0.458,88280000
2018-03-06 01:07:09,XBTUSD,short,Market,20000,0.6025,0.111,178260000
2018-03-06 01:18:32,XBTUSD,short,Market,20000,-0.0979,0.069,177760000
2018-03-06 01:24:47,XBTUSD,short,Market,20000,0.0356,0.083,178020000
2018-03-06 01:38:22,XBTUSD,long,Limit,10000,0.2623,0.178,88670000
2018-03-06 02:45:21,XBTUSD,short,Market,10000,0.1689,0.579,89010000
2018-03-06 07:32:19,XBTUSD,short,Limit,10000,-0.071,0.272,88690000
2018-03-06 21:27:27,XBTUSD,long,Market,20000,-1.4724,7.142,186220000
2018-03-06 23:21:02,XBTUSD,short,Market,10000,1.4843,0.895,94460000
2018-03-08 01:17:45,XBTUSD,long,Market,10000,0.2555,0.184,99950000
2018-03-08 01:36:54,XBTUSD,short,Market,10000,0.6243,0.025,101320000
2018-03-08 01:41:29,XBTUSD,short,Market,10000,0.5872,0.034,101840000
2018-03-08 02:02:50,XBTUSD,short,Market,15000,1.3335,0.192,154110009
2018-03-08 02:23:34,XBTUSD,long,Market,20000,-0.5157,0.168,207540000
2018-03-08 02:29:58,XBTUSD,long,Market,15000,0.8177,0.097,155151390
2018-03-08 03:12:43,XBTUSD,long,Market,15000,0.223,0.682,155220000
2018-03-08 03:22:22,XBTUSD,long,Market,15000,0.1365,0.035,155004200
2018-03-08 03:34:27,XBTUSD,short,Market,10000,0.1707,0.03,103630000
2018-03-08 03:36:52,XBTUSD,short,Market,10000,-0.1608,0.019,103570000
2018-03-08 03:44:25,XBTUSD,short,Market,10000,-0.0621,0.03,103460000
2018-03-08 03:51:13,XBTUSD,short,Market,10000,0.3115,0.012,103896272
2018-03-08 04:02:23,XBTUSD,short,Market,15000,-0.3686,0.045,156660000
2018-03-08 04:10:32,XBTUSD,long,Market,15000,-0.1022,0.074,156135000
2018-03-08 04:30:37,XBTUSD,long,Market,20000,1.0723,0.251,205720000
2018-03-08 05:02:00,XBTUSD,long,Market,20000,0.6559,0.506,204720000
2018-03-08 08:19:30,XBTUSD,short,Market,10000,-0.1158,0.261,100580000
2018-03-08 08:24:05,XBTUSD,short,Market,10000,0.8201,0.054,101460000
2018-03-09 05:49:16,XBTUSD,long,Limit,2832545,-3.5783,2.156,35889713850
2018-03-09 06:30:12,XBTUSD,long,Market,15000,2.1997,0.578,173850000
2018-03-09 06:59:11,XBTUSD,short,Market,10000,-0.0798,0.006,113369161
2018-03-09 07:14:13,XBTUSD,short,Market,10000,-0.8114,0.092,113360000
2018-03-09 07:41:35,XBTUSD,short,Market,10000,0.5228,0.427,114250000
2018-03-09 07:57:52,XBTUSD,long,Market,15000,0.1092,0.197,171915000
2018-03-09 09:06:17,XBTUSD,long,Market,15000,0.513,1.055,171915000
2018-03-09 09:30:47,XBTUSD,long,Market,15000,-0.1645,0.371,173400000
2018-03-09 11:26:17,XBTUSD,long,Market,20000,1.4151,1.889,229640000
2018-03-09 11:28:36,XBTUSD,long,Market,5000,0.6967,0.033,57180000
2018-03-09 11:39:56,XBTUSD,short,Market,11000,-0.0241,0.174,125752000
2018-03-09 11:45:15,XBTUSD,long,Market,1000,0.9147,0.031,11261028
2018-03-09 11:49:44,XBTUSD,short,Market,2000,0.2793,0.027,22408000
2018-03-09 12:02:07,XBTUSD,short,Market,10000,-0.5375,0.059,111380000
2018-03-09 12:08:42,XBTUSD,short,Market,6000,0.9039,0.09,67044000
2018-03-09 12:17:52,XBTUSD,short,Market,5000,-0.0683,0.046,55935000
2018-03-09 12:25:24,XBTUSD,short,Market,15000,0.0668,0.137,168165000
2018-03-09 12:32:49,XBTUSD,short,Market,10000,0.5095,0.062,112300000
2018-03-09 12:41:44,XBTUSD,short,Market,8000,0.0162,0.128,89778902
2018-03-09 12:43:42,XBTUSD,short,Market,4000,-0.1236,0.019,44892000
2018-03-09 12:53:15,XBTUSD,short,Market,15000,-0.7531,0.059,166079990
2018-03-09 12:55:02,XBTUSD,short,Market,5000,0.1666,0.021,55615000
2018-03-09 13:19:18,XBTUSD,short,Market,15000,0.3551,0.35,167712860
2018-03-09 13:22:11,XBTUSD,short,Market,10000,0.3781,0.022,112570000
2018-03-09 13:24:04,XBTUSD,short,Market,5000,0.4518,0.018,56572000
2018-03-09 13:36:30,XBTUSD,short,Market,10000,0.3491,0.111,112880000
2018-03-09 13:47:17,XBTUSD,short,Market,10000,-1.0002,0.148,111420000
2018-03-09 13:58:50,XBTUSD,short,Market,5000,0.2576,0.127,56140000
2018-03-09 22:40:12,XBTUSD,long,Market,5000,0.2221,0.009,54255000
2018-03-09 22:42:33,XBTUSD,long,Market,5000,-0.0207,0.01,54164250
2018-03-09 23:01:49,XBTUSD,long,Market,5000,0.0163,0.21,54335000
2018-03-09 23:34:51,XBTUSD,short,Market,10000,-0.1221,0.04,107996194
2018-03-09 23:48:19,XBTUSD,short,Market,5000,0.5568,0.04,53840000
2018-03-10 00:53:22,XBTUSD,short,Market,15000,0.208,0.796,161765000
2018-03-10 01:09:47,XBTUSD,short,Market,20000,0.1899,0.038,214800000
2018-03-10 01:10:53,XBTUSD,short,Market,5000,0.0484,0.007,53855000
2018-03-10 01:33:13,XBTUSD,short,Market,30000,-0.4772,0.312,321480000
2018-03-10 01:42:24,XBTUSD,short,Market,15000,0.2782,0.08,160605000
2018-03-10 01:52:06,XBTUSD,short,Market,20000,0.2526,0.09,214480000
2018-03-10 03:17:43,XBTUSD,short,Market,5000,1.8003,1.376,54560000
2018-03-10 03:17:50,XBTUSD,short,Market,5000,1.6148,1.345,54530000
2018-03-10 04:07:12,XBTUSD,short,Market,30000,0.2122,1.687,324510000
2018-03-10 04:20:04,XBTUSD,short,Market,15000,0.126,0.168,162195000
2018-03-10 04:30:38,XBTUSD,short,Market,10000,-0.3231,0.133,107220000
2018-03-10 04:34:14,XBTUSD,short,Market,5000,-0.0064,0.007,53705000
2018-03-10 05:02:10,XBTUSD,short,Market,15000,-0.0611,0.292,161325000
2018-03-10 05:25:54,XBTUSD,short,Market,10000,0.1346,0.231,107870000
2018-03-10 10:47:26,XBTUSD,short,Market,10000,0.4337,2.031,106890000
2018-03-11 01:21:35,XBTUSD,long,Market,15000,-2.5597,3.596,175033458
2018-03-11 01:26:12,XBTUSD,long,Market,5000,0.4681,0.051,58235000
2018-03-11 01:26:27,XBTUSD,long,Market,5000,0.6605,0.046,58165000
2018-03-11 04:27:40,XBTUSD,long,Market,3000,0.5234,0.302,34713000
2018-03-11 04:28:07,XBTUSD,long,Market,3000,0.5816,0.305,34695000
2018-03-11 04:28:16,XBTUSD,long,Market,1000,0.6812,0.293,11565000
2018-03-11 04:44:13,XBTUSD,long,Market,3000,-0.2193,0.04,34695000
2018-03-11 04:45:25,XBTUSD,long,Market,3000,-0.263,0.059,34711760
2018-03-11 05:23:03,XBTUSD,long,Market,3000,0.9878,0.196,34521000
2018-03-11 06:21:55,XBTUSD,long,Market,10000,0.2608,0.84,114348851
2018-03-11 11:40:53,XBTUSD,long,Market,100,1.5286,0.175,1132100
2018-03-11 11:49:02,XBTUSD,short,Market,3000,0.2352,0.009,33675000
2018-03-11 12:23:06,XBTUSD,short,Market,10000,1.1798,0.032,108240000
2018-03-11 12:34:23,XBTUSD,short,Market,10000,0.7498,0.06,108700000
2018-03-11 13:17:48,XBTUSD,short,Market,10000,0.1071,0.079,107180000
2018-03-11 13:36:22,XBTUSD,short,Market,10000,0.2015,0.264,107451451
2018-03-11 13:39:36,XBTUSD,short,Market,10000,0.1929,0.032,107460000
2018-03-11 13:45:08,XBTUSD,short,Market,10000,0.1729,0.066,108230000
2018-03-11 13:56:41,XBTUSD,short,Market,10000,0.0378,0.073,107990000
2018-03-11 14:03:35,XBTUSD,short,Market,10000,0.4619,0.022,108614554
2018-03-11 22:33:58,XBTUSD,short,Market,5000,0.2889,0.017,51740000
2018-03-11 23:02:39,XBTUSD,short,Market,10000,1.2682,0.343,105560000
2018-03-12 03:42:54,XBTUSD,short,Market,20000,2.2167,3.491,212880000
2018-03-12 06:24:34,XBTUSD,short,Market,10000,0.2281,0.803,104366607
2018-03-12 07:41:14,XBTUSD,short,Market,20000,0.5762,1.137,208560000
2018-03-12 07:48:09,XBTUSD,short,Market,15000,-0.0035,0.062,156225000
2018-03-12 09:41:01,XBTUSD,short,Market,25000,-1.7304,1.185,255100000
2018-03-12 11:35:19,XBTUSD,short,Market,5000,0.686,1.742,51170000
2018-03-12 12:16:48,XBTUSD,short,Market,5000,0.5488,2.434,51095000
2018-03-12 13:02:13,XBTUSD,short,Market,5000,0.2599,3.143,51100000
2018-03-12 13:04:39,XBTUSD,short,Limit,5000,0.3313,3.183,51140000
2018-03-12 13:13:57,XBTUSD,short,Market,10000,0.5961,3.291,102663142
2018-03-12 14:13:07,XBTUSD,short,Market,5000,1.0833,3.716,51380000
2018-03-12 14:18:33,XBTUSD,short,Market,5000,1.1484,3.806,51410000
2018-03-12 14:19:24,XBTUSD,short,Market,5000,1.466,3.703,51713224
2018-03-12 14:20:15,XBTUSD,short,Limit,5000,2.5181,2.741,52395000
2018-03-12 14:20:25,XBTUSD,short,Limit,5000,2.0924,1.01,52362819
2018-03-12 14:21:07,XBTUSD,short,Limit,5000,2.204,0.979,52410000
2018-03-12 14:31:43,XBTUSD,long,Market,5000,-0.1846,0.065,52835000
2018-03-12 14:38:41,XBTUSD,long,Market,5000,-0.4473,0.179,53087467
2018-03-13 00:50:17,XBTUSD,long,Market,5000,0.0543,0.181,54260000
2018-03-13 00:58:46,XBTUSD,long,Market,5000,0.1629,0.318,54200000
2018-03-13 01:00:29,XBTUSD,long,Market,5000,0.0381,0.223,54390000
2018-03-13 01:15:42,XBTUSD,short,Market,10000,0.1142,0.254,108900000
2018-03-13 01:46:10,XBTUSD,short,Market,10000,0.901,0.714,109540000
2018-03-13 01:50:59,XBTUSD,long,Market,10000,0.3934,0.048,109600000
2018-03-13 01:58:14,XBTUSD,short,Market,10000,0.558,0.073,110163824
2018-03-13 02:03:14,XBTUSD,long,Market,10000,0.5024,0.02,109610000
2018-03-13 02:07:21,XBTUSD,short,Market,10000,-0.011,0.03,109490000
2018-03-13 02:09:33,XBTUSD,short,Market,10000,0.3273,0.017,109450000
2018-03-13 02:15:35,XBTUSD,long,Market,10000,0.236,0.017,109560000
2018-03-13 02:17:25,XBTUSD,long,Market,10000,0.0965,0.042,109630000
2018-03-13 02:26:54,XBTUSD,long,Market,10000,0.6319,0.085,109200000
2018-03-13 02:30:08,XBTUSD,long,Market,10000,0.325,0.045,109060000
2018-03-13 02:31:29,XBTUSD,short,Market,10000,0.2181,0.006,109300000
2018-03-13 03:18:51,XBTUSD,long,Market,10000,0.3154,0.012,111168879
2018-03-13 04:03:51,XBTUSD,short,Market,10000,-0.2383,0.512,110550000
2018-03-13 04:15:39,XBTUSD,short,Market,10000,0.0132,0.031,107300000
2018-03-13 04:19:06,XBTUSD,short,Market,10000,0.591,0.053,107820000
2018-03-13 04:32:40,XBTUSD,short,Market,10000,0.0909,0.256,107430000
2018-03-13 04:41:17,XBTUSD,short,Market,10000,-0.1286,0.228,107060000
2018-03-13 04:46:50,XBTUSD,short,Limit,10000,0.4348,0.062,106510000
2018-03-13 04:47:57,XBTUSD,short,Market,10000,0.8612,0.062,106580000
2018-03-13 04:53:52,XBTUSD,long,Limit,10000,0.3044,0.066,106202276
2018-03-13 04:58:01,XBTUSD,short,Market,10000,0.679,0.064,106820000
2018-03-13 05:05:04,XBTUSD,short,Market,10000,0.8344,0.178,107154922
2018-03-13 05:05:29,XBTUSD,long,Limit,10000,0.2197,0.006,106910000
2018-03-13 05:09:47,XBTUSD,short,Market,10000,0.0905,0.04,106510000
2018-03-13 05:11:17,XBTUSD,short,Market,10000,0.4251,0.043,106736000
2018-03-13 07:12:28,XBTUSD,short,Market,10000,0.7878,0.782,107380000
2018-03-13 07:13:07,XBTUSD,short,Limit,10000,1.6618,0.044,107980000
2018-03-13 07:18:29,XBTUSD,long,Limit,10000,0.39,0.034,107910000
2018-03-13 07:22:25,XBTUSD,long,Limit,10000,0.2456,0.02,108390000
2018-03-13 07:23:05,XBTUSD,long,Limit,10000,0.5228,0.028,108340000
2018-03-13 07:24:29,XBTUSD,long,Limit,10000,0.3262,0.009,108370000
2018-03-13 07:25:27,XBTUSD,long,Limit,10000,0.1412,0.024,108420000
2018-03-13 07:27:48,XBTUSD,short,Market,10000,0.1763,0.019,108380000
2018-03-13 07:32:58,XBTUSD,long,Market,15000,0.2175,0.016,162780000
2018-03-13 07:39:48,XBTUSD,long,Market,15000,0.0374,0.027,163920000
2018-03-13 07:41:52,XBTUSD,long,Market,15000,0.2194,0.055,163920000
2018-03-13 07:42:19,XBTUSD,long,Market,15000,0.5935,0.022,163905000
2018-03-13 07:45:17,XBTUSD,long,Limit,15000,0.1983,0.011,163500000
2018-03-13 07:46:19,XBTUSD,short,Limit,15000,0.2721,0.01,163695000
2018-03-13 07:49:19,XBTUSD,long,Market,15000,0.1147,0.023,163650000
2018-03-13 07:49:39,XBTUSD,long,Market,15000,0.3665,0.016,163485000
2018-03-13 07:55:28,XBTUSD,short,Market,20000,0.3242,0.029,217920000
2018-03-13 08:04:28,XBTUSD,short,Market,20000,0.4761,0.062,218352783
2018-03-13 08:20:02,XBTUSD,long,Market,20000,-0.098,0.25,218220000
2018-03-13 08:29:20,XBTUSD,long,Market,20000,-0.5946,0.291,219500000
2018-03-13 08:30:09,XBTUSD,long,Market,20000,0.2583,0.155,219220000
2018-03-13 08:31:59,XBTUSD,long,Market,20000,0.8679,0.103,218720000
2018-03-13 08:35:37,XBTUSD,short,Market,20000,-0.0547,0.056,218600000
2018-03-13 08:37:17,XBTUSD,short,Market,20000,0.1606,0.019,219040000
2018-03-13 08:53:29,XBTUSD,long,Market,20000,0.7741,0.217,217460000
2018-03-13 08:56:33,XBTUSD,long,Market,20000,0.221,0.009,217920167
2018-03-13 09:08:24,XBTUSD,short,Market,20000,0.2228,0.05,217860000
2018-03-13 09:18:15,XBTUSD,long,Market,20000,0.9312,0.106,215820000
2018-03-13 09:21:49,XBTUSD,long,Market,20000,0.0734,0.046,215600000
2018-03-13 09:42:41,XBTUSD,short,Market,20000,-0.5878,0.32,214440000
2018-03-13 09:43:12,XBTUSD,short,Market,20000,-0.4044,0.269,214800000
2018-03-13 09:43:38,XBTUSD,short,Market,20000,0.2731,0.17,214820000
2018-03-13 09:47:59,XBTUSD,short,Market,20000,0.3105,0.206,214820000
2018-03-13 09:50:28,XBTUSD,long,Market,20000,0.1401,0.022,215240000
2018-03-13 09:53:22,XBTUSD,long,Market,20000,0.1451,0.013,216000000
2018-03-13 10:05:57,XBTUSD,long,Market,20000,-0.0835,0.011,215171394
2018-03-13 10:15:30,XBTUSD,long,Market,20000,-1.375,0.145,218700000
2018-03-13 10:20:46,XBTUSD,long,Market,20000,-1.0775,0.227,217909506
2018-03-13 10:29:33,XBTUSD,long,Limit,20000,-0.4026,0.33,217185826
2018-03-13 11:31:58,XBTUSD,long,Market,50000,0.3194,0.129,553850000
2018-03-13 11:35:07,XBTUSD,long,Market,50000,0.4197,0.171,553793845
2018-03-13 11:39:23,XBTUSD,long,Market,50000,0.2498,0.157,554525118
2018-03-13 11:41:12,XBTUSD,long,Market,50000,0.4659,0.105,553500000
2018-03-13 11:46:28,XBTUSD,long,Market,50000,0.0814,0.115,554210800
2018-03-13 12:07:42,XBTUSD,long,Market,50000,-0.1506,0.388,555952980
2018-03-13 12:19:17,XBTUSD,long,Market,50000,0.0138,0.384,555817670
2018-03-13 12:48:05,XBTUSD,long,Market,50000,-1.2431,0.633,564100000
2018-03-13 12:58:07,XBTUSD,long,Market,30000,-0.5579,0.544,337740000
2018-03-13 13:33:18,XBTUSD,long,Market,30000,3.5268,0.773,326417272
2018-03-13 16:45:50,XBTUSD,long,Market,30000,4.6538,3.918,323400000
2018-03-13 23:05:26,XBTUSD,long,Market,30000,2.3255,10.117,327510000
2018-03-14 03:57:53,XBTUSD,long,Market,30000,2.4222,14.246,324210000
2018-03-14 10:21:20,XBTUSD,long,Market,20000,-2.1618,0.139,229560000
2018-03-14 10:45:38,XBTUSD,long,Market,10000,-0.5706,0.292,114780000
2018-03-14 11:10:02,XBTUSD,short,Market,10000,1.4788,0.162,116323950
2018-03-14 12:45:54,XBTUSD,long,Limit,30000,0.0923,1.506,344880000
2018-03-14 15:55:45,XBTUSD,long,Limit,60000,0.2049,0.934,688440000
2018-03-14 17:16:33,XBTUSD,long,Limit,60000,0.467,0.174,722163557
2018-03-14 18:13:08,XBTUSD,long,Limit,30000,0.5453,0.166,361590000
2018-03-14 18:34:54,XBTUSD,long,Market,60000,0.9542,0.367,722880000
2018-03-14 19:52:36,XBTUSD,long,Limit,30000,0.4856,1.182,361590000
2018-03-14 22:05:21,XBTUSD,long,Limit,1000,-1.0601,2.063,12315000
2018-03-14 22:06:09,XBTUSD,long,Limit,9000,-1.1271,2.076,110916000
2018-03-14 22:07:56,XBTUSD,long,Limit,10000,-0.8042,2.106,122840000
2018-03-14 22:12:20,XBTUSD,long,Limit,10000,-0.8468,2.179,122890000
2018-03-14 22:17:38,XBTUSD,long,Limit,30000,1.8972,0.502,367470000
2018-03-15 05:04:37,XBTUSD,short,Limit,30000,1.0808,0.191,381150000
2018-03-15 05:18:50,XBTUSD,long,Market,30000,0.2754,0.098,383220000
2018-03-15 06:07:59,XBTUSD,long,Market,30000,-1.5234,0.558,390294394
2018-03-15 06:11:27,XBTUSD,long,Market,30000,-0.4881,0.172,388260000
2018-03-15 06:22:39,XBTUSD,long,Limit,30000,1.1358,0.235,387240000
2018-03-15 06:24:08,XBTUSD,long,Limit,30000,0.8825,0.114,385920000
2018-03-15 06:35:43,XBTUSD,long,Limit,30000,0.7309,0.076,385260000
2018-03-15 06:44:50,XBTUSD,long,Market,30000,0.3594,0.074,382502419
2018-03-15 08:02:10,XBTUSD,short,Limit,30000,1.2946,0.333,383640000
2018-03-15 09:34:10,XBTUSD,short,Limit,30000,0.3948,0.023,365820000
2018-03-15 12:11:22,XBTUSD,long,Market,30000,-0.3473,0.163,366870000
2018-03-15 12:19:49,XBTUSD,short,Limit,30000,0.3354,0.051,367170000
2018-03-15 13:06:34,XBTUSD,short,Limit,30000,-0.5561,0.46,364620000
2018-03-15 19:20:10,XBTUSD,short,Limit,30000,0.4069,0.026,365910000
2018-03-15 19:42:53,XBTUSD,short,Limit,30000,0.5329,0.025,361200000
2018-03-15 22:46:43,XBTUSD,long,Limit,40000,0.2311,0.005,483440000
2018-03-16 01:51:11,XBTUSD,long,Limit,40000,0.4536,0.019,503980953
2018-03-16 01:52:52,XBTUSD,long,Limit,40000,0.2402,0.014,504520000
2018-03-16 03:10:21,XBTUSD,short,Limit,40000,0.3211,0.153,496600000
2018-03-16 03:46:57,XBTUSD,short,Limit,40000,0.6173,0.65,496880000
2018-03-16 04:56:12,XBTUSD,short,Limit,40000,-1.1745,0.479,488800000
2018-03-16 05:02:55,XBTUSD,short,Limit,40000,-0.0795,0.377,488960000
2018-03-16 05:35:58,XBTUSD,short,Limit,40000,0.1698,0.587,488120000
2018-03-16 05:42:32,XBTUSD,short,Limit,40000,0.2248,0.14,487120000
2018-03-16 05:53:24,XBTUSD,short,Limit,40000,0.5995,0.238,489720000
2018-03-16 05:57:09,XBTUSD,short,Limit,40000,0.2444,0.057,490040000
2018-03-16 06:14:49,XBTUSD,short,Limit,40000,-0.1959,0.254,488680000
2018-03-16 06:15:18,XBTUSD,short,Limit,40000,0.084,0.214,488920000
2018-03-16 06:15:21,XBTUSD,short,Limit,40000,0.2803,0.052,488920000
2018-03-16 06:36:22,XBTUSD,short,Limit,40000,-0.2503,0.337,487200000
2018-03-16 06:46:50,XBTUSD,short,Limit,40000,-0.0366,0.482,487480000
2018-03-16 06:50:12,XBTUSD,short,Limit,40000,0.7612,0.221,488815018
2018-03-16 06:54:35,XBTUSD,long,Limit,40000,0.2925,0.016,489320000
2018-03-16 07:21:08,XBTUSD,short,Limit,40000,-0.0855,0.396,488160000
2018-03-16 07:40:52,XBTUSD,short,Limit,40000,-0.4702,0.349,485142068
2018-03-16 07:57:42,XBTUSD,short,Limit,40000,-0.1702,0.523,485400000
2018-03-16 08:01:55,XBTUSD,short,Limit,40000,0.962,0.38,488000000
2018-03-16 08:05:20,XBTUSD,short,Limit,40000,1.2923,0.237,489440000
2018-03-16 08:29:23,XBTUSD,short,Limit,40000,-0.1706,0.428,486600000
2018-03-16 08:30:18,XBTUSD,short,Limit,40000,0.0671,0.382,488320000
2018-03-16 08:34:05,XBTUSD,short,Limit,40000,0.7511,0.284,488240000
2018-03-16 09:00:25,XBTUSD,short,Limit,1835,0.3225,0.481,22403515
2018-03-16 09:01:07,XBTUSD,short,Limit,50000,0.5042,0.478,611750000
2018-03-16 09:01:26,XBTUSD,short,Market,1835,0.1767,0.434,22405350
2018-03-16 09:04:29,XBTUSD,short,Limit,50000,1.3666,0.426,617577081
2018-03-16 09:10:35,XBTUSD,long,Limit,50000,0.3027,0.008,616871425
2018-03-16 09:24:09,XBTUSD,short,Limit,50000,-0.5912,0.031,613100000
2018-03-16 09:28:28,XBTUSD,short,Limit,50000,-0.0913,0.082,610850000
2018-03-16 09:29:33,XBTUSD,short,Limit,50000,0.065,0.099,611900000
2018-03-16 09:33:59,XBTUSD,short,Limit,50000,0.729,0.122,612750000
2018-03-16 09:48:10,XBTUSD,short,Limit,27091,0.2751,0.262,332189842
2018-03-16 09:52:48,XBTUSD,short,Limit,50000,0.6993,0.261,615041329
2018-03-16 10:03:56,XBTUSD,short,Limit,50000,0.0383,0.299,611600000
2018-03-16 10:11:26,XBTUSD,short,Limit,50000,0.3362,0.223,613400000
2018-03-16 10:15:14,XBTUSD,short,Limit,17766,0.8303,0.249,218489155
2018-03-16 10:16:03,XBTUSD,short,Limit,32234,0.7214,0.265,395962456
2018-03-16 10:24:15,XBTUSD,short,Limit,50000,0.3443,0.169,614216284
2018-03-16 10:36:19,XBTUSD,long,Limit,50000,0.4733,0.014,615861623
2018-03-16 11:04:40,XBTUSD,long,Limit,50000,0.2653,0.04,615400000
2018-03-16 11:45:41,XBTUSD,long,Limit,50000,1.1455,0.481,609006219
2018-03-16 11:53:52,XBTUSD,long,Limit,50000,0.0793,0.099,609250000
2018-03-16 14:10:14,XBTUSD,long,Limit,60000,1.6361,0.491,699443200
2018-03-16 14:40:13,XBTUSD,short,Limit,30000,0.527,0.188,355170000
2018-03-16 15:01:39,XBTUSD,short,Limit,30000,0.4645,0.521,354420000
2018-03-16 17:59:28,XBTUSD,short,Limit,30000,0.4702,2.922,354330000
2018-03-16 23:40:53,XBTUSD,long,Limit,70000,0.5782,0.019,838390000
2018-03-17 04:04:17,XBTUSD,long,Limit,70000,-0.6932,0.725,858970000
2018-03-17 04:25:38,XBTUSD,long,Limit,70000,-0.0634,0.373,860950697
2018-03-17 04:39:43,XBTUSD,long,Limit,70000,0.246,0.373,859040000
2018-03-17 04:49:15,XBTUSD,long,Limit,70000,0.6332,0.243,855190000
2018-03-17 04:59:32,XBTUSD,long,Limit,70000,0.1836,0.145,855050000
2018-03-17 05:31:17,XBTUSD,long,Limit,70000,-0.1897,0.51,858270000
2018-03-17 05:45:22,XBTUSD,short,Limit,17131,0.098,0.067,210077453
2018-03-17 06:22:57,XBTUSD,long,Limit,70000,0.4246,0.209,857780000
2018-03-17 09:00:59,XBTUSD,long,Limit,70000,0.205,0.024,842520000
2018-03-17 09:19:33,XBTUSD,long,Limit,70000,0.2412,0.233,842030000
2018-03-19 05:18:41,XBTUSD,short,Limit,70000,0.8297,0.023,843360000
2018-03-19 05:21:35,XBTUSD,short,Limit,5000,0.3967,0.021,60340000
2018-03-19 05:22:47,XBTUSD,short,Limit,5000,0.4568,0.041,60375000
2018-03-19 05:23:02,XBTUSD,short,Limit,18990,0.4748,0.045,229342230
2018-03-19 05:23:20,XBTUSD,short,Limit,46010,0.394,0.046,555386710
2018-03-19 12:00:46,XBTUSD,short,Limit,70000,-0.8127,1.227,842240000
2018-03-19 12:06:53,XBTUSD,short,Limit,70000,0.1813,0.422,844620000
2018-03-19 13:01:04,XBTUSD,short,Limit,70000,0.9642,1.128,845875092
2018-03-19 13:12:34,XBTUSD,short,Limit,70000,0.7729,0.827,849060000
2018-03-19 13:23:54,XBTUSD,long,Limit,70000,0.7575,0.056,838172409
2018-03-19 13:41:25,XBTUSD,long,Limit,70000,1.1024,0.281,834190000
2018-03-19 14:12:13,XBTUSD,short,Limit,70000,-0.5397,0.49,816830000
2018-03-19 14:21:23,XBTUSD,short,Limit,70000,0.9023,0.585,822430000
2018-03-19 14:31:25,XBTUSD,short,Limit,70000,0.146,0.43,818580000
2018-03-19 14:35:26,XBTUSD,short,Limit,70000,1.716,0.351,819741575
2018-03-19 14:49:59,XBTUSD,short,Limit,70000,0.5886,0.586,812700000
2018-03-19 15:08:38,XBTUSD,short,Limit,70000,0.3147,0.344,818580000
2018-03-19 15:10:06,XBTUSD,short,Limit,70000,0.9997,0.349,821940000
2018-03-19 15:14:38,XBTUSD,short,Limit,70000,1.2973,0.423,821450000
2018-03-19 15:26:38,XBTUSD,long,Limit,51330,0.3764,0.011,601536270
2018-03-19 15:26:58,XBTUSD,long,Market,18670,0.3277,0.016,218896118
2018-03-19 16:58:39,XBTUSD,short,Limit,70000,0.8976,1.309,823410000
2018-03-19 17:01:17,XBTUSD,long,Limit,70000,-0.9092,0.042,835847371
2018-03-19 17:18:12,XBTUSD,short,Limit,51207,0.8637,0.273,616122624
2018-03-19 17:23:07,XBTUSD,short,Limit,88793,0.7175,0.24,1068357376
2018-03-19 17:23:24,XBTUSD,short,Limit,70000,0.9223,0.052,846300000
2018-03-19 17:36:14,XBTUSD,short,Limit,70000,-0.0842,0.136,841190000
2018-03-19 17:44:08,XBTUSD,short,Limit,70000,0.3012,0.168,841190000
2018-03-19 17:44:46,XBTUSD,short,Limit,1500,0.6692,0.054,18045000
2018-03-19 17:45:53,XBTUSD,short,Limit,68500,0.6214,0.072,823644000
2018-03-19 19:16:47,XBTUSD,short,Limit,71500,0.5131,0.016,848566444
2018-03-19 19:24:15,XBTUSD,long,Limit,70000,0.2594,0.005,833490000
2018-03-19 20:09:29,XBTUSD,short,Limit,70000,0.513,0.011,829710000
2018-03-20 04:19:45,XBTUSD,short,Limit,90000,0.4442,0.314,1054980000
2018-03-20 04:51:10,XBTUSD,long,Limit,90000,-0.2989,0.209,1058220000
2018-03-20 05:06:02,XBTUSD,long,Limit,90000,0.3214,0.015,1067850000
2018-03-20 05:21:09,XBTUSD,short,Limit,24185,0.1771,0.034,286084365
2018-03-20 05:29:38,XBTUSD,long,Limit,24185,0.1364,0.024,286447140
2018-03-20 06:29:35,XBTUSD,short,Limit,30304,0.0002,0.083,355617440
2018-03-20 06:32:59,XBTUSD,short,Limit,90000,0.2135,0.136,1057230000
2018-03-20 06:49:42,XBTUSD,short,Limit,59610,0.2578,0.061,700357890
2018-03-20 07:58:56,XBTUSD,long,Limit,90000,0.3418,0.034,1071630000
2018-03-20 13:13:48,XBTUSD,short,Limit,56635,0.2164,0.019,663818835
2018-03-20 16:26:49,XBTUSD,short,Limit,90000,-1.5361,0.154,1023750000
2018-03-20 16:42:54,XBTUSD,short,Limit,90000,-0.6993,0.402,1023750000
2018-03-20 17:13:47,XBTUSD,short,Limit,90000,-0.8373,0.863,1023750000
2018-03-20 17:29:59,XBTUSD,short,Limit,90000,0.7058,1.086,1023570000
2018-03-20 17:47:58,XBTUSD,short,Limit,90000,-0.1474,1.333,1019070000
2018-03-20 18:02:48,XBTUSD,short,Limit,90000,-0.1305,1.58,1020240000
2018-03-20 18:12:48,XBTUSD,short,Limit,46178,-0.6101,1.317,520980196
2018-03-20 18:13:41,XBTUSD,short,Limit,46178,-0.3578,1.324,522273180
2018-03-20 18:22:42,XBTUSD,short,Limit,46178,-0.2497,1.323,522873494
2018-03-20 18:24:07,XBTUSD,short,Limit,46178,0.0897,1.328,524674436
2018-03-20 18:29:25,XBTUSD,short,Limit,90000,0.1024,1.216,1022760000
2018-03-20 19:17:23,XBTUSD,short,Limit,90000,0.1663,1.575,1022130000
2018-03-20 19:54:53,XBTUSD,short,Market,200000,-1.1028,2.148,2236267579
2018-03-20 21:53:47,XBTUSD,short,Limit,100000,0.35,1.769,1115000000
2018-03-21 01:40:42,XBTUSD,short,Limit,100000,0.0839,5.238,1118400000
2018-03-21 01:52:48,XBTUSD,short,Limit,100000,-0.7858,5.156,1114855500
2018-03-21 01:53:02,XBTUSD,short,Limit,100000,-0.7355,5.16,1115800000
2018-03-21 02:45:12,XBTUSD,short,Limit,20494,-0.1645,5.983,229184402
2018-03-21 02:47:54,XBTUSD,short,Limit,29506,-0.1624,6.028,329995104
2018-03-21 03:58:27,XBTUSD,short,Limit,50000,-0.89,7.204,555150000
2018-03-21 03:59:05,XBTUSD,short,Limit,38413,-0.5527,5.905,426537952
2018-03-21 04:03:17,XBTUSD,short,Limit,50000,-0.6588,5.975,554650000
2018-03-21 04:38:29,XBTUSD,short,Limit,50000,-1.4658,2.293,550250000
2018-03-21 04:43:08,XBTUSD,short,Limit,50000,-0.7671,0.862,551150000
2018-03-21 05:12:15,XBTUSD,short,Limit,50000,-0.3249,1.245,551600000
2018-03-21 05:39:06,XBTUSD,short,Limit,50000,-0.4098,1.459,551550000
2018-03-21 05:59:33,XBTUSD,short,Limit,50000,0.1981,1.596,553965053
2018-03-21 06:01:52,XBTUSD,short,Limit,50000,0.7385,1.587,553619665
2018-03-21 06:04:33,XBTUSD,short,Limit,50000,0.703,1.318,554039437
2018-03-21 06:08:06,XBTUSD,short,Limit,50000,0.7728,0.876,554416000
2018-03-21 06:09:04,XBTUSD,short,Limit,50000,0.8746,0.875,554950000
2018-03-21 06:41:34,XBTUSD,short,Limit,50000,-0.0534,0.683,552500000
2018-03-21 07:16:19,XBTUSD,short,Limit,50000,-0.3101,1.11,552100000
2018-03-21 07:19:27,XBTUSD,short,Limit,50000,-0.1108,1.077,553200000
2018-03-21 07:20:32,XBTUSD,short,Limit,50000,0.1631,1.065,554400000
2018-03-21 07:21:01,XBTUSD,short,Limit,50000,0.166,1.062,554300000
2018-03-21 07:22:18,XBTUSD,short,Limit,50000,0.3153,1.065,554950000
2018-03-21 07:38:57,XBTUSD,short,Limit,50000,0.4287,1.249,555128190
2018-03-21 07:41:43,XBTUSD,short,Limit,50000,0.4252,1.253,554650000
2018-03-21 07:43:54,XBTUSD,short,Limit,50000,2.0013,1.081,562600000
2018-03-21 07:44:17,XBTUSD,short,Limit,50000,1.9284,1.058,561800000
2018-03-21 07:59:06,XBTUSD,short,Limit,50000,1.5171,1.228,560150000
2018-03-21 08:01:03,XBTUSD,short,Limit,50000,1.4582,0.533,561672891
2018-03-21 08:01:32,XBTUSD,short,Limit,39303,0.3977,0.264,442040841
2018-03-21 08:02:24,XBTUSD,short,Limit,10697,0.1904,0.277,120052431
2018-03-21 08:07:50,XBTUSD,short,Limit,10697,-0.0392,0.336,119763612
2018-03-21 08:09:26,XBTUSD,short,Limit,50000,0.038,0.355,560150000
2018-03-21 08:10:25,XBTUSD,short,Limit,50000,0.1511,0.351,560450000
2018-03-21 08:10:52,XBTUSD,short,Limit,38478,0.1456,0.351,431288511
2018-03-21 08:11:14,XBTUSD,short,Limit,11522,0.1584,0.323,129114350
2018-03-21 08:34:38,XBTUSD,short,Limit,50000,-0.0096,0.704,559200000
2018-03-21 09:30:14,XBTUSD,short,Limit,100000,-1.1671,1.5,1105932098
2018-03-21 09:37:31,XBTUSD,short,Limit,100000,-0.9893,1.285,1106900000
2018-03-21 15:19:49,XBTUSD,short,Limit,200000,-1.5791,6.784,2197200000
2018-03-21 15:24:52,XBTUSD,short,Limit,10425,-1.3414,5.977,114039075
2018-03-21 15:29:04,XBTUSD,short,Limit,16380,-1.3224,6.047,179229960
2018-03-21 16:01:39,XBTUSD,short,Limit,100000,-0.076,6.519,1105200000
2018-03-21 16:05:02,XBTUSD,short,Limit,100000,2.0275,4.885,1122900000
2018-03-21 16:17:35,XBTUSD,short,Limit,100000,3.4106,0.818,1133112292
2018-03-21 16:18:07,XBTUSD,short,Limit,100000,2.8075,0.406,1127137150
2018-03-21 16:20:57,XBTUSD,short,Limit,100000,0.9487,0.24,1127879761
2018-03-21 17:23:44,XBTUSD,short,Limit,100000,1.4272,0.985,1140100000
2018-03-21 17:40:10,XBTUSD,short,Limit,17000,1.2733,1.171,193188000
2018-03-22 03:44:37,XBTUSD,short,Limit,100000,-0.818,11.244,1112249711
2018-03-22 03:47:52,XBTUSD,short,Limit,100000,-0.8956,11.078,1111200000
2018-03-22 04:33:58,XBTUSD,short,Limit,100000,-1.7989,10.723,1111400000
2018-03-22 04:54:59,XBTUSD,short,Limit,100000,-1.9181,10.976,1106315500
2018-03-22 04:56:48,XBTUSD,short,Limit,100000,-1.3783,10.431,1107600000
2018-03-22 05:07:28,XBTUSD,short,Limit,100000,-0.344,1.368,1105629247
2018-03-22 05:46:00,XBTUSD,short,Limit,100000,0.0055,1.812,1109000000
2018-03-22 05:48:21,XBTUSD,short,Limit,100000,0.2271,0.878,1110200000
2018-03-22 06:24:00,XBTUSD,short,Limit,100000,0.2742,1.153,1109600000
2018-03-22 07:19:19,XBTUSD,short,Limit,100000,0.2618,0.019,1117100000
2018-03-22 07:19:37,XBTUSD,short,Limit,100000,0.273,0.02,1117300000
2018-03-22 07:24:07,XBTUSD,short,Limit,100000,0.1551,0.066,1116500000
2018-03-22 07:26:02,XBTUSD,short,Limit,100000,0.3289,0.051,1118500000
2018-03-22 08:26:06,XBTUSD,short,Limit,100000,-0.1183,0.556,1113250895
2018-03-22 08:26:20,XBTUSD,short,Limit,100000,-0.1852,0.495,1113091096
2018-03-22 08:34:19,XBTUSD,long,Limit,100000,0.0051,0.081,1113408208
2018-03-22 08:56:13,XBTUSD,short,Limit,100000,-0.0457,0.273,1112678068
2018-03-22 09:05:39,XBTUSD,long,Limit,100000,0.4127,0.127,1106500000
2018-03-22 09:34:09,XBTUSD,long,Limit,100000,-0.7173,0.091,1137800000
2018-03-22 09:35:53,XBTUSD,long,Limit,100000,0.8043,0.075,1136600000
2018-03-22 09:45:07,XBTUSD,short,Limit,100000,0.7035,0.145,1142700000
2018-03-22 09:50:02,XBTUSD,short,Limit,100000,0.5916,0.224,1141400000
2018-03-22 09:50:38,XBTUSD,short,Limit,200000,0.5519,0.157,2284434000
2018-03-22 09:51:18,XBTUSD,short,Limit,20307,0.6304,0.167,232129317
2018-03-22 10:07:42,XBTUSD,short,Limit,113532,-0.0783,0.012,1300849656
2018-03-22 10:12:50,XBTUSD,short,Limit,200000,-0.1231,0.095,2290600000
2018-03-22 10:12:50,XBTUSD,short,Limit,186468,0.017,0.086,2136736812
2018-03-22 10:20:51,XBTUSD,long,Limit,13532,-0.0917,0.13,155212040
2018-03-22 10:34:24,XBTUSD,long,Limit,200000,-0.0344,0.307,2291400000
2018-03-22 10:35:14,XBTUSD,long,Limit,153662,0.1261,0.301,1759583562
2018-03-22 10:36:22,XBTUSD,long,Limit,46338,0.0803,0.32,530894466
2018-03-22 10:39:46,XBTUSD,long,Limit,200000,0.6368,0.368,2287400000
2018-03-22 10:58:11,XBTUSD,long,Limit,120000,0.1949,0.034,1373280000
2018-03-22 11:28:56,XBTUSD,long,Limit,120000,0.2587,0.161,1376400000
2018-03-22 11:29:33,XBTUSD,long,Limit,92904,0.3855,0.129,1065144360
2018-03-22 11:29:48,XBTUSD,long,Limit,27096,0.3971,0.133,310601448
2018-03-29 05:03:27,XBTUSD,long,Limit,50000,-0.0617,0.165,655450000
2018-03-29 05:39:43,XBTUSD,long,Limit,50000,-0.1047,0.742,655100000
2018-03-29 06:03:14,XBTUSD,long,Limit,30000,-0.4276,1.046,396420000
2018-03-29 06:50:54,XBTUSD,long,Limit,50000,0.0158,1.55,657100000
2018-03-29 06:56:29,XBTUSD,long,Limit,50000,0.2631,1.265,657350000
2018-03-29 08:14:53,XBTUSD,long,Limit,50000,-0.4591,2.338,665100000
2018-03-29 08:30:36,XBTUSD,long,Limit,50000,-0.7701,1.653,663300000
2018-03-29 08:49:47,XBTUSD,long,Limit,50000,1.035,0.66,660900000
2018-03-29 08:51:49,XBTUSD,long,Limit,50000,0.432,0.464,661800000
2018-03-29 08:56:02,XBTUSD,long,Limit,50000,0.4189,0.396,662200000
2018-03-29 09:02:42,XBTUSD,long,Limit,50000,0.2319,0.155,661100000
2018-03-29 09:07:56,XBTUSD,long,Limit,50000,0.1921,0.056,661300000
2018-03-29 09:11:23,XBTUSD,long,Limit,50000,0.0527,0.034,661750000
2018-03-29 09:23:52,XBTUSD,long,Limit,50000,0.1194,0.107,662650000
2018-03-29 10:35:03,XBTUSD,long,Limit,25000,-0.3725,1.129,333875000
2018-03-29 10:48:10,XBTUSD,long,Limit,50000,-0.2229,1.347,666950000
2018-03-29 11:05:56,XBTUSD,long,Limit,38856,-0.0963,1.542,518501304
2018-03-29 11:14:49,XBTUSD,long,Limit,11144,0.127,1.507,148750112
2018-03-29 11:36:09,XBTUSD,long,Limit,20000,-0.3542,1.862,268240000
2018-03-29 12:02:43,XBTUSD,long,Limit,30000,0.5809,1.652,399719960
2018-03-29 12:02:52,XBTUSD,long,Limit,20000,0.5422,1.339,266320000
2018-03-29 12:12:02,XBTUSD,long,Limit,50000,0.7356,1.404,664650000
2018-03-29 12:16:17,XBTUSD,long,Limit,50000,0.5969,1.199,665150000
2018-03-29 12:18:44,XBTUSD,long,Limit,50000,0.7044,0.941,664900000
2018-03-29 13:15:04,XBTUSD,long,Limit,50000,0.5594,1.776,666700000
2018-03-29 13:16:55,XBTUSD,long,Limit,50000,-0.1076,1.159,666350000
2018-03-29 13:19:10,XBTUSD,long,Limit,50000,0.2866,0.964,664650000
2018-03-29 13:20:24,XBTUSD,long,Limit,50000,0.3449,0.962,665050000
2018-03-29 14:27:34,XBTUSD,long,Limit,20000,-1.245,1.825,271120000
2018-03-29 14:50:55,XBTUSD,long,Limit,50000,-1.1965,1.822,676354990
2018-03-29 14:52:50,XBTUSD,long,Limit,29426,-1.0956,1.267,396701702
2018-03-29 14:54:42,XBTUSD,long,Limit,20574,-0.9625,1.229,277646130
2018-03-29 15:01:13,XBTUSD,long,Limit,50000,-0.9124,1.316,675700000
2018-03-29 15:01:16,XBTUSD,long,Limit,50000,-0.884,1.265,675700000
2018-03-29 15:05:25,XBTUSD,long,Limit,50000,-0.453,1.146,674650000
2018-03-29 15:05:40,XBTUSD,long,Limit,50000,0.3037,0.143,674997000
2018-03-29 15:07:57,XBTUSD,long,Limit,50000,0.3657,0.145,674750000
2018-03-29 15:16:47,XBTUSD,long,Limit,50000,0.0946,0.13,674900000
2018-03-29 15:17:40,XBTUSD,long,Limit,50000,0.3653,0.096,674100000
2018-03-29 15:31:16,XBTUSD,short,Limit,50000,0.3812,0.162,676150000
2018-03-29 15:43:21,XBTUSD,long,Limit,50000,0.1623,0.19,675350000
2018-03-29 16:02:59,XBTUSD,long,Limit,50000,1.6791,0.509,665493102
2018-03-29 16:03:12,XBTUSD,long,Limit,50000,1.6438,0.19,665500000
2018-03-29 16:12:37,XBTUSD,long,Limit,50000,1.5966,0.325,665900000
2018-03-29 16:13:02,XBTUSD,long,Limit,50000,1.4662,0.293,665900000
2018-03-29 16:19:07,XBTUSD,long,Limit,50000,0.7341,0.248,662450000
2018-03-29 16:19:43,XBTUSD,long,Limit,50000,0.61,0.2,663851792
2018-03-29 16:27:08,XBTUSD,short,Limit,2100,0.1329,0.119,27953100
2018-03-29 16:29:40,XBTUSD,short,Limit,47900,0.1462,0.159,637692700
2018-03-29 16:42:28,XBTUSD,short,Limit,50000,0.2458,0.343,666100000
2018-03-29 16:43:31,XBTUSD,short,Limit,50000,0.4575,0.337,666150000
2018-03-29 16:53:57,XBTUSD,short,Limit,50000,0.5301,0.271,667850000
2018-03-29 20:10:02,XBTM18,long,Limit,60000,-4.5544,3.752,886920000
2018-03-30 00:41:17,XBTUSD,short,Limit,6296,0.0659,0.018,92274176
2018-03-30 00:46:36,XBTUSD,long,Limit,50000,0.2956,0.056,736700000
2018-03-30 01:11:29,XBTUSD,short,Limit,50000,1.075,0.179,746000000
2018-03-30 01:23:23,XBTUSD,long,Limit,50000,0.9793,0.102,741685077
2018-03-30 01:36:22,XBTUSD,long,Limit,50000,0.9804,0.151,736508175
2018-03-30 01:43:44,XBTUSD,short,Limit,50000,0.7196,0.111,741250000
2018-03-30 01:44:51,XBTUSD,short,Limit,50000,1.0108,0.055,744300000
2018-03-30 01:49:15,XBTUSD,short,Limit,50000,-0.5285,0.054,737396300
2018-03-30 01:56:28,XBTUSD,short,Limit,50000,0.2508,0.14,738950000
2018-03-30 01:56:44,XBTUSD,short,Limit,50000,0.2805,0.111,739500000
2018-03-30 01:57:03,XBTUSD,short,Limit,14833,0.9059,0.066,219445566
2018-03-30 02:02:17,XBTUSD,short,Limit,50000,0.0685,0.118,735697170
2018-03-30 02:02:22,XBTUSD,short,Limit,50000,-0.0737,0.065,736400000
2018-03-30 02:08:50,XBTUSD,short,Limit,50000,-0.3789,0.159,731650000
2018-03-30 02:12:50,XBTUSD,short,Limit,50000,0.551,0.2,734600000
2018-03-30 02:12:53,XBTUSD,short,Limit,50000,0.0436,0.146,734147164
2018-03-30 02:14:16,XBTUSD,short,Limit,50000,0.7598,0.11,736200000
2018-03-30 02:14:32,XBTUSD,short,Limit,50000,0.7151,0.065,736400000
2018-03-30 02:17:34,XBTUSD,short,Limit,47195,0.6151,0.069,695418325
2018-03-30 02:18:57,XBTUSD,short,Limit,47195,0.5427,0.048,696975760
2018-03-30 02:19:17,XBTUSD,short,Limit,5610,0.7051,0.05,82994340
2018-03-30 02:22:53,XBTUSD,short,Limit,50000,0.4128,0.028,740150000
2018-03-30 02:28:24,XBTUSD,long,Limit,50000,0.111,0.034,739100000
2018-03-30 02:43:16,XBTUSD,short,Limit,50000,0.3773,0.24,742650000
2018-03-30 03:08:13,XBTUSD,short,Limit,50000,-0.7929,0.339,733822905
2018-03-30 03:09:49,XBTUSD,short,Limit,50000,-0.3032,0.366,737300000
2018-03-30 03:10:49,XBTUSD,short,Limit,50000,0.2133,0.182,736900000
2018-03-30 03:11:05,XBTUSD,short,Limit,50000,0.4254,0.174,736550000
2018-03-30 03:14:01,XBTUSD,short,Limit,50000,0.8852,0.131,738950000
2018-03-30 03:14:23,XBTUSD,short,Limit,50000,0.7774,0.097,739150000
2018-03-30 03:53:35,XBTUSD,short,Limit,50000,-0.1788,0.61,736250000
2018-03-30 03:53:47,XBTUSD,short,Limit,50000,0.1516,0.427,736400000
2018-03-30 04:02:40,XBTUSD,short,Limit,50000,0.0367,0.486,734600000
2018-03-30 04:03:12,XBTUSD,short,Limit,50000,0.458,0.461,735150000
2018-03-30 04:03:42,XBTUSD,short,Limit,50000,0.571,0.259,736200000
2018-03-30 04:04:26,XBTUSD,short,Limit,50000,0.198,0.119,735348756
2018-03-30 04:05:05,XBTUSD,short,Limit,50000,0.4761,0.066,736000000
2018-03-30 04:19:05,XBTUSD,long,Limit,27322,-1.0094,0.154,409151018
2018-03-30 04:21:39,XBTUSD,long,Limit,50000,-1.2108,0.156,749678319
2018-03-30 04:21:53,XBTUSD,long,Limit,10000,-1.347,0.126,150040000
2018-03-30 04:22:45,XBTUSD,long,Limit,50000,-0.5201,0.114,750350000
2018-03-30 04:22:49,XBTUSD,long,Limit,50000,-0.3103,0.103,750773701
2018-03-30 04:22:55,XBTUSD,long,Limit,50000,-0.1042,0.057,751187514
2018-03-30 04:24:44,XBTUSD,short,Limit,50000,0.3791,0.028,755217636
2018-03-30 04:25:40,XBTUSD,short,Limit,50000,0.5191,0.042,756250000
2018-03-30 04:26:03,XBTUSD,short,Limit,50000,0.8762,0.047,759380694
2018-03-30 04:28:46,XBTUSD,long,Limit,50000,0.2128,0.027,758250000
2018-03-30 04:28:52,XBTUSD,long,Limit,50000,0.4877,0.022,758250000
2018-03-30 04:29:12,XBTUSD,long,Limit,50000,0.5408,0.026,757600000
2018-03-30 04:33:29,XBTUSD,long,Limit,50000,0.2249,0.04,757552614
2018-03-30 04:37:27,XBTUSD,short,Limit,50000,0.2562,0.019,755450000
2018-03-30 04:45:38,XBTUSD,short,Limit,50000,0.3815,0.151,756450000
2018-03-30 04:47:08,XBTUSD,short,Limit,50000,0.2262,0.138,755700000
2018-03-30 04:54:49,XBTUSD,short,Limit,50000,0.2857,0.049,754250000
2018-03-30 07:58:05,XBTUSD,short,Limit,50000,0.5727,0.114,701000000
2018-03-30 08:03:39,XBTUSD,short,Limit,50000,-0.2534,0.192,696100000
2018-03-30 08:04:59,XBTUSD,short,Limit,50000,-0.5872,0.097,695251500
2018-03-30 08:05:04,XBTUSD,short,Limit,50000,-0.4195,0.07,694592469
2018-03-30 08:06:42,XBTUSD,short,Limit,36752,-0.1225,0.039,510889552
2018-03-30 08:12:42,XBTUSD,short,Limit,50000,0.5125,0.12,698336819
2018-03-30 08:13:59,XBTUSD,short,Limit,50000,0.7842,0.128,700351414
2018-03-30 08:16:06,XBTUSD,short,Limit,50000,0.8668,0.154,701850000
2018-03-30 08:38:22,XBTUSD,short,Limit,50000,0.2031,0.35,701900000
2018-03-30 08:41:23,XBTUSD,short,Limit,50000,0.5879,0.381,704000000
2018-03-30 08:41:46,XBTUSD,short,Limit,50000,0.8244,0.365,704450000
2018-03-30 08:41:58,XBTUSD,short,Limit,50000,0.2357,0.027,703800000
2018-03-30 08:50:15,XBTUSD,short,Limit,50000,0.0704,0.104,702400000
2018-03-30 08:51:34,XBTUSD,short,Limit,50000,0.4413,0.116,703550000
2018-03-30 09:09:17,XBTUSD,long,Limit,50000,0.9409,0.162,700200000
2018-03-30 09:47:14,XBTUSD,long,Limit,50000,-0.2993,0.788,708119689
2018-03-30 10:01:32,XBTUSD,long,Limit,1500,-0.2203,0.283,21367500
2018-03-30 10:09:56,XBTUSD,long,Limit,1500,0.1635,0.423,21285000
2018-03-30 10:10:13,XBTUSD,long,Limit,48500,0.1517,0.421,688312000
2018-03-30 10:10:20,XBTUSD,long,Limit,40547,0.2134,0.211,575524118
2018-03-30 10:10:50,XBTUSD,long,Market,9453,0.2417,0.21,134213694
2018-03-30 11:21:13,XBTUSD,long,Limit,50000,-1.0317,1.155,717300000
2018-03-30 15:04:17,XBTUSD,long,Market,50000,-2.3333,4.248,739650000
2018-03-30 15:04:23,XBTM18,long,Market,20000,1.7485,10.248,303808369
2018-03-30 15:37:48,XBTUSD,short,Limit,20000,1.4139,0.525,297240000
2018-03-30 16:32:55,XBTUSD,short,Limit,80000,-1.2444,0.298,1166857569
2018-03-30 16:48:47,XBTUSD,short,Limit,50000,3.8026,0.301,757871509
2018-03-30 16:49:53,XBTUSD,short,Limit,50000,4.5447,0.296,762450000
2018-03-30 16:52:22,XBTUSD,short,Limit,50000,0.6989,0.028,759649500
2018-03-30 16:52:29,XBTUSD,short,Limit,50000,0.6723,0.024,759517348
2018-03-30 17:07:44,XBTUSD,short,Limit,50000,0.1816,0.183,748814490
2018-03-31 02:26:44,XBTUSD,short,Limit,70000,0.2608,0.063,998270000
2018-03-31 02:31:37,XBTUSD,long,Limit,70000,0.2053,0.022,993541321
2018-03-31 02:54:37,XBTUSD,short,Limit,70000,-0.2387,0.307,993440000
2018-03-31 02:58:21,XBTUSD,short,Limit,2570,-0.0426,0.298,36499140
2018-03-31 02:58:27,XBTUSD,short,Limit,70000,-0.0767,0.289,994000000
2018-03-31 03:01:35,XBTUSD,short,Limit,70000,0.2516,0.143,995540000
2018-03-31 03:01:59,XBTUSD,short,Limit,70000,0.5335,0.134,995750000
2018-03-31 03:10:17,XBTUSD,short,Limit,3292,0.9705,0.251,47095352
2018-03-31 03:10:33,XBTUSD,short,Limit,70000,0.9956,0.254,1001598787
2018-03-31 03:12:12,XBTUSD,short,Limit,70000,0.8088,0.255,999551826
2018-03-31 03:12:17,XBTUSD,short,Limit,70000,-0.1741,0.131,999614815
2018-03-31 03:17:13,XBTUSD,short,Limit,7685,-0.1357,0.045,109641895
2018-03-31 03:30:58,XBTUSD,short,Limit,483,-0.0286,0.274,6898689
2018-03-31 03:33:58,XBTUSD,short,Limit,70000,-0.2126,0.321,997640000
2018-03-31 03:39:43,XBTUSD,short,Limit,70000,-0.1763,0.395,995680000
2018-03-31 03:43:19,XBTUSD,short,Limit,70000,-0.0847,0.38,996730000
2018-03-31 03:46:18,XBTUSD,short,Limit,70000,0.1495,0.229,997430000
2018-03-31 03:47:02,XBTUSD,short,Limit,70000,0.4079,0.184,999886222
2018-03-31 03:48:01,XBTUSD,short,Limit,70000,0.8266,0.17,1001464957
2018-03-31 03:51:43,XBTUSD,long,Limit,16032,0.2288,0.017,228600828
2018-03-31 03:57:33,XBTUSD,long,Limit,70000,-0.1278,0.103,1001420000
2018-03-31 04:01:43,XBTUSD,long,Limit,70000,0.0354,0.04,1003785475
2018-03-31 04:02:29,XBTUSD,long,Limit,70000,0.363,0.031,1002242020
2018-03-31 04:16:41,XBTUSD,short,Limit,70000,0.0499,0.125,998970000
2018-03-31 04:18:03,XBTUSD,short,Limit,70000,0.1924,0.108,999600000
2018-03-31 05:38:11,XBTUSD,long,Limit,70000,0.0072,0.035,1011850000
2018-03-31 05:38:38,XBTUSD,long,Limit,70000,-0.0289,0.018,1011360000
2018-03-31 05:41:17,XBTUSD,short,Limit,70000,-0.2741,0.034,1009400000
2018-03-31 05:52:40,XBTUSD,long,Limit,70000,0.1447,0.015,1014724419
2018-03-31 05:55:03,XBTUSD,long,Limit,70000,0.0139,0.049,1016197734
2018-03-31 05:59:50,XBTUSD,long,Limit,70000,0.4003,0.103,1012270000
2018-03-31 06:01:07,XBTUSD,long,Limit,70000,0.5079,0.091,1010730000
2018-03-31 06:13:02,XBTUSD,long,Limit,70000,-0.1742,0.141,1014370000
2018-03-31 06:15:46,XBTUSD,long,Limit,70000,0.3704,0.076,1013110000
2018-03-31 06:26:57,XBTUSD,long,Limit,70000,0.7112,0.144,1008770000
2018-03-31 06:36:18,XBTUSD,long,Market,5000,0.1234,0.004,72480000
2018-03-31 06:49:18,XBTUSD,long,Limit,70000,0.3111,0.022,1023120000
2018-03-31 06:53:02,XBTUSD,long,Limit,70000,0.2638,0.026,1025570000
2018-03-31 06:54:41,XBTU18,long,Market,20000,-1.8532,0.016,299024269
2018-03-31 07:01:47,XBTUSD,long,Limit,70000,0.3283,0.167,1024380000
2018-03-31 07:04:17,XBTUSD,long,Limit,70000,0.375,0.104,1025570000
2018-03-31 09:39:37,XBTUSD,short,Limit,70000,0.1149,0.008,1006460000
2018-03-31 09:50:12,XBTUSD,short,Limit,12586,-0.1942,0.036,180747546
2018-03-31 09:50:27,XBTUSD,short,Limit,57414,-0.5773,0.04,821350889
2018-03-31 09:51:19,XBTUSD,long,Limit,12586,0.093,0.014,179879112
2018-03-31 09:55:22,XBTUSD,short,Limit,57414,0.1143,0.068,821479512
2018-03-31 09:59:09,XBTUSD,long,Limit,70000,0.3312,0.038,999351672
2018-03-31 09:59:20,XBTUSD,long,Market,12586,0.2149,0.035,179929456
2018-03-31 10:02:37,XBTUSD,short,Limit,70000,0.154,0.007,999040000
2018-03-31 10:26:47,XBTUSD,long,Limit,70000,1.3234,0.34,988400000
2018-03-31 10:34:42,XBTUSD,short,Limit,70000,0.3998,0.032,985040000
2018-03-31 12:49:38,XBTUSD,short,Limit,70000,0.3685,0.013,974751456
2018-03-31 22:11:31,XBTUSD,short,Limit,70000,0.2664,0.065,1013320000
2018-03-31 22:23:47,XBTUSD,short,Limit,70000,0.2074,0.024,1010295918
2018-03-31 22:37:36,XBTUSD,short,Limit,70000,-0.0604,0.006,1007020411
2018-03-31 22:45:38,XBTUSD,long,Limit,70000,0.0143,0.052,1008071314
2018-03-31 23:10:59,XBTUSD,short,Limit,70000,0.4164,0.385,1012970000
2018-03-31 23:16:53,XBTUSD,short,Limit,70000,0.2893,0.027,1015630050
2018-03-31 23:21:26,XBTUSD,long,Limit,70000,0.1306,0.066,1014720000
2018-03-31 23:22:51,XBTUSD,long,Limit,70000,0.4213,0.035,1012550000
2018-04-01 02:37:12,XBTUSD,long,Limit,70000,0.0646,0.092,1003660000
2018-04-01 02:40:17,XBTUSD,long,Limit,70000,-0.1724,0.115,1007160000
2018-04-01 02:51:41,XBTUSD,long,Limit,70000,-0.4166,0.213,1009890000
2018-04-01 02:54:50,XBTUSD,long,Limit,70000,0.1205,0.236,1010409680
2018-04-01 03:01:37,XBTUSD,long,Limit,70000,0.2242,0.323,1010030000
2018-04-01 03:02:54,XBTUSD,long,Limit,70000,0.4487,0.309,1009895320
2018-04-01 03:03:37,XBTUSD,long,Limit,70000,0.2458,0.099,1009610000
2018-04-01 03:25:07,XBTUSD,long,Limit,70000,0.471,0.105,1009120000
2018-04-01 04:10:52,XBTUSD,long,Limit,90000,0.2498,0.245,1297260000
2018-04-01 04:11:33,XBTUSD,long,Limit,90000,0.2746,0.148,1297260000
2018-04-01 04:12:29,XBTM18,long,Limit,30693,0.9058,17.329,450405234
2018-04-01 04:22:24,XBTUSD,short,Limit,90000,0.1039,0.012,1294920000
2018-04-01 04:50:03,XBTUSD,long,Limit,90000,-0.0875,0.059,1299431633
2018-04-01 05:00:01,XBTUSD,long,Limit,90000,0.1837,0.182,1297350000
2018-04-01 05:01:52,XBTUSD,long,Limit,90000,0.2383,0.192,1296810000
2018-04-01 06:07:14,XBTUSD,long,Limit,90000,0.1249,0.022,1310024678
2018-04-01 06:17:01,XBTUSD,short,Limit,90000,0.08,0.138,1310040000
2018-04-01 06:25:37,XBTUSD,short,Limit,90000,0.4417,0.185,1311570000
2018-04-01 06:34:08,XBTUSD,long,Limit,90000,-0.1022,0.141,1312920000
2018-04-01 06:34:12,XBTUSD,long,Limit,90000,0.1795,0.134,1312920000
2018-04-01 06:48:19,XBTUSD,long,Limit,90000,0.3983,0.363,1312920000
2018-04-01 06:48:22,XBTUSD,long,Limit,90000,0.2633,0.261,1312920000
2018-04-01 06:49:11,XBTUSD,long,Limit,90000,0.1534,0.222,1312920000
2018-04-01 06:49:13,XBTUSD,long,Limit,65843,0.3379,0.079,960576524
2018-04-01 06:49:22,XBTUSD,long,Market,24157,0.2783,0.081,352668043
2018-04-01 07:02:22,XBTUSD,long,Limit,90000,0.1169,0.146,1314000000
2018-04-01 07:29:48,XBTUSD,long,Limit,90000,-0.9155,0.323,1330560000
2018-04-01 07:29:58,XBTUSD,long,Limit,90000,-0.5903,0.304,1331295488
2018-04-01 07:35:44,XBTUSD,long,Market,540000,-0.8543,0.228,8059269229
2018-04-01 07:41:18,XBTUSD,long,Limit,90000,0.1387,0.089,1340820000
2018-04-01 07:44:18,XBTUSD,long,Limit,90000,0.2018,0.136,1340190000
2018-04-01 07:44:50,XBTUSD,long,Limit,90000,0.3356,0.139,1339971822
2018-04-01 07:59:17,XBTUSD,long,Limit,90000,0.2769,0.364,1341243476
2018-04-01 07:59:32,XBTUSD,long,Limit,14364,0.3339,0.333,214102236
2018-04-01 08:03:32,XBTUSD,long,Limit,90000,0.396,0.399,1340585004
2018-04-01 08:03:37,XBTUSD,long,Limit,90000,0.2668,0.39,1341205124
2018-04-01 08:04:33,XBTUSD,long,Limit,90000,0.2847,0.351,1338300000
2018-04-01 08:04:43,XBTUSD,long,Limit,90000,0.3149,0.295,1339110000
2018-04-01 08:05:02,XBTUSD,long,Limit,26302,0.4225,0.222,391412118
2018-04-01 08:07:19,XBTUSD,long,Limit,90000,0.4826,0.195,1338047038
2018-04-01 08:07:23,XBTUSD,long,Market,63698,0.4855,0.113,947061864
2018-04-01 08:21:02,XBTUSD,long,Limit,100000,-0.063,0.157,1491145249
2018-04-01 08:28:48,XBTUSD,long,Limit,100000,0.1641,0.281,1489500000
2018-04-01 08:31:47,XBTUSD,long,Limit,100000,0.1034,0.327,1490632271
2018-04-01 08:47:24,XBTUSD,long,Limit,100000,0.112,0.558,1493144522
2018-04-01 08:49:46,XBTUSD,long,Limit,100000,0.5924,0.556,1487684195
2018-04-01 08:50:31,XBTUSD,long,Limit,100000,0.4333,0.474,1488001182
2018-04-01 08:50:34,XBTUSD,long,Limit,100000,0.2013,0.352,1488100000
2018-04-01 09:14:56,XBTUSD,long,Limit,50000,-0.6852,0.695,751809530
2018-04-01 09:19:09,XBTUSD,long,Limit,100000,-0.567,0.613,1500700000
2018-04-01 09:19:18,XBTUSD,long,Limit,100000,-0.5507,0.383,1501091322
2018-04-01 09:21:47,XBTUSD,long,Limit,100000,-0.1908,0.34,1499700000
2018-04-01 09:21:56,XBTUSD,long,Limit,100000,0.0425,0.333,1499700000
2018-04-01 09:22:29,XBTUSD,long,Limit,100000,0.3496,0.317,1498754269
2018-04-01 09:34:31,XBTUSD,short,Limit,100000,0.2573,0.151,1499900000
2018-04-01 09:34:46,XBTUSD,short,Limit,99084,0.2907,0.13,1486160916
2018-04-01 09:37:33,XBTUSD,long,Market,916,0.15,0.046,13718932
2018-04-01 09:43:58,XBTUSD,short,Limit,39100,0.1182,0.013,583250670
2018-04-01 09:44:50,XBTUSD,short,Limit,100000,0.0834,0.026,1491400000
2018-04-01 09:50:47,XBTUSD,short,Limit,100000,0.2831,0.079,1494300000
2018-04-01 10:03:07,XBTUSD,short,Limit,100000,-0.261,0.169,1487800000
2018-04-01 10:07:55,XBTUSD,short,Limit,100000,-0.0112,0.226,1487500000
2018-04-01 10:10:22,XBTUSD,short,Limit,100000,0.2749,0.24,1490100000
2018-04-01 10:10:24,XBTUSD,short,Limit,100000,0.317,0.205,1490068344
2018-04-01 10:15:27,XBTUSD,long,Limit,100000,0.0522,0.071,1489500000
2018-04-01 10:34:43,XBTUSD,long,Limit,100000,-0.0747,0.366,1494700000
2018-04-01 10:36:49,XBTUSD,long,Limit,100000,-0.0462,0.207,1495118280
2018-04-01 10:42:06,XBTUSD,long,Limit,100000,0.2545,0.284,1493200000
2018-04-01 10:42:12,XBTUSD,long,Limit,100000,0.5647,0.255,1493742094
2018-04-01 10:47:23,XBTUSD,short,Limit,100000,0.2917,0.06,1495000000
2018-04-01 11:35:30,XBTUSD,long,Limit,100000,0.1327,0.152,1495026736
2018-04-01 11:35:53,XBTUSD,long,Limit,100000,0.3547,0.104,1495900000
2018-04-01 14:48:45,XBTUSD,short,Limit,100000,0.3197,0.102,1540370864
2018-04-01 14:49:02,XBTUSD,short,Limit,100000,0.3529,0.066,1539600000
2018-04-01 16:04:13,XBTUSD,long,Limit,100000,0.3249,0.018,1542000000
2018-04-01 16:11:15,XBTUSD,short,Limit,100000,0.4873,0.025,1506800000
2018-04-01 16:18:17,XBTUSD,short,Limit,100000,0.7039,0.096,1492300000
2018-04-01 16:22:31,XBTUSD,short,Limit,100000,0.2723,0.073,1490083769
2018-04-01 16:24:59,XBTUSD,short,Limit,100000,0.5491,0.1,1492200000
2018-04-01 16:41:30,XBTUSD,short,Limit,100000,-0.9459,0.258,1468100000
2018-04-01 16:42:33,XBTUSD,short,Limit,100000,-0.3324,0.259,1472400000
2018-04-01 16:43:02,XBTUSD,short,Limit,100000,1.1067,0.16,1472400000
2018-04-01 16:50:55,XBTUSD,short,Market,300000,-0.7339,0.132,4364678088
2018-04-01 16:59:13,XBTUSD,long,Market,300000,-0.2365,0.073,4404600000
2018-04-01 17:01:34,XBTUSD,short,Limit,21129,0.3173,0.036,311335815
2018-04-01 17:05:39,XBTUSD,short,Limit,77208,0.1881,0.101,1136316802
2018-04-01 17:05:59,XBTUSD,short,Limit,1663,0.0193,0.107,24433841
2018-04-01 17:26:42,XBTUSD,short,Limit,70000,0.088,0.412,1027530000
2018-04-01 17:27:40,XBTUSD,short,Limit,100000,0.2596,0.417,1470300000
2018-04-01 17:35:19,XBTUSD,short,Limit,100000,0.3593,0.497,1471700000
2018-04-01 17:56:07,XBTUSD,short,Limit,80000,-0.1099,0.796,1171493899
2018-04-01 18:10:07,XBTUSD,short,Limit,80000,-0.0293,0.657,1172480000
2018-04-01 18:14:38,XBTUSD,short,Limit,80000,-0.0733,0.599,1171360000
2018-04-01 18:15:51,XBTUSD,short,Limit,80000,0.2807,0.569,1173440000
2018-04-01 18:16:09,XBTUSD,short,Limit,80000,0.5962,0.425,1173419597
2018-04-01 18:17:34,XBTUSD,short,Limit,20000,0.4819,0.314,293440000
2018-04-01 18:19:02,XBTUSD,short,Limit,100000,0.3799,0.215,1467000000
2018-04-01 18:23:29,XBTUSD,short,Limit,100000,0.389,0.152,1467700000
2018-04-01 18:25:35,XBTUSD,short,Limit,100000,0.3075,0.1,1469000000
2018-04-01 18:27:32,XBTUSD,short,Limit,100000,0.5919,0.126,1470300000
2018-04-01 18:35:32,XBTUSD,short,Limit,100000,0.301,0.047,1479069678
2018-04-01 18:45:27,XBTUSD,short,Limit,100000,0.07,0.104,1473997618
2018-04-01 18:48:28,XBTUSD,short,Limit,100000,0.6058,0.124,1480433919
2018-04-01 18:49:32,XBTUSD,short,Limit,40000,0.3092,0.007,590720000
2018-04-01 18:51:43,XBTM18,long,Market,20000,5.6613,3.967,299540000
2018-04-01 19:22:32,XBTUSD,short,Limit,110000,-1.0935,0.284,1589834256
2018-04-01 19:22:34,XBTUSD,short,Market,220000,0.2131,0.145,3178342061
2018-04-01 19:24:39,XBTUSD,long,Limit,100000,0.353,0.013,1439200000
2018-04-01 19:42:55,XBTUSD,short,Limit,29352,0.2596,0.166,422863988
2018-04-01 19:44:12,XBTUSD,short,Limit,20002,0.2059,0.188,288108808
2018-04-01 19:46:43,XBTUSD,short,Limit,50646,0.1665,0.222,729125579
2018-04-01 19:48:07,XBTUSD,short,Limit,100000,0.4611,0.2,1440829546
2018-04-01 19:49:37,XBTUSD,short,Limit,100000,0.3445,0.162,1440200000
2018-04-01 19:57:47,XBTUSD,long,Market,55770,0.1051,0.014,806070313
2018-04-01 20:07:57,XBTUSD,long,Limit,100000,0.2037,0.016,1452100000
2018-04-02 02:07:40,XBTUSD,short,Limit,53435,0.108,0.085,769944915
2018-04-02 02:15:08,XBTUSD,short,Limit,100000,0.3712,0.168,1443700000
2018-04-02 02:51:06,XBTUSD,short,Limit,100000,0.0209,0.713,1439700000
2018-04-02 03:15:32,XBTUSD,short,Limit,100000,-0.3102,0.942,1436795594
2018-04-02 03:17:52,XBTUSD,short,Limit,100000,0.0862,0.797,1437300000
2018-04-02 03:24:20,XBTUSD,short,Limit,100000,0.3587,0.691,1440000000
2018-04-02 03:24:50,XBTUSD,short,Limit,100000,0.2574,0.531,1439997114
2018-04-02 04:14:05,XBTUSD,short,Limit,100000,-0.0575,0.784,1437300000
2018-04-02 04:14:09,XBTUSD,short,Limit,100000,0.0862,0.708,1437300000
2018-04-02 04:14:57,XBTUSD,short,Limit,100000,0.5239,0.364,1436900000
2018-04-02 04:58:06,XBTUSD,short,Limit,79779,1.8208,1.061,1158570553
2018-04-02 04:58:17,XBTUSD,short,Market,20221,1.7259,1.064,293386489
2018-04-02 05:05:55,XBTUSD,long,Limit,100000,0.1588,0.016,1457746412
2018-04-02 05:36:20,XBTUSD,short,Limit,80000,0.1593,0.059,1160240000
2018-04-02 06:54:35,XBTUSD,short,Limit,80000,0.7335,0.629,1160160000
2018-04-02 06:58:39,XBTUSD,short,Limit,80000,0.4498,0.429,1161040000
2018-04-02 07:07:18,XBTUSD,long,Limit,80000,0.271,0.069,1159680000
2018-04-02 07:56:31,XBTUSD,short,Market,480000,-1.5816,0.35,6798720000
2018-04-02 08:03:15,XBTUSD,long,Market,40000,0.1849,0.038,567359067
2018-04-02 08:31:17,XBTUSD,long,Limit,200000,-0.0357,0.307,2842411652
2018-04-02 10:20:57,XBTUSD,short,Limit,200000,0.178,0.016,2853200000
2018-04-02 10:45:47,XBTUSD,short,Limit,200000,0.1878,0.036,2838800000
2018-04-02 10:52:33,XBTM18,short,Market,30000,-2.3025,14.713,431340000
2018-04-02 11:13:10,XBTUSD,short,Limit,200000,-0.4565,0.183,2825936436
2018-04-02 11:18:28,XBTUSD,short,Limit,200000,0.3455,0.076,2827000000
2018-04-02 11:34:48,XBTUSD,short,Limit,100000,0.1201,0.2,1414700000
2018-04-02 11:35:13,XBTUSD,short,Limit,100000,0.3137,0.174,1415147126
2018-04-02 12:07:54,XBTUSD,long,Market,200000,-0.3429,0.504,2846149953
2018-04-02 12:11:52,XBTUSD,long,Limit,100000,0.1227,0.05,1424800000
2018-04-02 12:12:24,XBTUSD,long,Limit,100000,0.2365,0.047,1424500000
2018-04-02 12:36:18,XBTUSD,long,Limit,100000,0.3635,0.044,1425800000
2018-04-02 12:47:25,XBTUSD,long,Limit,100000,0.1714,0.157,1425800000
2018-04-02 13:41:10,XBTUSD,short,Limit,100000,0.3345,0.15,1428300000
2018-04-02 14:14:40,XBTUSD,long,Limit,100000,-0.1162,0.184,1433023857
2018-04-02 14:37:48,XBTUSD,long,Limit,100000,-0.4682,0.37,1447500000
2018-04-02 14:39:03,XBTUSD,long,Limit,100000,-0.317,0.34,1445400000
2018-04-02 14:47:21,XBTUSD,long,Limit,100000,0.2621,0.409,1443300000
2018-04-02 15:12:44,XBTUSD,long,Limit,100000,0.5361,0.319,1441200000
2018-04-02 19:07:27,XBTUSD,short,Market,100000,0.5858,0.255,1437300000
2018-04-02 20:51:14,XBTUSD,short,Limit,100000,1.4942,1.479,1448938747
2018-04-02 20:52:32,XBTUSD,short,Limit,100000,0.3184,0.245,1448400000
2018-04-02 21:09:23,XBTUSD,short,Market,200000,-0.0615,0.195,2882800000
2018-04-02 21:27:04,XBTUSD,short,Market,200000,-0.3445,0.095,2852998043
2018-04-02 21:57:27,XBTUSD,short,Limit,100000,0.4274,0.497,1433400000
2018-04-03 02:54:57,XBTUSD,short,Limit,100000,-1.1015,5.034,1413080025
2018-04-03 02:57:15,XBTUSD,short,Market,200000,-1.1755,0.2,2793200000
2018-04-03 03:04:57,XBTUSD,short,Limit,100000,0.6511,0.083,1400600000
2018-04-03 03:11:16,XBTUSD,long,Limit,26901,0.2591,0.041,375780069
2018-04-03 03:13:29,XBTUSD,long,Limit,73099,0.2591,0.078,1021119931
2018-04-03 04:01:25,XBTUSD,short,Market,70000,-0.4267,0.594,973693468
2018-04-03 04:01:37,XBTM18,short,Market,50000,-3.8116,9.448,693890200
2018-04-03 04:28:21,XBTUSD,short,Market,150000,-0.3534,0.336,2068250647
2018-04-03 06:46:59,XBTUSD,short,Limit,100000,-0.2982,1.785,1364783246
2018-04-03 06:47:08,XBTUSD,short,Limit,100000,0.2902,0.16,1364596470
2018-04-03 07:12:25,XBTUSD,short,Limit,50000,0.4966,0.454,683650000
2018-04-03 07:18:38,XBTUSD,short,Limit,28172,0.0409,0.027,384604144
2018-04-03 07:18:51,XBTUSD,short,Market,21828,0.0273,0.03,297952200
2018-04-03 08:07:17,XBTUSD,short,Limit,50000,-0.253,0.44,678339721
2018-04-03 08:31:43,XBTUSD,short,Limit,50000,0.4846,0.661,678300000
2018-04-03 08:32:19,XBTUSD,short,Limit,50000,0.5454,0.642,679386264
2018-04-03 08:32:28,XBTUSD,short,Limit,50000,0.3049,0.208,679600000
2018-04-03 12:57:53,XBTUSD,long,Limit,50000,-0.0136,4.406,680100000
2018-04-03 13:00:59,XBTUSD,long,Limit,50000,0.034,4.109,679450000
2018-04-03 13:02:12,XBTUSD,long,Limit,50000,0.3066,4.097,679400000
2018-04-03 13:09:04,XBTUSD,short,Limit,19855,0.2962,0.02,268082210
2018-04-03 13:10:32,XBTUSD,short,Limit,30145,0.2116,0.044,406669344
2018-04-03 13:12:20,XBTUSD,long,Limit,50000,-0.2172,0.027,676000000
2018-04-03 13:25:03,XBTUSD,long,Limit,19855,-0.2023,0.236,268380035
2018-04-03 13:43:50,XBTUSD,long,Market,270000,-0.5177,0.182,3683610000
2018-04-03 13:46:08,XBTUSD,long,Limit,50000,0.3067,0.028,682250000
2018-04-03 13:59:27,XBTUSD,short,Limit,50000,0.0136,0.207,681450000
2018-04-03 14:03:12,XBTUSD,long,Limit,50000,0.1772,0.046,680400000
2018-04-03 14:21:19,XBTUSD,long,Limit,50000,0.0137,0.085,683650000
2018-04-03 14:21:57,XBTUSD,long,Limit,50000,0.4457,0.035,682700000
2018-04-03 14:31:01,XBTUSD,long,Limit,50000,0.3011,0.094,682250000
2018-04-03 14:31:30,XBTUSD,long,Limit,50000,0.2188,0.047,682350000
2018-04-03 14:36:43,XBTUSD,short,Limit,50000,0.259,0.045,683400000
2018-04-03 14:58:42,XBTUSD,short,Limit,50000,0.016,0.154,680750000
2018-04-03 15:34:55,XBTUSD,short,Limit,100,-0.3872,0.588,1353400
2018-04-03 16:06:40,XBTUSD,short,Limit,50000,-0.1365,1.116,678389531
2018-04-03 16:21:51,XBTUSD,short,Market,250000,-0.1886,0.686,3376934006
2018-04-03 16:28:04,XBTUSD,short,Limit,50000,0.3163,0.038,675200000
2018-04-03 16:39:38,XBTUSD,short,Limit,50000,0.3529,0.182,676368015
2018-04-03 16:39:50,XBTUSD,short,Limit,50000,0.3168,0.186,676150000
2018-04-03 16:42:27,XBTUSD,short,Limit,50000,0.2331,0.027,676758520
2018-04-03 17:12:42,XBTUSD,short,Limit,50000,0.574,0.471,679150000
2018-04-03 17:34:02,XBTUSD,short,Limit,50000,0.0571,0.414,676881416
2018-04-03 17:59:19,XBTUSD,short,Limit,50000,-0.2753,0.386,674000000
2018-04-03 18:04:13,XBTUSD,short,Limit,50000,-0.3101,0.107,672200398
2018-04-03 18:06:14,XBTUSD,short,Limit,50000,0.2569,0.089,674306105
2018-04-03 18:28:29,XBTUSD,short,Limit,50000,0.1279,0.38,673900000
2018-04-03 20:47:57,XBTUSD,short,Limit,50000,0.2357,2.578,675000000
2018-04-03 20:48:14,XBTUSD,short,Limit,50000,0.3363,2.502,674950000
2018-04-03 21:10:59,XBTUSD,short,Limit,50000,0.5787,2.646,676850000
2018-04-04 04:09:34,XBTUSD,short,Limit,50000,1.6603,4.891,683550000
2018-04-04 05:11:12,XBTUSD,long,Limit,50000,1.1449,0.864,677800000
2018-04-04 06:08:57,XBTUSD,long,Market,50000,-0.0408,0.13,680200000
2018-04-04 07:17:31,XBTUSD,long,Limit,50000,0.2857,0.531,678350000
2018-04-04 11:08:25,XBTUSD,long,Limit,50000,-0.1763,0.105,707950000
2018-04-04 11:09:08,XBTUSD,short,Limit,50000,0.1329,0.011,709550000
2018-04-04 12:26:54,XBTUSD,short,Limit,50000,0.2405,0.57,709100000
2018-04-04 12:47:07,XBTUSD,long,Limit,50000,0.5259,0.258,706950000
2018-04-04 13:44:25,XBTUSD,short,Limit,50000,0.1901,0.021,705550000
2018-04-04 14:04:34,XBTUSD,long,Market,100000,-0.7757,0.092,1428254870
2018-04-04 14:15:25,XBTUSD,long,Market,100000,-0.2,0.139,1448097000
2018-04-04 14:28:40,XBTUSD,long,Market,100000,0.256,0.155,1454200000
2018-04-04 14:34:35,XBTUSD,long,Limit,50000,0.408,0.09,725700000
2018-04-04 15:03:09,XBTUSD,long,Limit,50000,0.3791,0.401,726350000
2018-04-04 15:05:14,XBTUSD,long,Limit,50000,0.2111,0.175,726550000
2018-04-04 15:23:52,XBTUSD,long,Limit,50000,0.2105,0.284,724500000
2018-04-04 16:01:09,XBTUSD,long,Limit,50000,0.5735,0.058,735171459
2018-04-04 16:02:12,XBTUSD,long,Limit,50000,1.0897,0.06,733300000
2018-04-04 16:12:48,XBTUSD,long,Limit,50000,0.4915,0.078,731004726
2018-04-04 16:24:28,XBTUSD,long,Limit,20591,0.0219,0.169,301143375
2018-04-04 16:24:53,XBTUSD,long,Limit,29409,0.1829,0.134,430371306
2018-04-04 16:26:43,XBTUSD,long,Market,30000,0.4843,0.145,438150000
2018-04-04 16:41:45,XBTM18,long,Market,20000,0.7341,0.234,292768737
2018-04-04 18:15:40,XBTUSD,long,Limit,27159,0.3866,0.008,402306267
2018-04-04 18:18:35,XBTUSD,long,Limit,50000,0.2453,0.012,741400000
2018-04-04 18:36:08,XBTUSD,long,Limit,25833,0.3261,0.041,381656742
2018-04-04 18:41:38,XBTM18,long,Market,20000,0.6308,0.364,296939565
2018-04-04 20:59:46,XBTUSD,long,Limit,50000,-0.168,0.064,731650000
2018-04-04 21:34:39,XBTUSD,long,Limit,50000,-1.1613,0.514,739127581
2018-04-04 21:34:48,XBTUSD,long,Limit,50000,-0.3575,0.033,740173511
2018-04-04 21:36:55,XBTUSD,long,Market,50000,-0.0021,0.023,739664018
2018-04-04 21:39:44,XBTUSD,long,Limit,50000,0.3193,0.031,740100000
2018-04-05 03:53:51,XBTUSD,long,Limit,50000,0.7239,0.054,740900000
2018-04-05 04:05:43,XBTUSD,long,Limit,50000,0.672,0.018,733798595
2018-04-05 04:08:58,XBTUSD,long,Limit,50000,0.022,0.037,733900000
2018-04-05 04:32:58,XBTUSD,long,Limit,50000,0.48,0.244,733450000
2018-04-05 04:36:23,XBTUSD,long,Limit,50000,0.1077,0.018,735100000
2018-04-05 05:03:28,XBTUSD,long,Limit,40000,0.0372,0.236,590280000
2018-04-05 05:05:26,XBTUSD,long,Limit,50000,0.474,0.256,737100000
2018-04-05 05:33:39,XBTUSD,long,Limit,50000,0.3267,0.382,736689706
2018-04-05 06:04:56,XBTUSD,long,Market,100000,-0.1885,0.059,1468500000
2018-04-05 06:23:01,XBTUSD,long,Limit,50000,-0.0664,0.035,738450000
2018-04-05 06:23:30,XBTM18,long,Market,20000,-0.2756,8.706,299986368
2018-04-05 06:29:59,XBTUSD,long,Limit,50000,0.0886,0.094,737700000
2018-04-05 06:30:42,XBTUSD,long,Market,662,0.0641,0.002,9769134
2018-04-05 06:50:40,XBTUSD,short,Limit,50000,0.2519,0.017,742900000
2018-04-05 07:04:07,XBTUSD,short,Limit,50000,0.5856,0.11,745650000
2018-04-05 07:56:46,XBTUSD,short,Limit,50000,0.1708,0.262,737450000
2018-04-05 08:32:36,XBTUSD,short,Limit,50000,-0.367,0.089,731300000
2018-04-05 08:59:12,XBTUSD,short,Limit,50000,0.4647,0.245,729500000
2018-04-05 13:43:26,XBTUSD,short,Limit,50000,-0.3827,0.301,747017451
2018-04-05 13:46:39,XBTUSD,short,Limit,50000,0.3925,0.023,729750000
2018-04-05 14:15:26,XBTUSD,short,Limit,50000,0.438,0.015,724534640
2018-04-05 15:22:35,XBTUSD,long,Market,10100,0.3362,0.012,150409200
2018-04-05 16:35:09,XBTUSD,short,Market,70000,-0.367,0.057,1043345326
2018-04-05 16:48:57,XBTUSD,short,Limit,70000,0.089,0.211,1039360000
2018-04-05 16:57:35,XBTUSD,short,Limit,70000,0.4157,0.022,1043700000
2018-04-05 17:13:55,XBTUSD,short,Limit,70000,0.3005,0.126,1042471587
2018-04-05 17:23:34,XBTUSD,short,Limit,70000,0.3598,0.01,1031590000
2018-04-05 17:50:57,XBTM18,short,Market,20000,0.7819,0.422,303040600
2018-04-05 21:27:33,XBTM18,short,Limit,210,0.7731,1.093,3179810
2018-04-05 21:27:44,XBTM18,short,Market,19790,0.4861,1.077,299270667
2018-04-05 22:36:34,XBTUSD,short,Limit,30000,-0.6859,0.733,442170000
2018-04-06 06:55:39,XBTUSD,short,Limit,30000,4.2452,8.297,459420000
2018-04-06 09:27:27,XBTUSD,short,Limit,50000,0.8467,1.408,763990691
2018-04-06 15:21:39,XBTUSD,short,Limit,20000,-0.0304,5.463,303720000
2018-04-06 16:47:55,XBTUSD,short,Market,20000,0.3853,0.354,303360000
2018-04-06 21:40:22,XBTUSD,short,Limit,20000,0.0227,4.604,302680000
2018-04-06 21:50:59,XBTUSD,long,Limit,50000,-0.1056,0.016,756098864
2018-04-06 22:12:02,XBTUSD,long,Limit,50000,-0.2459,0.291,757565300
2018-04-06 23:06:09,XBTUSD,long,Market,17630,0.1923,0.026,268854393
2018-04-07 01:07:42,XBTUSD,long,Limit,50000,0.3619,0.048,735850000
2018-04-07 01:27:56,XBTUSD,long,Limit,50000,-0.1696,0.307,738550000
2018-04-07 01:40:17,XBTUSD,short,Limit,50000,-0.0221,0.025,735150000
2018-04-07 01:51:52,XBTUSD,short,Limit,50000,-0.3583,0.177,728700000
2018-04-07 01:56:50,XBTUSD,short,Limit,50000,0.6685,0.227,730109000
2018-04-07 03:19:28,XBTUSD,short,Limit,30000,0.0658,0.214,439230000
2018-04-07 04:18:42,XBTUSD,short,Limit,50000,0.1313,0.232,730450000
2018-04-08 12:11:32,XBTUSD,long,Limit,20000,1.3247,14.369,282680000
2018-04-08 17:06:21,XBTUSD,long,Market,40000,-0.2968,0.149,574600000
2018-04-08 17:20:11,XBTUSD,long,Limit,20000,0.3807,0.204,286260000
2018-04-08 18:23:37,XBTUSD,long,Market,20000,0.1411,0.01,285720000
2018-04-08 23:35:17,XBTUSD,long,Limit,30000,0.2647,4.608,428019660
2018-04-09 02:40:05,XBTUSD,short,Limit,10412,0.1469,0.186,145903356
2018-04-09 02:41:19,XBTUSD,short,Limit,39588,0.1259,0.208,554667468
2018-04-09 03:26:33,XBTUSD,long,Limit,50000,0.4288,0.076,704118295
2018-04-09 04:35:29,XBTUSD,short,Limit,20000,-0.218,0.929,280660000
2018-04-09 10:32:05,XBTUSD,short,Market,30000,4.6863,6.322,441450000
2018-04-09 11:06:02,XBTUSD,long,Limit,20000,0.4479,0.048,297240000
2018-04-09 11:22:35,XBTUSD,long,Limit,20000,0.7336,0.045,297240000
2018-04-09 12:38:49,XBTUSD,long,Limit,30000,0.426,0.023,446520000
2018-04-09 12:51:24,XBTUSD,long,Limit,30000,0.2909,0.098,446190000
2018-04-09 14:14:15,XBTUSD,long,Limit,3891,0.2246,0.067,58119867
2018-04-09 14:14:45,XBTUSD,long,Limit,16109,0.1946,0.076,240684569
2018-04-09 21:41:45,XBTUSD,long,Market,40000,1.1457,2.081,595920000
2018-04-10 00:04:51,XBTUSD,short,Limit,8200,0.2069,0.09,121466600
2018-04-10 08:32:25,XBTUSD,long,Limit,50000,0.4518,0.011,750347788
2018-04-10 08:35:08,XBTUSD,long,Limit,50000,0.2407,0.026,750300000
2018-04-10 08:46:08,XBTM18,long,Limit,3894,0.6307,0.103,58803294
2018-04-10 08:46:51,XBTM18,long,Market,16106,0.6041,0.115,243288936
2018-04-11 15:13:12,XBTUSD,short,Limit,30000,0.1441,1.515,433050000
2018-04-12 11:59:12,XBTUSD,long,Limit,1600,-0.2304,0.064,20529600
2018-04-12 12:07:48,XBTUSD,long,Limit,20211,-0.5505,0.207,260155992
2018-04-12 12:27:00,XBTUSD,long,Limit,30000,-0.8628,0.507,389220000
2018-04-12 12:28:53,XBTUSD,long,Limit,30000,-0.3496,0.411,388680000
2018-04-12 14:52:53,XBTUSD,long,Limit,30000,-1.023,2.688,392490000
2018-04-12 14:53:46,XBTUSD,long,Limit,30000,-0.2148,2.491,391380000
2018-04-12 15:33:38,XBTUSD,long,Limit,30000,-0.7933,3.1,393300000
2018-04-12 16:55:24,XBTUSD,long,Market,150000,-0.4196,1.731,1973386482
2018-04-12 17:01:04,XBTUSD,long,Limit,30000,1.1464,0.081,391647267
2018-04-12 17:02:44,XBTUSD,long,Market,30000,1.9427,0.072,387600000
2018-04-12 17:10:24,XBTUSD,long,Limit,50000,-0.149,0.043,648650000
2018-04-12 17:17:25,XBTUSD,long,Limit,50000,0.3637,0.129,648700000
2018-04-12 17:54:18,XBTM18,short,Limit,6644,0.1299,0.07,86418508
2018-04-12 17:59:00,XBTM18,short,Limit,13356,0.1104,0.143,173694780
2018-04-12 21:39:43,XBTUSD,short,Market,50000,-0.0988,0.024,637730059
2018-04-12 21:53:04,XBTUSD,short,Limit,50000,0.4143,0.118,640000000
2018-04-12 21:54:45,XBTUSD,long,Limit,50000,0.1025,0.016,640250000
2018-04-12 22:03:11,XBTUSD,short,Limit,50000,-0.0128,0.095,639900000
2018-04-12 22:04:48,XBTUSD,long,Limit,50000,0.1091,0.011,641200000
2018-04-12 22:08:30,XBTUSD,long,Limit,50000,0.0708,0.035,643350000
2018-04-12 22:11:35,XBTUSD,short,Limit,50000,0.3011,0.009,642550000
2018-04-12 23:04:10,XBTUSD,short,Market,1100,0.242,0.015,14042600
2018-04-12 23:25:49,XBTUSD,short,Limit,50000,-0.4552,0.073,635283678
2018-04-12 23:27:42,XBTUSD,short,Limit,155,0.1077,0.014,1966795
2018-04-12 23:34:09,XBTUSD,short,Limit,50000,0.0317,0.112,634300000
2018-04-12 23:37:12,XBTUSD,short,Limit,50000,1.194,0.023,632650000
2018-04-12 23:41:35,XBTUSD,short,Limit,50000,0.2522,0.017,632100000
2018-04-13 00:08:34,XBTUSD,short,Market,100000,-0.7358,0.168,1250000800
2018-04-13 00:15:03,XBTUSD,long,Limit,50000,0.2461,0.011,629550000
2018-04-13 00:24:32,XBTUSD,short,Limit,50000,0.6674,0.125,631966598
2018-04-13 00:30:46,XBTUSD,short,Market,19832,0.4251,0.012,250821446
2018-04-13 00:35:31,XBTUSD,short,Limit,50000,0.2843,0.025,633500000
2018-04-13 00:39:10,XBTUSD,long,Limit,50000,-0.1208,0.044,636350000
2018-04-13 00:40:18,XBTUSD,long,Limit,50000,0.3622,0.036,635279338
2018-04-13 00:48:53,XBTUSD,long,Limit,50000,-0.0445,0.081,636700000
2018-04-13 00:49:09,XBTUSD,long,Limit,50000,0.4538,0.037,636350000
2018-04-13 00:55:33,XBTUSD,short,Limit,50000,0.1551,0.024,634300000
2018-04-13 01:32:30,XBTUSD,long,Limit,50000,0.1768,0.039,637900000
2018-04-13 01:36:19,XBTUSD,short,Limit,50000,-0.002,0.01,636400000
2018-04-13 01:48:32,XBTUSD,long,Market,50000,-0.6374,0.079,642095202
2018-04-13 01:54:12,XBTUSD,long,Limit,50000,0.593,0.079,640750000
2018-04-13 01:59:42,XBTUSD,long,Limit,50000,-0.16,0.058,641150000
2018-04-13 02:01:58,XBTUSD,long,Limit,50000,0.1411,0.081,640350000
2018-04-13 02:03:17,XBTUSD,long,Limit,50000,0.3467,0.076,639850000
2018-04-13 02:44:48,XBTUSD,long,Limit,15625,0.4151,0.298,198734375
2018-04-13 02:44:53,XBTUSD,long,Market,14375,0.3831,0.299,182893125
2018-04-13 04:07:14,XBTUSD,long,Limit,50000,-0.5356,1.319,639100000
2018-04-13 05:04:19,XBTUSD,long,Limit,34691,-0.2168,1.679,443350980
2018-04-13 05:30:49,XBTUSD,long,Limit,50000,-0.4087,1.633,641950000
2018-04-13 05:35:02,XBTUSD,long,Limit,50000,-0.1345,0.857,640600000
2018-04-13 05:46:27,XBTUSD,long,Limit,50000,0.1284,0.689,639500000
2018-04-13 06:08:53,XBTUSD,long,Limit,50000,0.7249,0.843,636850000
2018-04-13 06:09:53,XBTUSD,long,Limit,50000,1.1931,0.708,635950000
2018-04-13 06:10:58,XBTUSD,long,Limit,50000,1.0073,0.221,635352500
2018-04-13 07:05:48,XBTUSD,long,Limit,50000,0.409,0.812,636450000
2018-04-13 07:13:49,XBTUSD,long,Limit,50000,-0.004,0.09,637081282
2018-04-13 07:26:47,XBTUSD,short,Limit,50000,0.1762,0.031,630550000
2018-04-13 07:31:35,XBTUSD,short,Limit,50000,-0.0708,0.042,631250000
2018-04-13 09:50:31,XBTUSD,short,Limit,70000,0.2844,0.137,867930000
2018-04-13 11:13:09,XBTUSD,short,Limit,70000,-0.2633,0.463,864829583
2018-04-13 16:26:14,XBTUSD,short,Limit,70000,0.3274,3.761,865620000
2018-04-13 16:31:17,XBTUSD,short,Limit,70000,0.2604,0.119,864710000
2018-04-13 16:47:06,XBTUSD,short,Limit,70000,-0.037,0.289,863450000
2018-04-13 16:51:45,XBTUSD,short,Limit,8639,-0.074,0.301,106458397
2018-04-13 17:06:29,XBTUSD,short,Limit,60000,0.1279,0.502,740520000
2018-04-13 17:11:12,XBTUSD,short,Limit,60000,0.6658,0.459,743760000
2018-04-13 17:17:13,XBTUSD,short,Limit,60000,0.4621,0.321,742800000
2018-04-13 17:18:25,XBTUSD,short,Limit,60000,0.1731,0.078,743100000
2018-04-13 17:22:26,XBTUSD,long,Limit,60000,0.1987,0.015,743160000
2018-04-13 17:27:41,XBTUSD,short,Limit,60000,-0.0569,0.009,739846600
2018-04-13 17:28:55,XBTUSD,short,Market,120000,-0.0019,0.01,1480753173
2018-04-13 17:32:13,XBTUSD,short,Market,120000,-0.1291,0.016,1473058455
2018-04-13 17:33:39,XBTUSD,short,Limit,60000,0.3396,0.02,738900000
2018-04-13 17:39:03,XBTUSD,short,Limit,60000,0.1537,0.083,738840000
2018-04-13 20:37:09,XBTUSD,short,Limit,60000,2.2376,2.114,756881039
2018-04-13 20:39:22,XBTUSD,long,Limit,60000,0.4282,0.035,756090000
2018-04-13 20:42:25,XBTUSD,short,Limit,60000,0.0761,0.041,755520000
2018-04-13 20:42:49,XBTUSD,short,Limit,60000,0.588,0.023,757780000
2018-04-13 20:48:42,XBTUSD,long,Limit,60000,0.3317,0.084,760620000
2018-04-13 20:56:25,XBTUSD,long,Limit,60000,0.2098,0.138,761400000
2018-04-13 20:57:43,XBTUSD,long,Limit,60000,0.4387,0.051,759540000
2018-04-13 21:07:02,XBTUSD,long,Limit,60000,-0.0879,0.017,760918913
2018-04-13 21:16:49,XBTUSD,long,Limit,60000,0.2034,0.148,761100000
2018-04-13 21:21:10,XBTUSD,long,Limit,60000,0.6051,0.205,759660000
2018-04-13 21:38:27,XBTUSD,long,Limit,60000,0.0063,0.111,760140000
2018-04-13 21:39:37,XBTUSD,long,Limit,60000,0.343,0.093,759600000
2018-04-13 22:20:51,XBTUSD,long,Limit,70000,0.0456,0.198,893620000
2018-04-13 22:23:57,XBTUSD,long,Limit,70000,0.3516,0.103,891800000
2018-04-13 22:47:10,XBTUSD,long,Limit,70000,0.6269,0.457,890050000
2018-04-13 22:48:59,XBTUSD,long,Limit,70000,0.4271,0.349,889382784
2018-04-13 22:50:29,XBTUSD,long,Limit,26873,0.3637,0.189,341690195
2018-04-13 22:50:57,XBTUSD,long,Limit,43127,0.3701,0.197,548316678
2018-04-13 23:00:37,XBTUSD,short,Limit,70000,0.0852,0.022,885150000
2018-04-13 23:13:24,XBTUSD,short,Limit,70000,-0.1195,0.032,879620000
2018-04-13 23:16:43,XBTUSD,short,Limit,70000,0.1883,0.037,880530000
2018-04-13 23:23:45,XBTUSD,long,Limit,70000,0.1441,0.021,881580000
2018-04-13 23:27:44,XBTUSD,short,Limit,70000,0.0247,0.018,879620000
2018-04-13 23:53:51,XBTUSD,long,Limit,70000,-0.5735,0.275,887390000
2018-04-14 00:06:06,XBTUSD,long,Limit,2503,0.0156,0.22,31775585
2018-04-14 00:06:07,XBTUSD,long,Limit,70000,-0.4321,0.236,888720000
2018-04-14 00:15:08,XBTUSD,long,Limit,70000,-0.032,0.365,890050000
2018-04-14 00:15:46,XBTUSD,long,Limit,70000,-0.0543,0.338,888720000
2018-04-14 00:17:01,XBTUSD,long,Limit,70000,0.3139,0.231,887600000
2018-04-14 00:17:16,XBTUSD,long,Limit,70000,0.4776,0.168,887390000
2018-04-14 00:20:16,XBTUSD,long,Limit,70000,0.6636,0.124,887390000
2018-04-14 00:20:48,XBTUSD,long,Limit,70000,0.2729,0.041,886270000
2018-04-14 00:24:40,XBTUSD,long,Limit,70000,0.1268,0.014,886200000
2018-04-14 00:28:45,XBTUSD,long,Limit,182,-0.1648,0.041,2311036
2018-04-14 00:30:02,XBTUSD,long,Limit,70000,-0.0372,0.063,887740000
2018-04-14 00:31:32,XBTUSD,long,Limit,70000,0.2985,0.066,887670000
2018-04-14 00:57:03,XBTUSD,short,Limit,70000,0.1718,0.05,884816000
2018-04-14 01:01:09,XBTUSD,short,Limit,70000,0.0792,0.017,883680000
2018-04-14 01:21:39,XBTUSD,short,Limit,70000,-0.2416,0.186,879203910
2018-04-14 01:26:11,XBTUSD,short,Limit,70000,-0.3728,0.093,873180000
2018-04-14 01:26:19,XBTUSD,short,Market,30000,-0.131,0.061,373830000
2018-04-14 01:29:22,XBTUSD,long,Limit,70000,-0.2681,0.034,875210000
2018-04-14 01:29:24,XBTUSD,long,Limit,70000,0.0063,0.012,875210000
2018-04-14 01:32:22,XBTUSD,long,Limit,70000,0.3441,0.036,872830000
2018-04-14 01:37:19,XBTUSD,short,Limit,30000,-0.0437,0.033,374610000
2018-04-14 01:42:21,XBTUSD,short,Market,30000,-0.171,0.074,373938063
2018-04-14 01:47:32,XBTUSD,long,Limit,50000,0.5544,0.033,619500000
2018-04-14 20:19:31,XBTUSD,long,Limit,50000,-0.0499,18.22,623550000
2018-04-14 20:25:33,XBTUSD,short,Market,1500000,-0.2424,0.004,18691817629
2018-04-14 20:39:13,XBTUSD,short,Limit,90000,0.1548,0.012,1116630000
2018-04-14 20:39:31,XBTUSD,short,Limit,90000,0.1548,0.015,1116630000
2018-04-14 20:42:52,XBTUSD,short,Limit,90000,-0.0471,0.042,1115280000
2018-04-14 20:43:14,XBTUSD,short,Market,469,0.0372,0.002,5815131
2018-04-14 21:04:19,XBTUSD,short,Market,270000,-0.2465,0.238,3345556498
2018-04-14 21:15:53,XBTUSD,short,Limit,5900,-0.0993,0.051,73171800
2018-04-14 21:16:41,XBTUSD,short,Limit,90000,0.1179,0.04,1117800000
2018-04-14 21:28:32,XBTUSD,short,Limit,90000,0.1937,0.138,1118810000
2018-04-14 21:52:43,XBTUSD,long,Limit,31275,0.0746,0.219,388623150
2018-04-14 21:59:28,XBTUSD,long,Limit,90000,0.1291,0.309,1117980000
2018-04-14 23:35:27,XBTUSD,long,Limit,90000,0.2837,0.008,1130938276
2018-04-15 00:01:34,XBTUSD,short,Market,351000,-0.4811,0.344,4373460000
2018-04-15 00:08:08,XBTUSD,short,Limit,42702,-0.0127,0.101,529974522
2018-04-15 00:14:31,XBTUSD,short,Limit,90000,-0.3193,0.136,1112580000
2018-04-15 00:16:18,XBTUSD,short,Limit,90000,0.3379,0.056,1114920000
2018-04-15 00:18:21,XBTUSD,short,Limit,10224,0.3825,0.078,126644688
2018-04-15 00:28:01,XBTUSD,long,Limit,90000,0.018,0.156,1114740000
2018-04-15 00:28:39,XBTUSD,long,Limit,90000,0.1039,0.123,1114740000
2018-04-15 00:28:42,XBTUSD,long,Limit,79776,0.276,0.103,988229484
2018-04-15 00:43:28,XBTUSD,short,Market,100224,0.2224,0.167,1242176256
2018-04-15 00:47:56,XBTUSD,long,Limit,200000,0.118,0.014,2481400000
2018-04-15 01:27:28,XBTUSD,short,Limit,200000,-0.3309,0.122,2469385360
2018-04-15 01:39:26,XBTUSD,short,Limit,200000,0.2716,0.192,2475800000
2018-04-15 02:03:59,XBTUSD,short,Limit,200000,0.1111,0.222,2472600000
2018-04-15 02:46:22,XBTUSD,short,Limit,44863,0.2778,0.172,555448803
2018-04-15 02:50:54,XBTUSD,short,Limit,200000,0.1703,0.227,2476600000
2018-04-15 03:11:40,XBTUSD,short,Market,200000,0.1105,0.115,2476600000
2018-04-15 04:27:34,XBTUSD,short,Limit,75344,0.1581,0.009,927333952
2018-04-15 04:36:04,XBTUSD,long,Limit,19976,0.1763,0.072,246663648
2018-04-15 04:37:34,XBTUSD,long,Limit,180024,0.1688,0.097,2223116376
2018-04-15 04:41:36,XBTUSD,short,Limit,200000,0.1234,0.051,2470600000
2018-04-15 05:11:08,XBTUSD,short,Limit,131850,0.2226,0.152,1631775600
2018-04-15 05:15:08,XBTUSD,short,Market,68150,0.0926,0.207,842674750
2018-04-15 08:45:41,XBTUSD,short,Market,200000,0.0354,0.033,2457153114
2018-04-15 18:44:04,XBTUSD,short,Limit,5725,0.0961,0.06,68843125
2018-04-15 18:51:30,XBTUSD,short,Limit,194275,0.1742,0.184,2337905350
2018-04-15 19:22:12,XBTUSD,long,Limit,200000,0.135,0.094,2413000000
2018-04-15 23:09:45,XBTUSD,short,Limit,150000,-0.2047,1.017,1802850000
2018-04-15 23:18:12,XBTUSD,short,Limit,150000,0.0118,0.785,1802550000
2018-04-15 23:18:58,XBTUSD,short,Limit,200000,0.2759,0.419,2405800000
2018-04-15 23:38:03,XBTUSD,short,Limit,200000,0.1199,0.476,2403596139
2018-04-16 00:41:57,XBTUSD,short,Limit,180000,-0.468,0.993,2149920000
2018-04-16 00:51:03,XBTUSD,short,Limit,170000,-0.2258,0.968,2030990000
2018-04-16 00:52:43,XBTUSD,short,Limit,30000,-0.1796,0.972,358500000
2018-04-16 00:52:43,XBTUSD,short,Limit,170000,-0.0447,0.58,2031500000
2018-04-16 01:10:44,XBTUSD,short,Limit,190000,0.0757,0.504,2269360000
2018-04-16 01:19:32,XBTUSD,short,Limit,190000,0.3016,0.399,2275250000
2018-04-16 01:22:25,XBTUSD,short,Limit,14544,0.0955,0.436,173815344
2018-04-16 01:22:45,XBTUSD,short,Limit,200000,0.1717,0.373,2389656517
2018-04-16 01:30:49,XBTUSD,short,Limit,200000,0.162,0.294,2389800000
2018-04-16 01:34:42,XBTUSD,long,Market,200000,-0.0802,0.04,2392200187
2018-04-16 01:38:39,XBTUSD,long,Limit,144723,0.1543,0.06,1730202683
2018-04-16 01:41:33,XBTUSD,long,Limit,55277,0.0958,0.108,661168197
2018-04-16 02:03:32,XBTUSD,long,Limit,132364,-0.0239,0.261,1584926536
2018-04-16 02:15:25,XBTUSD,short,Limit,5000,1.2552,0.02,61405000
2018-04-16 02:17:18,XBTUSD,short,Market,195000,0.7398,0.051,2382315000
2018-04-16 02:29:53,XBTUSD,long,Market,200000,0.1713,0.154,2450000000
2018-04-16 02:32:13,XBTUSD,short,Market,200000,0.0565,0.029,2451181110
2018-04-16 02:58:37,XBTUSD,short,Limit,200000,0.1897,0.427,2452000000
2018-04-16 03:01:28,XBTUSD,short,Market,200000,0.417,0.425,2455245770
2018-04-16 03:07:54,XBTUSD,long,Limit,200000,0.3133,0.062,2449400000
2018-04-16 03:23:26,XBTUSD,short,Limit,146119,0.2138,0.057,1788642679
2018-04-16 03:33:42,XBTUSD,short,Limit,53881,0.1954,0.224,659395678
2018-04-16 04:27:37,XBTUSD,long,Limit,200000,0.1351,0.05,2453600000
2018-04-16 05:15:31,XBTUSD,long,Market,200000,-0.2312,0.057,2465996329
2018-04-16 05:20:08,XBTUSD,long,Limit,200000,0.4826,0.028,2478800000
2018-04-16 05:46:45,XBTUSD,long,Limit,200000,0.2793,0.427,2475600000
2018-04-16 06:04:55,XBTUSD,long,Limit,89137,-0.1215,0.087,1106635855
2018-04-16 06:05:53,XBTUSD,long,Limit,100000,-0.0062,0.091,1240200000
2018-04-16 06:14:54,XBTUSD,long,Limit,88555,0.1647,0.21,1097993445
2018-04-16 06:27:54,XBTUSD,long,Limit,200000,0.2548,0.354,2478400000
2018-04-16 06:36:20,XBTUSD,long,Limit,200000,0.2731,0.315,2474400000
2018-04-16 06:55:51,XBTUSD,short,Limit,95849,0.1112,0.258,1185556281
2018-04-16 06:56:17,XBTUSD,short,Limit,4151,0.0432,0.265,51310511
2018-04-16 06:58:00,XBTUSD,short,Limit,100000,0.1174,0.292,1237000000
2018-04-16 07:25:41,XBTUSD,short,Limit,70607,0.4625,0.711,874961944
2018-04-16 07:32:28,XBTUSD,short,Limit,360,0.2282,0.824,4450320
2018-04-16 09:16:32,XBTUSD,short,Limit,200000,-0.071,2.267,2467200000
2018-04-16 09:24:56,XBTUSD,short,Limit,200000,0.7913,1.598,2480600000
2018-04-16 09:28:19,XBTUSD,short,Limit,1990,0.7686,0.68,24664060
2018-04-16 09:35:15,XBTUSD,short,Market,200000,0.6761,0.788,2476646525
2018-04-16 10:49:08,XBTUSD,short,Limit,200000,0.625,0.952,2484325380
2018-04-16 11:08:25,XBTUSD,short,Limit,200000,0.887,0.895,2486000000
2018-04-16 12:20:28,XBTUSD,short,Limit,200000,0.4555,1.28,2488395933
2018-04-16 12:36:36,XBTUSD,short,Limit,200000,0.6339,1.331,2488596710
2018-04-16 12:39:06,XBTUSD,short,Limit,200000,1.1424,0.304,2512000000
2018-04-16 12:54:08,XBTUSD,long,Limit,78974,0.0565,0.048,991044726
2018-04-16 12:59:36,XBTUSD,long,Limit,31282,0.0565,0.139,392557818
2018-04-16 13:01:39,XBTUSD,long,Limit,168718,0.2572,0.164,2117242182
2018-04-16 13:02:23,XBTUSD,long,Limit,200000,0.3967,0.131,2508400000
2018-04-16 13:17:37,XBTUSD,long,Limit,64088,0.0251,0.151,805265720
2018-04-16 13:29:48,XBTUSD,long,Limit,200000,-0.0828,0.31,2517800000
2018-04-16 13:33:42,XBTUSD,long,Limit,80141,0.0944,0.24,1008253921
2018-04-16 13:35:38,XBTUSD,long,Limit,200000,0.1935,0.242,2517200000
2018-04-16 13:37:28,XBTUSD,long,Limit,119859,0.4233,0.228,1508185797
2018-04-16 22:13:46,XBTUSD,long,Limit,10,0.0062,0.001,124770
2018-04-16 22:15:14,XBTUSD,short,Limit,10,-0.025,0.013,124800
2018-04-17 00:12:13,ADAM18,short,Limit,1792,1.4016,0.288,5798912
2018-04-17 00:39:01,ADAM18,short,Limit,98812,0.8165,0.7,321633060
2018-04-17 00:39:27,ADAM18,short,Market,1188,-0.3175,0.43,3872068
2018-04-17 10:20:33,XBTUSD,short,Limit,200000,0.7004,3.237,2474800000
2018-04-18 00:46:05,XBTUSD,long,Limit,196050,0.1012,2.823,2477287800
2018-04-18 00:48:03,XBTUSD,long,Limit,3950,0.0506,2.836,49935900
2018-04-18 01:00:25,XBTUSD,long,Limit,200000,0.3994,2.941,2525800000
2018-04-18 01:12:49,XBTUSD,long,Limit,200000,0.7432,1.895,2522000000
2018-04-18 03:03:37,XBTUSD,long,Limit,200000,0.1392,0.127,2526600000
2018-04-18 06:48:46,XBTUSD,long,Limit,200000,0.4897,0.109,2531600000
2018-04-18 06:49:34,XBTUSD,long,Limit,200000,0.8904,0.113,2521400000
2018-04-18 07:01:57,XBTUSD,long,Market,200000,0.2898,0.131,2458454807
2018-04-18 08:22:48,XBTUSD,short,Limit,200000,0.1795,0.231,2469800000
2018-04-18 08:37:01,XBTUSD,long,Limit,61754,0.1236,0.044,762414884
2018-04-18 08:37:33,XBTUSD,long,Market,99040,0.0783,0.047,1223264626
2018-04-18 12:24:32,XBTUSD,short,Limit,200000,0.1171,0.269,2468800000
2018-04-18 15:04:26,XBTUSD,long,Limit,151110,0.1692,0.05,1890234990
2018-04-18 15:08:10,XBTUSD,long,Market,48890,0.1253,0.112,611858350
2018-04-18 19:50:37,XBTUSD,short,Limit,174459,0.1108,0.271,2150207175
2018-04-18 19:52:49,XBTUSD,short,Market,25541,0.0985,0.289,314767284
2018-04-18 22:30:47,XBTUSD,short,Limit,200000,1.0866,0.935,2468600000
2018-04-18 22:31:03,XBTUSD,short,Market,200000,0.7875,0.322,2461071608
2018-04-19 01:37:14,XBTUSD,short,Market,600000,-0.4306,0.82,7331086024
2018-04-19 01:41:15,XBTUSD,short,Limit,200000,0.055,0.033,2447600000
2018-04-19 01:41:19,XBTUSD,short,Market,276670,0.0329,0.026,3385168222
2018-04-19 01:45:38,XBTUSD,short,Market,200000,-0.2035,0.052,2439400000
2018-04-19 02:13:52,XBTUSD,short,Limit,300000,0.2208,0.421,3674426894
2018-04-19 02:33:43,XBTUSD,short,Limit,250000,-0.0772,0.558,3060000000
2018-04-19 02:36:41,XBTUSD,short,Market,750000,-0.1602,0.421,9179250000
2018-04-19 02:46:49,XBTUSD,short,Market,750000,-1.3373,0.104,9048266531
2018-04-19 02:47:57,XBTUSD,short,Limit,48042,0.4143,0.01,583077100
2018-04-19 02:50:14,XBTUSD,short,Limit,201958,0.6834,0.048,2456415154
2018-04-19 02:54:20,XBTUSD,long,Market,298042,-0.1138,0.06,3634375669
2018-04-19 03:08:29,XBTUSD,short,Limit,200000,0.1037,0.17,2442000000
2018-04-19 03:09:19,XBTUSD,short,Limit,200000,0.2012,0.153,2444000000
2018-04-19 03:23:37,XBTUSD,short,Limit,2272,0.1587,0.148,27786560
2018-04-19 03:45:59,XBTUSD,short,Market,600000,-0.0209,0.443,7336236674
2018-04-19 11:40:27,XBTUSD,short,Limit,250000,0.1572,0.193,3052250000
2018-04-19 16:32:40,XBTUSD,short,Limit,34968,0.1092,0.238,424791264
2018-04-19 16:41:39,XBTUSD,short,Limit,36559,0.1153,0.381,444155291
2018-04-19 16:49:47,XBTUSD,short,Limit,12301,0.1699,0.514,149530956
2018-04-19 16:55:54,XBTUSD,short,Limit,232699,0.1031,0.595,2827525549
2018-04-19 16:56:58,XBTUSD,short,Limit,12301,0.1032,0.559,149555558
2018-04-19 16:57:14,XBTUSD,short,Limit,250000,0.1033,0.466,3039250000
2018-04-20 02:40:13,XBTUSD,short,Limit,200000,-0.0125,1.173,2401600000
2018-04-20 02:42:20,XBTUSD,short,Limit,200000,0.2488,0.951,2405200000
2018-04-20 04:01:50,XBTUSD,short,Limit,200000,0.054,1.279,2403000000
2018-04-20 04:42:14,XBTUSD,long,Limit,200000,-0.0483,0.076,2414800000
2018-04-20 05:08:38,XBTUSD,long,Limit,200000,0.1452,0.045,2416400000
2018-04-20 08:01:17,XBTUSD,short,Limit,200000,0.0803,0.495,2404800000
2018-04-20 10:47:14,XBTUSD,short,Limit,200000,0.6237,0.074,2346000000
2018-04-20 11:27:51,XBTUSD,short,Limit,200000,0.0938,0.065,2348000000
2018-04-20 12:50:24,XBTUSD,short,Limit,202570,0.3077,0.547,2377361520
2018-04-20 22:32:42,XBTUSD,short,Limit,119609,-1.9725,0.162,1371436794
2018-04-20 22:34:13,XBTUSD,short,Limit,67059,-2.5139,0.187,764874954
2018-04-20 22:36:43,XBTUSD,short,Limit,80391,-0.1407,0.17,919833822
2018-04-20 22:41:07,XBTUSD,short,Limit,100000,0.2054,0.231,1143500000
2018-04-20 23:00:13,XBTUSD,short,Limit,200000,-1.044,0.49,2257000000
2018-04-20 23:01:08,XBTUSD,short,Limit,147152,-0.4074,0.329,1663259056
2018-04-20 23:13:07,XBTUSD,short,Limit,100000,0.5913,0.402,1127200000
2018-04-20 23:13:22,XBTUSD,short,Limit,100000,0.9756,0.377,1129800000
2018-04-20 23:15:26,XBTUSD,short,Limit,100000,0.8213,0.313,1130400000
2018-04-20 23:15:27,XBTUSD,short,Limit,100000,0.2481,0.222,1130400000
2018-04-20 23:15:33,XBTUSD,short,Limit,100000,0.4618,0.214,1131700000
2018-04-20 23:15:46,XBTUSD,short,Limit,100000,0.7227,0.107,1134829888
2018-04-20 23:16:04,XBTUSD,short,Limit,100000,0.844,0.087,1134900000
2018-04-20 23:20:21,XBTUSD,short,Limit,123454,0.0542,0.053,1398610366
2018-04-20 23:21:53,XBTUSD,short,Limit,100000,0.3149,0.042,1135764350
2018-04-20 23:25:27,XBTUSD,long,Limit,100000,0.2275,0.022,1134900000
2018-04-21 00:05:37,XBTUSD,short,Limit,200000,-0.0679,0.387,2262800000
2018-04-21 00:06:56,XBTUSD,short,Limit,200000,0.2596,0.13,2263400000
2018-04-21 03:25:09,XBTUSD,short,Limit,200000,-0.3564,1.069,2255000000
2018-04-21 03:25:49,XBTUSD,short,Limit,200000,-0.1507,1.024,2256866073
2018-04-21 04:27:47,XBTUSD,short,Limit,200000,0.0791,0.636,2261600000
2018-04-21 06:23:48,XBTUSD,short,Limit,200000,0.0169,0.027,2249400000
2018-04-21 07:08:37,XBTUSD,short,Limit,200000,-0.1166,0.756,2243292153
2018-04-21 07:39:26,XBTUSD,short,Limit,100000,-0.3765,0.837,1117752420
2018-04-21 07:43:32,XBTUSD,short,Limit,100000,0.0112,0.903,1122100000
2018-04-21 07:43:42,XBTUSD,short,Limit,100000,0.7967,0.552,1122200000
2018-04-21 07:56:47,XBTUSD,short,Limit,100000,1.0186,0.709,1127247215
2018-04-21 07:58:30,XBTUSD,short,Market,200000,1.0246,0.353,2249400000
2018-04-21 10:01:13,XBTUSD,long,Limit,100000,-0.0211,0.277,1143200000
2018-04-21 10:06:08,XBTUSD,long,Limit,100000,0.2691,0.337,1142200000
2018-04-21 10:06:40,XBTUSD,long,Limit,100000,0.6148,0.329,1142200000
2018-04-21 10:52:59,XBTUSD,long,Limit,200000,0.1486,0.453,2282800000
2018-04-21 10:55:22,XBTUSD,long,Limit,100000,0.2174,0.22,1141900000
2018-04-21 12:54:40,XBTUSD,long,Limit,100000,0.627,2.125,1140300000
2018-04-21 12:55:09,XBTUSD,long,Limit,100000,0.6655,2.132,1139800000
2018-04-21 12:56:18,XBTUSD,long,Market,100000,0.2744,1.953,1140100000
2018-04-22 00:06:29,XBTUSD,short,Limit,200000,0.1575,0.061,2253200000
2018-04-22 08:43:22,XBTUSD,short,Limit,38115,-0.13,0.225,427198920
2018-04-22 08:46:36,XBTUSD,short,Limit,161885,-0.1796,0.284,1813597655
2018-04-22 09:22:20,XBTUSD,long,Market,200000,-0.1643,0.16,2243629858
2018-04-22 22:18:40,XBTUSD,short,Limit,100000,0.0394,1.346,1125600000
2018-04-22 22:20:42,XBTUSD,short,Limit,100000,0.3032,1.078,1126400000
2018-04-22 23:04:57,XBTUSD,long,Limit,200000,0.0733,0.009,2263000000
2018-04-22 23:51:28,XBTUSD,long,Limit,200000,0.1478,0.034,2269800000
2018-04-23 06:40:12,BCHM18,short,Limit,12,0.5917,0.081,188040000
2018-04-23 06:42:10,BCHM18,short,Limit,18,0.8339,0.101,282960000
2018-04-23 07:51:50,BCHM18,short,Limit,30,0.6287,0.087,483600000
2018-04-24 00:38:25,BCHM18,short,Market,6,1.8994,0.087,98650000
2018-04-24 00:39:18,XBTUSD,short,Limit,200000,0.4152,0.042,2177813428
2018-04-24 00:39:45,XBTUSD,short,Limit,200000,0.3577,0.035,2179748763
2018-04-24 00:50:20,XBTUSD,short,Limit,200000,0.0871,0.075,2178600000
2018-04-24 01:00:58,XBTUSD,short,Limit,200000,0.4823,0.232,2178200000
2018-04-24 01:04:35,XBTUSD,short,Limit,200000,0.6873,0.29,2179800000
2018-04-24 01:08:29,XBTUSD,short,Limit,200000,0.4728,0.248,2184200000
2018-04-24 01:13:15,XBTUSD,long,Limit,103393,0.1384,0.013,1129982097
2018-04-24 01:57:13,BCHM18,short,Limit,30,-2.786,0.257,520200000
2018-04-24 02:15:43,XBTUSD,short,Market,100,0.141,0.021,1086400
2018-04-24 02:20:47,BCHM18,short,Limit,30,1.3165,0.433,517200000
2018-04-24 02:40:09,XBTUSD,short,Limit,138960,0.1306,0.229,1514108160
2018-04-24 02:47:19,XBTUSD,short,Limit,61040,0.1415,0.342,665152880
2018-04-24 02:47:59,BCHM18,short,Limit,30,0.9765,0.772,517200000
2018-04-24 03:37:50,BCHM18,short,Limit,30,-0.5764,0.895,523500000
2018-04-24 05:09:29,BCHM18,short,Limit,30,2.1414,1.804,516400000
2018-04-24 06:05:04,XBTUSD,short,Limit,59070,0.2964,0.242,638605770
2018-04-24 06:33:04,XBTUSD,short,Limit,200000,0.3183,0.702,2165000000
2018-04-24 07:07:20,XBTUSD,short,Limit,200000,0.449,0.429,2173600000
2018-04-24 10:34:33,XBTUSD,short,Limit,200000,0.2784,0.017,2147600000
2018-04-24 14:01:19,XBTUSD,short,Market,200000,1.3588,0.396,2161589318
2018-04-24 14:03:10,XBTUSD,long,Limit,200000,0.2513,0.016,2159200000
2018-04-24 14:54:12,XBTUSD,short,Limit,100000,0.0215,0.743,1076200000
2018-04-24 21:08:57,XBTUSD,short,Limit,200000,-1.8182,6.685,2110831977
2018-04-24 21:11:16,XBTUSD,short,Market,200000,-1.5586,5.264,2109800000
2018-04-24 22:22:04,XBTUSD,short,Limit,200000,0.3501,0.011,2097800000
2018-04-24 22:32:21,XBTUSD,short,Limit,200000,0.1775,0.041,2091800000
2018-04-24 23:55:32,XBTUSD,short,Limit,200000,0.3076,0.06,2057000000
2018-04-25 00:05:29,XBTUSD,short,Limit,200000,0.3738,0.102,2074200000
2018-04-25 00:33:44,ADAM18,long,Limit,21594,1.3181,0.041,74693646
2018-04-25 00:39:40,ADAM18,long,Limit,24253,1.3181,0.131,83891127
2018-04-25 00:42:07,ADAM18,long,Limit,54153,1.2888,0.172,187261074
2018-04-25 00:42:38,ADAM18,long,Limit,37628,1.9146,0.115,130192880
2018-04-25 00:43:50,ADAM18,long,Limit,52800,1.5611,0.135,182054400
2018-04-25 00:44:42,ADAM18,long,Limit,9572,1.5317,0.15,32994684
2018-04-25 03:58:27,XBTUSD,long,Limit,200000,0.3153,0.014,2095400000
2018-04-25 04:05:08,XBTUSD,long,Limit,200000,0.1787,0.04,2099000000
2018-04-25 04:41:40,XBTUSD,long,Limit,200000,0.4924,0.027,2130200000
2018-04-25 04:53:03,XBTUSD,long,Limit,100000,-0.4588,0.107,1072000000
2018-04-25 04:58:41,XBTUSD,long,Limit,100000,-0.2988,0.19,1070300000
2018-04-25 04:58:41,XBTUSD,long,Limit,200000,-0.1084,0.172,2140600000
2018-04-25 04:59:40,XBTUSD,long,Limit,200000,0.7103,0.163,2137000000
2018-04-25 05:00:02,XBTUSD,long,Limit,200000,0.825,0.108,2136800000
2018-04-25 05:10:09,XBTUSD,long,Limit,200000,0.1709,0.108,2132600000
2018-04-25 05:10:49,XBTUSD,long,Limit,200000,0.3905,0.11,2131200000
2018-04-25 09:07:18,XBTUSD,long,Limit,200000,0.273,0.153,2135200000
2018-04-25 10:59:28,XBTUSD,long,Limit,175942,-0.3794,0.588,1914952728
2018-04-25 11:02:51,XBTUSD,long,Limit,200000,-0.3049,0.472,2175400000
2018-04-25 11:18:34,XBTUSD,long,Market,650000,-0.9161,0.462,7140221652
2018-04-25 11:22:27,XBTUSD,long,Limit,58,0.4742,0.053,636608
2018-04-25 11:33:47,XBTUSD,long,Limit,200000,0.8932,0.242,2186200000
2018-04-25 11:36:47,XBTUSD,long,Market,600000,0.1542,0.17,6570972856
2018-04-25 11:45:40,XBTUSD,long,Market,200000,-0.1471,0.099,2197000000
2018-04-25 12:04:49,XBTUSD,short,Limit,200000,0.1575,0.034,2172800000
2018-04-25 13:56:26,XBTUSD,long,Limit,200000,0.5347,0.144,2206600000
2018-04-25 14:17:23,XBTUSD,long,Limit,200000,0.464,0.064,2223400000
2018-04-25 14:47:06,XBTUSD,long,Market,600000,-0.7319,0.289,6786415892
2018-04-25 14:58:24,XBTUSD,long,Limit,70000,1.4243,0.168,785750000
2018-04-25 14:58:42,XBTUSD,long,Limit,70000,1.5779,0.174,783580000
2018-04-25 14:59:10,XBTUSD,long,Limit,130000,1.4604,0.171,1455480000
2018-04-25 15:14:59,XBTUSD,long,Limit,80000,0.8614,0.425,899040000
2018-04-25 15:20:20,XBTUSD,long,Limit,200000,1.2391,0.438,2235000000
2018-04-25 15:20:39,XBTUSD,long,Limit,100000,0.5056,0.35,1117600000
2018-04-25 15:21:31,XBTUSD,long,Limit,100000,0.641,0.354,1117400000
2018-04-25 15:21:53,XBTUSD,long,Market,100000,0.6695,0.182,1119121397
2018-04-25 17:27:07,XBTUSD,long,Limit,100000,0.8527,1.217,1112500000
2018-04-25 23:59:06,XBTUSD,long,Limit,100000,-0.3611,0.513,1132400000
2018-04-26 00:07:05,XBTUSD,long,Limit,41962,0.3114,0.024,478115028
2018-04-26 00:11:29,XBTUSD,long,Limit,100000,0.3868,0.098,1139600000
2018-04-26 00:39:07,XBTUSD,long,Limit,3582,1.2244,0.196,40874202
2018-04-26 00:42:36,XBTUSD,long,Limit,92345,1.1262,0.254,1054764590
2018-04-26 00:44:21,XBTUSD,long,Limit,4073,0.9934,0.283,46582901
2018-04-26 00:47:27,XBTUSD,long,Limit,100000,0.9529,0.335,1144200000
2018-04-26 00:57:17,XBTUSD,long,Limit,100000,1.5158,0.482,1139800000
2018-04-26 00:58:47,XBTUSD,long,Limit,200000,1.2288,0.365,2275800000
2018-04-26 01:13:40,XBTUSD,long,Limit,200000,0.5003,0.113,2282195000
2018-04-26 02:03:29,XBTUSD,long,Limit,94950,0.2119,0.068,1085183550
2018-04-26 09:42:02,XBTUSD,long,Limit,200000,-0.0345,0.179,2302000000
2018-04-26 22:57:07,XBTUSD,short,Limit,200000,0.0163,0.045,2167600000
2018-04-26 23:02:31,XBTUSD,short,Limit,200000,0.1402,0.023,2159400000
2018-04-27 04:08:18,XBTUSD,long,Limit,14894,0.2575,0.029,161912674
2018-04-27 16:19:30,XBTUSD,long,Limit,200000,0.7696,0.962,2148764550
2018-04-27 20:43:37,XBTUSD,long,Limit,200000,-0.1,0.11,2224000000
2018-04-27 20:46:50,XBTUSD,long,Limit,200000,0.3687,0.078,2226000000
2018-04-27 20:47:36,XBTUSD,long,Limit,200000,0.5407,0.046,2217600000
2018-04-27 21:06:54,XBTUSD,long,Limit,36936,0.3246,0.057,412058016
2018-04-27 21:07:41,XBTUSD,long,Limit,163064,0.4382,0.07,1817185216
2018-04-28 09:53:46,XBTUSD,short,Limit,85902,0.2424,0.091,927655698
2018-04-28 10:20:07,XBTUSD,short,Limit,200000,-0.1374,0.385,2152400000
2018-04-28 10:34:43,XBTUSD,short,Limit,200000,0.5023,0.439,2159484530
2018-04-28 13:15:01,XBTUSD,short,Market,200000,-0.13,0.051,2128329713
2018-04-28 13:19:56,XBTUSD,short,Limit,113825,0.1436,0.053,1212897117
2018-04-28 13:40:24,XRPM18,short,Limit,9489,0.4879,0.012,96778311
2018-04-28 14:38:41,XBTUSD,long,Limit,200000,-0.0755,0.016,2138395000
2018-04-28 14:39:45,XBTUSD,long,Limit,200000,0.2264,0.007,2138200000
2018-04-28 14:57:47,XBTUSD,long,Limit,200000,0.1396,0.024,2144000000
2018-04-29 05:28:22,ADAM18,short,Limit,3141,0.386,0.03,12969189
2018-04-29 05:50:49,ADAM18,short,Limit,16239,0.386,0.367,67050831
2018-04-29 07:20:09,ADAM18,short,Limit,80600,-1.351,1.838,338600600
2018-04-29 07:25:59,ADAM18,short,Limit,19400,-0.667,1.814,81518800
2018-04-29 07:25:59,ADAM18,short,Limit,100000,0.2565,1.683,416800000
2018-04-29 08:02:42,ADAM18,short,Limit,1500,-0.1906,1.71,6309000
2018-04-29 08:29:19,ADAM18,short,Limit,100000,0.2464,2.151,418800000
2018-04-29 08:29:28,ADAM18,short,Limit,100000,1.0282,2.126,417800000
2018-04-29 08:44:37,ADAM18,short,Limit,100000,2.2716,2.171,415100000
2018-04-29 11:35:20,ADAM18,short,Limit,53346,4.8504,3.771,214344228
2018-04-29 11:36:59,ADAM18,short,Limit,39708,4.8575,3.687,159654768
2018-04-29 11:37:37,ADAM18,short,Market,6946,4.7846,3.696,27949343
2018-04-29 14:43:12,XBTUSD,short,Limit,200000,0.1366,0.01,2143883250
2018-04-29 20:19:37,XBTUSD,long,Limit,320,-0.0103,0.021,3435840
2018-05-01 13:13:05,XBTUSD,long,Limit,200000,0.0113,0.067,2256400000
2018-05-01 21:12:14,XBTUSD,short,Limit,200000,0.0666,0.016,2213866925
2018-05-01 21:21:44,XBTUSD,short,Limit,200000,-0.0606,0.033,2202000000
2018-05-02 06:55:19,XBTUSD,short,Limit,200000,0.0438,0.056,2190800000
2018-05-02 07:01:12,XBTUSD,short,Limit,200000,0.1145,0.026,2183600000
2018-05-03 16:09:18,XBTUSD,short,Limit,200000,0.0053,0.004,2116400000
2018-05-03 16:25:16,XBTUSD,short,Limit,200000,0.1005,0.254,2118000000
2018-05-03 17:08:21,XBTUSD,short,Market,800000,-0.3552,0.195,8331059710
2018-05-03 17:27:17,XBTUSD,short,Limit,13000,0.1038,0.11,135096000
2018-05-03 17:34:17,XBTUSD,short,Limit,200000,0.3604,0.226,2083600000
2018-05-03 17:37:54,XBTUSD,short,Limit,200000,0.3568,0.27,2081200000
2018-05-03 18:12:37,XBTUSD,short,Limit,200000,-0.6598,0.804,2058000000
2018-05-03 18:13:52,XBTUSD,short,Limit,200000,-0.9773,0.628,2061400000
2018-05-03 18:15:02,XBTUSD,short,Limit,200000,-0.5618,0.612,2065600000
2018-05-03 18:20:18,XBTUSD,short,Limit,172072,-0.1345,0.477,1777331688
2018-05-03 18:24:35,XBTUSD,short,Limit,27928,-0.0931,0.548,288580024
2018-05-03 18:27:07,XBTUSD,short,Limit,200000,0.093,0.543,2069200000
2018-05-03 18:28:25,XBTUSD,short,Limit,200000,0.2526,0.204,2067400000
2018-05-03 18:37:23,XBTUSD,short,Limit,200000,0.165,0.084,2065800000
2018-05-03 18:41:43,XBTUSD,short,Limit,200000,0.3299,0.157,2069000000
2018-05-03 19:35:37,XBTUSD,short,Limit,200000,0.3142,0.502,2066600000
2018-05-03 19:38:54,XBTUSD,short,Limit,200000,0.4481,0.337,2069400000
2018-05-03 23:04:48,XBT7D_U110,long,Limit,10,7.8995,3.285,2650000
2018-05-03 23:19:56,ADAM18,long,Limit,3387,0.4336,0.123,13338006
2018-05-03 23:27:37,ADAM18,long,Limit,125518,-0.2805,0.256,490775380
2018-05-03 23:30:38,ADAM18,long,Limit,5000,-0.407,0.292,19575000
2018-05-03 23:31:18,ADAM18,long,Limit,195000,-0.4579,0.299,763035000
2018-05-03 23:32:10,XBT7D_U110,long,Limit,5,9.927,3.613,1351000
2018-05-03 23:36:07,ADAM18,long,Limit,5773,2.6053,0.358,22508927
2018-05-03 23:48:47,ADAM18,long,Limit,200000,2.4397,0.578,779000000
2018-05-04 00:10:44,XBTUSD,short,Limit,200000,0.1927,0.02,2087600000
2018-05-04 00:17:35,XBTUSD,short,Limit,200000,0.2339,0.095,2088551771
2018-05-05 18:30:57,XBTUSD,long,Limit,1,-0.0304,0.023,10149
2018-05-05 18:30:57,XBTUSD,long,Limit,1,0.0051,0.014,10149
2018-05-05 18:32:16,XBTUSD,long,Market,2,0.1015,0.036,20278
2018-05-06 09:06:30,XBTUSD,long,Limit,153131,0.1415,0.047,1602669046
2018-05-06 09:08:09,XBTUSD,short,Limit,93738,-0.0419,0.021,980499480
2018-05-06 12:01:27,XBTUSD,long,Limit,200000,0.672,0.076,2102200000
2018-05-06 12:18:47,XBTUSD,long,Market,200000,0.0919,0.019,2119000000
2018-05-07 01:05:34,XBTUSD,long,Limit,200000,0.3045,0.052,2125800000
2018-05-07 02:10:39,XBTUSD,long,Limit,200000,-0.4557,0.864,2146013981
2018-05-07 02:15:37,XBTUSD,long,Limit,200000,-0.0896,0.937,2144400000
2018-05-07 02:18:40,XBTUSD,long,Limit,200000,0.2902,0.648,2143800000
2018-05-07 02:33:28,XBTUSD,long,Limit,22889,0.1054,0.656,245845128
2018-05-07 02:34:09,XBTUSD,long,Limit,177111,0.0802,0.645,1902609260
2018-05-07 02:55:50,XBTUSD,long,Limit,200000,0.168,0.029,2148400000
2018-05-07 03:03:19,XBTUSD,long,Market,10000,0.0807,0.142,107500000
2018-05-07 03:42:40,XRPM18,long,Limit,50000,-0.3397,0.302,469450000
2018-05-07 03:42:40,XRPM18,long,Limit,50000,1.0646,0.28,469900000
2018-05-07 03:43:14,XRPM18,long,Limit,50000,1.9527,0.273,469900000
2018-05-07 03:43:42,XRPM18,long,Limit,9999,2.2433,0.261,93880611
2018-05-07 03:46:03,ADAM18,long,Limit,37500,2.3796,0.156,140362500
2018-05-07 03:47:58,ADAM18,long,Limit,63000,2.1712,0.183,235305000
2018-05-07 03:48:09,ADAM18,long,Limit,86825,3.1535,0.174,323770425
2018-05-07 03:49:50,ADAM18,long,Market,13175,2.8769,0.187,48997825
2018-05-09 02:59:34,ADAM18,long,Limit,100000,0.9251,0.035,360000000
2018-05-09 02:59:37,ADAM18,long,Limit,100000,1.1236,0.016,360000000
2018-05-09 03:22:41,ADAM18,long,Limit,100000,0.3644,0.255,356831450
2018-05-09 03:23:13,ADAM18,long,Limit,100000,0.7444,0.229,356800000
2018-05-09 03:23:51,XRPM18,long,Limit,10539,0.1982,0.307,95894361
2018-05-09 03:32:44,ADAM18,long,Limit,31041,2.0164,0.342,110847411
2018-05-09 03:35:25,XRPM18,long,Limit,100000,0.0877,0.552,908600000
2018-05-09 03:36:43,ADAM18,long,Limit,68959,2.1143,0.396,246459466
2018-05-09 03:37:45,ADAM18,long,Limit,253,2.2571,0.411,905487
2018-05-09 03:41:22,XRPM18,long,Limit,23270,0.3645,0.573,211431220
2018-05-09 03:47:50,XRPM18,long,Market,66191,0.3684,0.604,601345235
2018-05-09 04:55:52,XRPM18,long,Limit,981,-0.5805,0.685,8736786
2018-05-09 04:56:06,XRPM18,long,Limit,33537,-0.5582,0.684,298747596
2018-05-09 04:56:58,ADAM18,long,Limit,56900,0.5008,1.733,200249200
2018-05-09 04:58:50,ADAM18,long,Limit,42847,0.5997,1.765,150949981
2018-05-09 05:00:16,ADAM18,long,Limit,100000,0.142,1.023,352600000
2018-05-09 05:00:57,ADAM18,long,Limit,1860,1.4664,0.949,6563940
2018-05-09 05:52:40,ADAM18,long,Limit,100000,1.6781,1.789,353700000
2018-05-09 05:57:23,XRPM18,long,Limit,73896,-0.4312,1.722,658413360
2018-05-09 06:03:03,XRPM18,long,Limit,100000,0.5562,1.558,892000000
2018-05-09 06:05:50,XRPM18,long,Limit,59540,1.2028,1.551,531037260
2018-05-09 06:06:19,XRPM18,long,Limit,40460,1.1449,1.461,360741360
2018-05-11 00:13:46,ADAM18,long,Limit,100000,1.0826,0.067,338200000
2018-05-11 00:15:42,ADAM18,long,Limit,2784,1.0745,0.073,9409728
2018-05-11 00:22:09,ADAM18,long,Limit,100000,0.0011,0.182,334900000
2018-05-11 00:23:07,ADAM18,long,Limit,2500,0.7496,0.095,8400000
2018-05-11 00:46:06,ADAM18,long,Limit,100000,0.0286,0.493,333300000
2018-05-11 00:47:29,ADAM18,long,Limit,100000,0.2868,0.499,333700000
2018-05-11 00:54:01,ADAM18,long,Limit,28000,1.1491,0.595,93660000
2018-05-11 00:54:43,ADAM18,long,Limit,5000,1.1491,0.607,16725000
2018-05-11 00:55:47,ADAM18,long,Limit,67000,1.1769,0.617,224383000
2018-05-11 01:09:28,ADAM18,long,Limit,26280,0.077,0.689,87854040
2018-05-11 01:11:21,ADAM18,long,Limit,100000,0.5806,0.721,335000000
2018-05-11 01:25:14,ADAM18,long,Limit,100000,2.099,0.932,336700000
2018-05-11 01:28:29,ADAM18,long,Limit,100000,2.7326,0.972,337200000
2018-05-11 01:30:38,ADAM18,long,Limit,100000,2.7655,0.848,337900000
2018-05-11 01:31:22,ADAM18,long,Limit,100000,1.8951,0.473,338200000
2018-05-11 13:14:57,XBTUSD,long,Limit,200000,0.3216,0.5,2331400000
2018-05-11 13:15:16,XBTUSD,long,Limit,200000,0.6452,0.469,2331000000
2018-05-11 14:05:22,XBTUSD,long,Limit,176579,0.2983,0.291,2059794035
2018-05-11 14:06:07,XBTUSD,long,Market,23421,0.2691,0.303,273276228
2018-05-11 20:42:01,XBTUSD,long,Limit,87177,-0.1361,0.061,1032785919
2018-05-11 20:46:13,XBTUSD,long,Limit,200000,-0.4401,0.122,2379800000
2018-05-11 20:47:09,XBTUSD,long,Limit,200000,0.1223,0.119,2373000000
2018-05-11 20:47:58,XBTUSD,long,Limit,200000,0.3743,0.105,2370600000
2018-05-11 20:48:09,XBTUSD,long,Limit,200000,0.8246,0.071,2370600000
2018-05-11 20:52:44,XBTUSD,long,Limit,200000,0.1547,0.035,2375800000
2018-05-11 20:55:13,XBTUSD,long,Limit,200000,0.2083,0.074,2375200000
2018-05-11 21:21:16,XBTUSD,long,Limit,200000,0.1906,0.095,2378600000
2018-05-11 21:21:58,XBTUSD,long,Limit,200000,0.5494,0.1,2375800000
2018-05-11 21:31:49,XBTUSD,long,Limit,200000,0.1251,0.054,2379200000
2018-05-11 21:52:01,XBTUSD,long,Limit,200000,0.401,0.085,2384200000
2018-05-11 21:53:36,XBTUSD,long,Limit,200000,0.7633,0.079,2378600000
2018-05-11 22:04:32,XBTUSD,long,Limit,200000,0.2266,0.087,2379600000
2018-05-11 22:09:12,XBTUSD,long,Limit,79951,0.2026,0.014,949897831
2018-05-11 23:59:00,XBTUSD,long,Limit,200000,0.3108,0.026,2383400000
2018-05-12 05:19:45,XBTUSD,long,Limit,18512,0.1275,0.026,221699760
2018-05-12 05:22:33,XBTUSD,long,Limit,200000,-0.0158,0.069,2399200000
2018-05-12 05:24:39,XBTUSD,long,Limit,200000,0.3915,0.066,2396000000
2018-05-12 05:28:08,XBTUSD,long,Limit,200000,0.2518,0.037,2392400000
2018-05-12 06:25:03,XBTUSD,long,Limit,200000,-1.1535,0.821,2422734497
2018-05-12 06:25:56,XBTUSD,long,Limit,200000,-0.6301,0.808,2415400000
2018-05-12 06:29:37,XBTUSD,long,Limit,200000,-0.3786,0.8,2413200000
2018-05-12 06:36:19,XBTUSD,long,Limit,112301,-0.0603,0.562,1355473070
2018-05-12 06:43:42,XBTUSD,long,Limit,200000,0.015,0.643,2415400000
2018-05-12 06:45:16,XBTUSD,long,Limit,200000,0.3688,0.591,2412600000
2018-05-12 06:45:22,XBTUSD,long,Limit,200000,0.6778,0.498,2410000000
2018-05-12 06:45:48,XBTUSD,long,Limit,200000,0.864,0.366,2403150050
2018-05-12 06:47:32,XBTUSD,long,Limit,200000,0.6777,0.273,2404200000
2018-05-12 06:52:58,XBTUSD,long,Limit,200000,0.606,0.291,2404200000
2018-05-12 07:20:40,XBTUSD,long,Limit,200000,0.211,0.1,2406800000
2018-05-12 08:41:52,XBTUSD,long,Limit,200000,0.1809,0.104,2407600000
2018-05-12 09:04:34,XBTUSD,long,Limit,200000,-0.1507,0.179,2414800000
2018-05-12 09:36:22,XBTUSD,long,Limit,200000,0.0532,0.657,2416400000
2018-05-12 09:43:38,XBTUSD,long,Limit,200000,0.1876,0.51,2415800000
2018-05-12 09:56:09,XBTUSD,short,Limit,200000,0.4866,0.016,2356400000
2018-05-12 09:56:41,XBTUSD,long,Limit,200000,0.0806,0.007,2353861233
2018-05-12 09:59:38,XBTUSD,short,Limit,200000,0.2928,0.015,2349400000
2018-05-12 10:36:43,XBTUSD,short,Limit,200000,0.2516,0.097,2346000000
2018-05-12 19:53:50,XBTUSD,long,Limit,200000,-0.3889,5.787,2365800000
2018-05-12 19:55:30,XBTUSD,short,Limit,200000,0.1706,0.013,2357800000
2018-05-12 20:03:47,XBTUSD,short,Limit,200000,0.1232,0.025,2349000000
2018-05-12 23:22:41,XBTUSD,short,Limit,200000,0.3102,0.152,2348200000
2018-05-13 14:54:02,XBTUSD,short,Market,200000,-0.3589,0.017,2321023611
2018-05-13 15:10:21,XBTUSD,short,Limit,69152,0.3943,0.247,805067584
2018-05-13 15:10:54,XBTUSD,short,Limit,130848,0.487,0.255,1524771744
2018-05-13 16:23:52,XBTUSD,short,Limit,130848,0.1903,0.018,1511686944
2018-05-14 04:37:09,XBTUSD,long,Limit,200000,0.0957,0.015,2391200000
2018-05-14 20:40:31,XBTUSD,short,Limit,166,-0.1748,0.044,1869326
2018-05-14 20:41:41,XBTUSD,short,Limit,200000,0.1523,0.05,2259200000
2018-05-15 22:48:49,XBTUSD,long,Limit,167453,0.2753,0.019,1979796819
2018-05-15 22:49:34,XBTUSD,short,Limit,113523,0.2542,0.011,1345474596
2018-05-16 02:34:47,XBTUSD,long,Limit,200000,-0.7864,0.19,2458000000
2018-05-16 02:36:02,XBTUSD,long,Limit,200000,-0.092,0.207,2455800000
2018-05-16 02:39:35,XBTUSD,long,Limit,200000,0.123,0.255,2456200000
2018-05-16 02:44:11,XBTUSD,long,Limit,200000,0.4004,0.213,2454000000
2018-05-16 02:44:47,XBTUSD,long,Limit,200000,0.3568,0.134,2451800000
2018-05-16 03:12:29,XBTUSD,long,Limit,200000,0.2214,0.388,2454200000
2018-05-16 03:21:29,XBTUSD,long,Limit,200000,0.2646,0.469,2454800000
2018-05-16 03:23:19,XBTUSD,long,Limit,200000,0.8185,0.087,2438979752
2018-05-16 04:04:38,XBTUSD,long,Limit,200000,0.1532,0.272,2447600000
2018-05-16 04:25:53,XBTUSD,short,Limit,200000,0.1519,0.025,2434200000
2018-05-16 04:28:33,XBTUSD,short,Limit,200000,0.4064,0.067,2436000000
2018-05-16 06:00:07,XBTUSD,short,Limit,200000,0.316,0.072,2438200000
2018-05-16 07:00:44,XBTUSD,short,Limit,26401,0.2547,0.092,321088962
2018-05-16 07:06:32,XBTUSD,short,Limit,173599,0.2244,0.187,2110616642
2018-05-16 10:23:22,XBTUSD,long,Limit,200000,0.2631,0.027,2385200000
2018-05-16 22:37:13,XBTUSD,short,Limit,200000,0.352,0.013,2395200000
2018-05-17 00:20:35,XBTUSD,long,Limit,179505,0.1317,0.01,2146161780
2018-05-18 12:27:02,BCHM18,long,Limit,10,0.6784,0.108,148400000
2018-05-18 12:27:02,BCHM18,long,Limit,10,0.6784,0.106,148400000
2018-05-18 12:38:58,BCHM18,long,Limit,10,0.4071,0.306,148000000
2018-05-18 12:39:04,BCHM18,long,Limit,10,0.4752,0.306,148000000
2018-05-18 23:50:41,ETHM18,short,Limit,10,0.0118,0.041,84980000
2018-05-18 23:50:41,ETHM18,short,Limit,10,0.0118,0.04,84980000
2018-05-19 07:35:23,XBTUSD,long,Limit,92702,0.4506,0.007,1131214813
2018-05-19 13:06:49,XBTUSD,long,Limit,200000,0.0719,0.952,2395200000
2018-05-20 10:28:34,XBTUSD,short,Limit,138442,-0.03,0.214,1659088928
2018-05-20 10:35:59,XBTUSD,short,Limit,80834,0.13,0.312,969603830
2018-05-20 10:36:35,XBTUSD,short,Limit,119166,0.3288,0.255,1429396170
2018-05-20 16:09:02,XBTUSD,short,Limit,200000,-0.6332,0.083,2352400000
2018-05-20 16:16:51,XBTUSD,long,Limit,200000,0.1533,0.063,2354200000
2018-05-21 02:37:09,XBTUSD,short,Limit,164990,0.0764,0.009,1940282400
2018-05-21 02:39:15,XBTUSD,short,Limit,35010,0.0039,0.042,411425550
2018-05-21 11:26:32,XBTUSD,short,Limit,200000,0.0589,0.09,2358000000
2018-05-21 11:59:30,XBTUSD,short,Limit,200000,0.0706,0.095,2356400000
2018-05-22 02:17:24,XBTUSD,long,Limit,200000,0.1931,0.405,2408600000
2018-05-22 10:04:12,XBTUSD,short,Limit,200000,0.0727,0.029,2426400000
2018-05-22 12:07:59,ADAM18,long,Limit,5000,0.2729,0.022,14700000
2018-05-22 12:14:16,XBTUSD,long,Limit,43717,0.2385,0.036,533434834
2018-05-22 12:16:50,XBTUSD,long,Limit,11997,0.1835,0.078,146471373
2018-05-22 12:18:24,ADAM18,long,Limit,95000,0.1705,0.343,279015000
2018-05-22 12:18:33,XBTUSD,long,Limit,188003,0.2115,0.096,2294012606
2018-05-22 12:49:04,XBTUSD,long,Limit,54149,-0.1039,0.362,662513015
2018-05-22 12:51:48,XBTUSD,long,Limit,145851,-0.0733,0.407,1784049432
2018-05-22 12:59:37,XBTUSD,long,Limit,200000,0.3552,0.195,2440800000
2018-05-22 13:48:14,XBTUSD,short,Limit,200000,0.0425,0.031,2427200000
2018-05-22 23:31:35,XBTUSD,long,Limit,300000,0.125,0.108,3745200000
2018-05-23 00:10:31,XBTUSD,long,Limit,300000,0.3066,0.185,3742800000
2018-05-23 01:22:50,XBTUSD,long,Limit,300000,-0.8609,0.437,3803100000
2018-05-23 01:39:51,XBTUSD,long,Limit,43537,-0.0253,0.515,551221957
2018-05-23 02:46:27,XBTUSD,long,Limit,300000,0.2458,1.604,3790800000
2018-05-23 03:18:25,XBTUSD,long,Limit,300000,0.9755,1.968,3779100000
2018-05-23 04:05:05,XBTUSD,short,Limit,300000,0.0755,0.072,3778500000
2018-05-23 04:45:04,XBTUSD,long,Limit,151960,-0.0063,0.324,1920318520
2018-05-23 05:10:30,XBTUSD,long,Limit,300000,0.0611,0.722,3791100000
2018-05-23 05:11:55,XBTUSD,long,Limit,300000,0.2475,0.535,3788700000
2018-05-23 11:20:35,XBTUSD,long,Limit,300000,0.0511,0.049,3827400000
2018-05-23 14:41:11,XBTUSD,long,Limit,300000,0.2318,0.349,3797400000
2018-05-23 15:07:55,XBTUSD,long,Limit,300000,0.301,0.356,3793562956
2018-05-23 15:45:10,XBTUSD,long,Limit,300000,-1.7544,0.385,3867900000
2018-05-23 15:52:44,XBTUSD,long,Limit,300000,-1.9957,0.405,3891000000
2018-05-23 15:58:55,XBTUSD,long,Limit,212422,0.3051,0.194,2749377946
2018-05-23 16:27:47,XBTUSD,long,Limit,200000,-0.5974,0.64,2617000000
2018-05-23 16:33:42,XBTUSD,long,Limit,200000,-0.5352,0.701,2618400000
2018-05-23 16:47:03,XBTUSD,long,Limit,200000,-0.8429,0.767,2615600000
2018-05-23 16:53:19,XBTUSD,long,Limit,300000,0.0131,0.79,3917100000
2018-05-23 17:08:06,XBTUSD,long,Limit,300000,0.2462,0.79,3929100000
2018-05-23 17:25:17,XBTUSD,long,Limit,44555,-0.9189,0.899,590309195
2018-05-23 17:29:57,XBTUSD,long,Limit,400000,-1.0276,0.763,5308400000
2018-05-23 17:33:27,XBTUSD,long,Limit,400000,-1.0486,0.462,5302400000
2018-05-23 17:38:42,XBTUSD,long,Limit,122741,-0.455,0.428,1623617948
2018-05-23 17:55:53,XBTUSD,long,Limit,247969,-1.2553,0.66,3317329282
2018-05-23 17:57:04,XBTUSD,long,Limit,152031,-0.8285,0.327,2031894315
2018-05-23 18:14:05,XBTUSD,long,Limit,210624,0.2545,0.443,2813726016
2018-05-23 18:22:55,XBTUSD,long,Limit,170477,0.6563,0.592,2268366962
2018-05-23 18:24:14,XBTUSD,long,Limit,229523,0.8281,0.217,3052196854
2018-05-24 01:35:48,XBTUSD,long,Limit,300000,0.0395,0.067,3944700000
2018-05-24 01:47:33,XBTUSD,long,Limit,187204,0.0396,0.057,2468846352
2018-05-24 01:49:20,XBTUSD,long,Limit,112796,0.0528,0.086,1487440852
2018-05-24 02:41:19,XBTUSD,long,Limit,176722,0.2315,0.139,2332200234
2018-05-24 02:45:21,XBTUSD,long,Limit,123278,0.2513,0.197,1626529932
2018-05-24 04:31:55,XBTUSD,short,Limit,61963,0.1748,0.01,803536184
2018-05-24 05:11:32,XBTUSD,short,Limit,300000,0.162,0.238,3895200000
2018-05-24 06:29:33,XBTUSD,short,Limit,78125,0.3055,0.106,1018593750
2018-05-24 06:40:20,XBTUSD,long,Limit,300000,0.0746,0.081,3925200000
2018-05-24 06:48:20,XBTUSD,long,Limit,300000,0.0983,0.122,3926100000
2018-05-24 08:00:29,XBTUSD,long,Limit,300000,0.1059,0.104,3968100000
2018-05-24 08:20:33,XBTUSD,long,Limit,300000,-0.4737,0.309,3991500000
2018-05-24 08:37:54,XBTUSD,long,Limit,300000,-2.0191,0.562,4058400000
2018-05-24 08:42:51,XBTUSD,long,Limit,300000,-1.4983,0.54,4056300000
2018-05-24 08:46:13,XBTUSD,long,Limit,300000,-0.9756,0.336,4048800000
2018-05-24 09:24:24,XBTUSD,long,Limit,300000,-0.8741,0.745,4101300000
2018-05-24 09:25:54,XBTUSD,long,Limit,300000,-1.0082,0.323,4101300000
2018-05-24 09:30:22,XBTUSD,short,Limit,300000,0.1865,0.02,4096011577
2018-05-24 09:46:59,XBTUSD,short,Limit,89182,0.1292,0.034,1214123748
2018-05-24 09:48:17,XBTUSD,short,Limit,46411,0.2787,0.055,632767574
2018-05-24 09:50:28,XBTUSD,long,Limit,200000,0.0887,0.011,2728000000
2018-05-24 09:59:25,XBTUSD,short,Limit,151338,0.088,0.029,2051689266
2018-05-24 12:58:35,XBTUSD,short,Limit,300000,0.1064,0.012,3994800000
2018-05-24 13:18:02,XBTUSD,long,Limit,20100,-0.1795,0.1,267671700
2018-05-24 13:19:52,XBTUSD,short,Limit,30129,0.305,0.019,402402924
2018-05-24 14:14:50,XBTUSD,long,Limit,300000,0.1739,0.179,4006800000
2018-05-24 14:43:11,XBTUSD,long,Limit,300000,-0.0466,0.019,3992400000
2018-05-24 14:47:21,XBTUSD,short,Limit,300000,0.0864,0.034,3993000000
2018-05-24 15:15:28,XBTUSD,short,Limit,62400,0.1728,0.15,830731200
2018-05-24 15:18:55,XBTUSD,short,Limit,237600,0.2259,0.202,3164832000
2018-05-24 15:49:44,XBTUSD,short,Limit,140910,0.0133,0.136,1870439340
2018-05-25 01:30:33,XBTUSD,long,Limit,212108,0.5914,7.432,2814747648
2018-05-25 01:31:19,XBTUSD,long,Limit,82100,0.5406,7.443,1090041700
2018-05-25 01:31:30,XBTUSD,long,Market,5792,0.5206,7.446,76911968
2018-05-25 03:02:41,XBTUSD,short,Limit,300000,0.0984,0.05,3939300000
2018-05-25 03:23:39,XBTUSD,short,Limit,235796,0.1907,0.101,3107791280
2018-05-25 06:09:51,XBTUSD,short,Limit,300000,0.1961,0.033,3930600000
2018-05-25 07:09:41,XBTUSD,long,Limit,54751,-1.2579,0.222,738098231
2018-05-25 07:10:05,XBTUSD,long,Limit,300000,-0.9994,0.193,4046100000
2018-05-25 07:14:28,XBTUSD,long,Limit,245249,0.374,0.107,3307428014
2018-05-25 07:16:42,XBTUSD,short,Limit,54751,-0.0337,0.037,738152982
2018-05-25 08:55:02,XBTUSD,long,Limit,1,0.4921,1.639,13416
2018-05-25 08:55:37,XBTUSD,short,Limit,299999,0.0757,0.011,4028386572
2018-05-25 09:03:38,XBTUSD,long,Limit,1,-0.094,0.131,13441
2018-05-25 09:10:28,XBTUSD,short,Limit,304453,0.1114,0.101,4096110662
2018-05-25 15:41:11,XBTUSD,long,Limit,125773,1.0996,5.747,1678566458
2018-05-25 15:42:13,XBTUSD,long,Limit,74227,1.0929,5.764,990707769
2018-05-25 19:08:31,XBTM18,short,Market,1,0.0,0.005,13486
2018-05-26 03:57:33,XBTUSD,long,Limit,200000,0.1651,8.321,2690200000
2018-05-26 07:26:55,XBTUSD,long,Limit,300000,0.7064,0.038,3990600000
2018-05-26 07:27:57,XBTUSD,long,Limit,188249,2.179,0.055,2463238165
2018-05-26 07:30:51,XBTUSD,long,Limit,111751,1.5709,0.103,1470866662
2018-05-26 15:50:18,XBTUSD,long,Limit,313237,-0.4693,8.249,4160727071
2018-05-28 11:39:13,XBTUSD,long,Stop,300000,-0.1495,0.499,4155139809
2018-05-28 12:14:21,XBTUSD,long,Limit,300000,0.1399,0.005,4129500000
2018-05-28 12:14:48,XBTUSD,long,Limit,300000,-0.1722,0.013,4139400000
2018-05-28 12:58:53,XBTUSD,short,Stop,300000,-0.4887,0.158,4106423948
2018-05-29 03:02:10,XBTUSD,long,Limit,100000,0.1338,1.214,1406100000
2018-05-29 03:04:46,XBTUSD,long,Limit,14835,0.183,1.253,208491090
2018-05-29 11:09:43,XBTUSD,short,Limit,300000,0.1302,0.036,4117200000
2018-05-29 11:28:53,XBTUSD,short,Limit,300000,0.3026,0.026,4047300000
2018-05-29 11:40:33,XBTUSD,short,Limit,99960,0.1346,0.134,1347660720
2018-05-29 11:41:06,XBTUSD,short,Limit,197298,0.2272,0.137,2659310136
2018-05-29 11:49:46,XBTUSD,long,Limit,37127,0.2706,0.089,501028865
2018-05-29 11:53:23,XBTUSD,short,Limit,300000,0.0876,0.012,4048800000
2018-05-29 12:12:46,XBTUSD,short,Limit,240998,0.2491,0.155,3251786014
2018-05-29 13:37:36,XBTUSD,short,Limit,300000,0.255,0.231,4037100000
2018-05-29 14:19:07,XBTUSD,long,Limit,300000,0.0607,0.033,4047300000
2018-05-29 18:00:22,XBTUSD,short,Limit,300000,0.2311,0.014,3996452602
2018-05-29 18:08:01,XBTUSD,long,Limit,118302,-0.0067,0.083,1580514720
2018-05-29 18:10:28,XBTUSD,long,Limit,181698,0.0935,0.124,2425123206
2018-05-29 18:13:23,XBTUSD,short,Limit,61500,0.3115,0.008,819733500
2018-05-29 18:14:51,XBTUSD,short,Limit,238500,0.4005,0.033,3182067000
2018-05-29 18:52:26,XBTUSD,short,Limit,50000,0.4262,0.271,670442316
2018-05-29 18:57:28,XBTUSD,long,Limit,200000,0.1411,0.063,2684600000
2018-05-30 14:57:18,XBTUSD,long,Limit,300000,0.3808,0.025,4064700000
2018-05-30 16:46:28,XBTUSD,long,Limit,175768,0.199,0.087,2408021600
2018-05-30 16:48:22,XBTUSD,long,Limit,124231,0.3775,0.118,1698858925
2018-05-30 20:04:20,XBTUSD,long,Limit,150000,0.1177,0.209,2048389559
2018-05-30 20:06:13,XBTUSD,long,Limit,150000,0.1903,0.234,2046762160
2018-05-30 20:09:58,XBTUSD,long,Limit,14307,0.2734,0.296,195061638
2018-05-31 04:47:23,XBTUSD,long,Limit,1,2.5292,8.92,13334
2018-05-31 04:47:52,XBTUSD,short,Limit,299999,0.3679,0.008,4014943174
2018-05-31 06:29:05,XBTUSD,long,Limit,1,1.7598,1.687,13151
2018-05-31 06:30:24,XBTUSD,short,Limit,299999,0.144,0.022,3951586828
2018-05-31 11:14:28,XBTUSD,long,Limit,80385,-0.053,4.043,1064699325
2018-05-31 20:11:44,XBTUSD,long,Limit,157888,0.1048,0.169,2095331648
2018-06-01 00:33:32,XBTUSD,long,Limit,1,-0.2258,4.53,13315
2018-06-01 01:07:39,XBTUSD,short,Limit,90000,0.2918,0.287,1202670000
2018-06-01 01:08:56,XBTUSD,short,Limit,3913,0.2799,0.166,52301158
2018-06-01 01:33:51,XBTUSD,short,Limit,100000,0.0934,0.256,1336000000
2018-06-01 03:57:22,XBTUSD,short,Limit,58627,0.0934,0.319,783022212
2018-06-01 04:01:11,XBTUSD,short,Limit,76520,0.0934,0.359,1021924600
2018-06-01 04:05:10,XBTUSD,long,Limit,999,-0.0467,0.066,13347639
2018-06-01 11:53:32,XBTUSD,short,Limit,1,1.8973,7.806,13619
2018-06-01 11:54:36,XBTUSD,long,Limit,299999,0.8444,0.018,4051486495
2018-06-03 00:01:21,XBTUSD,short,Limit,264217,0.2444,4.434,3465734389
2018-06-03 02:43:33,XBTUSD,short,Limit,63541,0.3202,6.804,833022510
2018-06-03 02:44:43,XBTUSD,short,Limit,1000,0.3202,6.815,13110000
2018-06-03 06:45:08,XBTUSD,short,Limit,180210,-0.3164,0.102,2334260130
2018-06-03 06:46:02,XBTUSD,short,Limit,119791,-0.2916,0.115,1552012196
2018-06-03 06:47:11,XBTUSD,long,Limit,15187,0.0713,0.019,196626089
2018-06-03 11:28:48,XBTUSD,long,Limit,65022,-0.1425,4.713,843595428
2018-06-03 13:59:25,XBTUSD,short,Limit,200000,0.1599,0.684,2594000000
2018-06-03 14:10:03,XBTUSD,short,Limit,34977,0.3624,0.475,454386207
2018-06-04 00:45:20,XBTUSD,short,Limit,300000,0.4001,0.233,3887400000
2018-06-04 06:01:41,XBTUSD,short,Limit,162628,-0.1505,0.105,2125060076
2018-06-04 06:05:17,XBTUSD,short,Limit,200000,0.0351,0.135,2615000000
2018-06-04 06:09:34,XBTM18,short,Limit,21640,0.7587,1.245,282791520
2018-06-04 06:10:11,XBTM18,short,Limit,140,0.6809,1.238,1828120
2018-06-04 06:10:36,XBTM18,short,Limit,101,0.668,1.245,1318758
2018-06-04 06:12:43,XBTM18,short,Limit,48119,0.655,1.256,628193545
2018-06-04 06:39:49,XBTUSD,short,Limit,1,0.9209,0.695,13184
2018-06-04 06:40:28,XBTUSD,long,Limit,299999,0.1714,0.01,3948286839
2018-06-04 06:52:37,ADAM18,long,Limit,6500,0.9408,0.267,18830500
2018-06-04 07:06:44,XBTUSD,short,Limit,1,0.079,0.436,13172
2018-06-04 07:08:09,XBTUSD,long,Limit,67934,0.1515,0.023,893467968
2018-06-04 08:13:52,XBTUSD,short,Limit,1,0.1775,1.095,13175
2018-06-04 08:35:06,XBTUSD,long,Limit,199816,0.224,0.345,2626781136
2018-06-04 11:03:02,XBTUSD,long,Stop,200000,-0.2683,2.333,2641424160
2018-06-04 15:09:37,XBTUSD,long,Limit,300367,-0.1211,1.173,4003291376
2018-06-04 16:39:06,XBTUSD,short,Limit,1,0.1599,1.482,13349
2018-06-04 17:08:58,XBTUSD,long,Limit,200000,-0.2803,0.494,2677400000
2018-06-04 17:30:52,XBTUSD,long,Limit,1129,0.2281,0.383,15112794
2018-06-04 18:53:57,XBTUSD,long,Limit,299999,0.5494,1.768,4002886657
2018-06-04 21:15:36,XBTUSD,short,Limit,223758,-0.0,0.297,2973743820
2018-06-05 01:18:07,XBTUSD,short,Limit,42244,0.3721,4.35,563534960
2018-06-05 01:20:54,XBTUSD,short,Limit,33998,0.3655,4.38,453499322
2018-06-05 02:50:27,XBTUSD,short,Limit,1,1.5549,5.872,13500
2018-06-05 03:04:23,XBTUSD,long,Limit,100,-0.1282,0.232,1351700
2018-06-05 05:41:57,XBTUSD,long,Limit,300000,0.3504,2.092,4038900000
2018-06-05 08:03:55,XBTUSD,long,Limit,200000,0.1146,1.237,2694600000
2018-06-05 08:08:41,XBTUSD,long,Limit,300000,0.306,1.046,4037700000
2018-06-05 13:55:34,XBTUSD,long,Limit,200000,-0.9254,5.142,2707200000
2018-06-05 13:59:10,XBTUSD,long,Limit,100000,-0.9066,5.202,1353500000
2018-06-05 15:08:16,XBTUSD,long,Limit,300000,0.9266,1.244,4037265386
2018-06-05 15:18:18,XBTUSD,long,Limit,1,1.4261,1.411,13391
2018-06-05 15:22:18,XBTUSD,short,Limit,264441,0.1205,0.067,3545624928
2018-06-05 15:49:45,XBTUSD,long,Limit,1,0.1542,0.457,13387
2018-06-05 16:24:52,XBTUSD,short,Limit,300000,-1.3119,0.585,3964200000
2018-06-05 16:28:34,XBTUSD,short,Limit,299999,0.2639,0.215,3968386772
2018-06-05 16:36:41,XBTUSD,long,Limit,203324,0.1457,0.118,2688553252
2018-06-05 18:09:26,XBTUSD,long,Limit,1,1.0263,1.657,13108
2018-06-05 19:01:37,XBTUSD,short,Limit,160905,0.0852,0.874,2110912695
2018-06-05 21:20:52,XBTUSD,short,Limit,300000,0.275,2.878,3939300000
2018-06-05 21:22:33,XBTUSD,short,Limit,300000,0.4802,1.487,3944700000
2018-06-06 01:03:59,XBTUSD,short,Limit,100000,0.0919,1.392,1313700000
2018-06-06 07:19:14,XBTUSD,short,Limit,100000,0.5463,0.027,1307800000
2018-06-06 16:28:09,XBTUSD,short,Limit,100000,0.791,0.562,1317900000
2018-06-06 16:29:03,XBTUSD,short,Limit,1,1.2355,0.576,13238
2018-06-06 16:29:47,XBTUSD,long,Limit,299999,0.264,0.012,3959986800
2018-06-06 16:30:49,XBTUSD,short,Limit,1,0.33,0.017,13243
2018-06-06 16:33:27,XBTUSD,long,Limit,299999,-0.0985,0.044,3976786744
2018-06-06 16:35:56,XBTUSD,short,Limit,1,0.2187,0.041,13285
2018-06-06 16:38:10,XBTUSD,long,Limit,300000,0.1301,0.021,3982200000
2018-06-06 16:38:58,XBTUSD,long,Limit,4601,0.113,0.032,61073674
2018-06-06 18:12:47,XBTUSD,short,Limit,1,0.4115,1.564,13329
2018-06-06 18:15:42,XBTUSD,long,Limit,299999,0.0533,0.048,3996586678
2018-06-06 20:50:33,XBTUSD,short,Stop,1,-1.6785,2.579,13102
2018-06-06 20:53:02,XBTUSD,long,Limit,125821,-0.0882,0.037,1651652267
2018-06-06 20:55:22,XBTUSD,short,Limit,43100,0.2028,0.027,565084100
2018-06-06 21:33:58,XBTUSD,short,Limit,184667,-0.0175,0.114,2403995006
2018-06-06 21:34:29,XBTUSD,short,Limit,200000,0.3804,0.115,2612600000
2018-06-10 03:47:23,XBTUSD,short,Limit,1,5.3771,78.321,13743
2018-06-10 03:48:09,XBTUSD,long,Limit,99999,0.1512,0.013,1372186278
2018-06-10 07:58:58,XBTUSD,short,Limit,1,1.2075,4.18,13890
2018-06-10 08:09:08,XBTUSD,long,Limit,166530,0.3264,0.169,2305607850
2018-06-10 10:56:46,XBTUSD,long,Limit,200000,0.4893,2.551,2761600000
2018-06-10 13:29:44,XBTUSD,long,Limit,200000,0.2125,0.223,2764600000
2018-06-10 13:31:54,XBTUSD,long,Limit,200000,0.2703,0.226,2765200000
2018-06-10 20:48:34,XBTUSD,long,Limit,151559,-0.1844,0.192,2239284225
2018-06-10 20:54:49,XBTUSD,long,Limit,184824,-0.5235,0.177,2747408760
2018-06-10 21:35:19,XBTUSD,long,Limit,148860,0.2283,0.699,2210422140
2018-06-10 21:41:57,XBTUSD,long,Limit,198900,0.7814,0.323,2942725500
2018-06-10 23:04:17,ADAM18,long,Limit,1000,0.3971,0.041,2528000
2018-06-10 23:12:39,ADAM18,long,Limit,50000,-0.278,0.187,125550000
2018-06-10 23:12:49,ADAM18,long,Limit,49000,-0.3177,0.187,122990000
2018-06-10 23:15:04,ADAM18,long,Limit,50000,0.0397,0.223,125950000
2018-06-10 23:15:27,ADAM18,long,Limit,50000,0.1191,0.229,126050000
2018-06-10 23:15:51,ADAM18,long,Limit,50000,0.5175,0.244,126250000
2018-06-10 23:17:04,ADAM18,long,Limit,50000,0.5175,0.258,126250000
2018-06-10 23:17:48,ADAM18,long,Limit,50000,0.7962,0.294,126600000
2018-06-10 23:22:27,ADAM18,long,Limit,50000,0.8758,0.343,126700000
2018-06-10 23:23:15,ADAM18,long,Limit,50000,2.3378,0.259,126950000
2018-06-10 23:28:23,ADAM18,long,Limit,50000,2.3781,0.334,127000000
2018-06-10 23:29:48,ADAM18,long,Limit,50000,2.4184,0.353,127050000
2018-06-10 23:31:32,ADAM18,long,Limit,50000,2.4184,0.384,127050000
2018-06-10 23:35:39,XBTUSD,long,Limit,200000,-0.0297,1.659,2968200000
2018-06-10 23:56:44,XBTUSD,long,Limit,200000,0.2521,0.38,2958600000
2018-06-11 01:29:18,XBTUSD,long,Limit,53758,0.3576,0.04,798252542
2018-06-11 23:58:42,XBTUSD,long,Limit,92546,-0.1524,0.318,1345896478
2018-06-12 01:42:46,XBTUSD,long,Limit,100000,-0.5591,2.049,1460300000
2018-06-12 02:12:08,XBTUSD,long,Limit,100000,0.1642,1.921,1458400000
2018-06-12 02:23:33,XBTUSD,long,Limit,58956,0.1681,2.063,860168040
2018-06-13 01:25:55,XBTUSD,long,Limit,100000,-1.8824,15.42,1526000000
2018-06-13 01:26:58,XBTUSD,long,Limit,48488,0.3598,6.32,739732928
2018-06-13 04:47:22,XBTUSD,long,Limit,100010,0.6201,9.659,1521752160
2018-06-13 04:51:18,XBTUSD,long,Limit,200000,0.9927,5.558,3043597062
2018-06-13 05:00:42,XBTUSD,long,Limit,1,1.7751,5.712,15101
2018-06-13 05:01:04,XBTUSD,short,Limit,199999,0.3905,0.006,3032545833
2018-06-13 05:25:20,XBTUSD,long,Limit,100000,0.0076,0.01,1521700000
2018-06-13 05:27:04,XBTUSD,long,Limit,100000,0.2287,0.033,1521300000
2018-06-13 15:55:58,XBTUSD,long,Limit,200000,-2.2736,7.858,3133400000
2018-06-13 16:05:36,XBTUSD,long,Limit,5881,-1.9674,8.019,91849458
2018-06-13 16:34:12,XBTUSD,long,Limit,200000,-2.048,4.369,3173549148
2018-06-13 16:34:33,XBTUSD,long,Limit,200000,-0.2318,0.442,3153297825
2018-06-13 16:53:52,XBTUSD,long,Limit,159517,-1.0241,0.507,2544774701
2018-06-13 16:56:04,XBTUSD,long,Limit,40483,-0.2466,0.532,645703850
2018-06-13 16:56:24,XBTUSD,long,Limit,50000,-0.1193,0.538,796500000
2018-06-13 16:59:04,XBTUSD,long,Limit,200000,0.2038,0.575,3185200000
2018-06-13 17:01:51,XBTUSD,long,Limit,200000,-0.0399,0.432,3191000000
2018-06-13 17:53:46,XBTUSD,long,Limit,200000,0.9988,1.251,3164600000
2018-06-13 18:01:07,XBTUSD,long,Limit,41443,1.5018,0.998,653696757
2018-06-13 18:06:26,XBTUSD,long,Limit,158558,1.625,1.086,2497922732
2018-06-13 18:11:34,XBTUSD,short,Limit,41442,0.4884,0.084,656109744
2018-06-13 19:10:09,XBTUSD,long,Limit,200000,0.3581,0.021,3177600000
2018-06-13 19:22:35,XBTUSD,long,Limit,200000,0.6637,0.121,3177600000
2018-06-13 19:33:29,XBTUSD,long,Limit,200000,0.8038,0.093,3158000000
2018-06-13 20:39:04,XBTUSD,long,Limit,200000,-0.9434,1.086,3201200000
2018-06-13 20:51:15,XBTUSD,long,Limit,28120,-0.1275,1.072,448514000
2018-06-13 22:01:38,XBTUSD,long,Limit,200000,0.4003,2.132,3176687289
2018-06-13 22:37:53,XBTUSD,long,Limit,200000,1.2034,2.009,3169600000
2018-06-14 02:42:57,XBTUSD,long,Limit,1,3.5911,5.839,15407
2018-06-14 02:43:36,XBTUSD,short,Limit,199999,0.2234,0.007,3088384558
2018-06-14 03:58:18,XBTUSD,long,Limit,1,0.3552,1.245,15387
2018-06-14 04:27:06,XBTUSD,short,Limit,100518,0.2154,0.484,1549987560
2018-06-14 04:32:32,XBTUSD,short,Limit,99481,0.2693,0.57,1534892349
2018-06-14 05:22:02,XBTUSD,long,Limit,100000,0.2715,0.188,1547400000
2018-06-14 08:09:28,XBTUSD,long,Limit,100000,0.5112,0.797,1541200000
2018-06-14 08:12:07,XBTUSD,long,Limit,36600,0.1537,0.004,561553800
2018-06-14 08:14:37,XBTUSD,long,Limit,1,0.1998,0.046,15336
2018-06-14 08:17:57,XBTUSD,short,Limit,299999,0.138,0.058,4607084643
2018-06-14 09:14:47,XBTUSD,long,Limit,300000,0.0345,0.591,4620300000
2018-06-14 09:15:39,XBTUSD,long,Limit,5528,0.1079,0.581,85131200
2018-06-14 20:46:14,XBTUSD,long,Limit,1,2.7981,12.091,14997
2018-06-14 20:47:43,XBTUSD,short,Limit,199999,0.2175,0.031,3005984970
2018-06-14 20:55:02,XBTUSD,long,Limit,1,0.1428,0.11,15008
2018-06-14 20:58:51,XBTUSD,short,Limit,43271,0.2326,0.059,650925653
2018-06-14 21:38:44,XBTUSD,long,Limit,1,0.4513,0.665,14976
2018-06-14 21:39:39,XBTUSD,short,Limit,208608,0.2846,0.012,3129120000
2018-06-14 22:25:48,XBTUSD,long,Limit,65777,0.1362,0.01,994219355
2018-06-14 23:34:13,XBTUSD,long,Limit,111201,0.0227,0.363,1682359929
2018-06-14 23:36:16,XBTUSD,long,Limit,89673,0.0421,0.388,1356662817
2018-06-14 23:38:01,XBTUSD,long,Limit,200000,0.5551,0.199,3025000000
2018-06-14 23:38:32,XBTUSD,long,Limit,1,0.9886,0.208,15060
2018-06-14 23:47:31,XBTUSD,short,Limit,27783,0.1883,0.156,419217687
2018-06-14 23:58:09,XBTUSD,short,Limit,84671,0.1431,0.328,1277008022
2018-06-15 00:31:26,XBTUSD,short,Limit,224732,0.2207,0.754,3392104808
2018-06-15 00:39:46,XBTUSD,long,Limit,224733,0.5124,0.005,3396730614
2018-06-15 00:56:40,XBTUSD,long,Limit,1,0.6306,0.287,15099
2018-06-15 00:57:47,XBTUSD,short,Limit,51256,0.0679,0.014,774426904
2018-06-15 01:41:40,XBTUSD,long,Limit,16688,0.1904,0.004,253707664
2018-06-15 20:38:49,XBTUSD,long,Limit,200000,0.1234,0.198,3082400000
2018-06-15 20:39:49,XBTUSD,long,Limit,200000,0.7737,0.156,3071000000
2018-06-15 23:18:06,XBTUSD,long,Limit,200000,-0.6286,0.589,3123800000
2018-06-15 23:20:14,XBTUSD,long,Limit,200000,0.2609,0.431,3120200000
2018-06-15 23:31:54,XBTUSD,long,Limit,83826,0.5108,0.472,1310787162
2018-06-15 23:32:18,XBTUSD,long,Limit,1,0.5108,0.476,15637
2018-06-16 01:56:32,XBTUSD,long,Limit,200000,1.0706,2.754,3102000000
2018-06-16 01:57:31,XBTUSD,long,Limit,114024,0.6716,2.598,1769082360
2018-06-16 01:58:45,XBTUSD,long,Limit,85976,0.9714,2.5,1334003616
2018-06-16 02:06:47,XBTUSD,long,Limit,100000,0.0311,0.039,1554200000
2018-06-16 10:15:38,XBTUSD,long,Limit,1,0.7463,8.184,15432
2018-06-16 10:18:49,XBTUSD,short,Limit,49999,0.1081,0.053,772434551
2018-06-16 10:35:50,XBTUSD,long,Limit,1,0.2317,0.282,15413
2018-06-16 10:38:11,XBTUSD,short,Limit,49999,0.1541,0.039,771834563
2018-06-16 13:13:41,XBTUSD,long,Limit,1,-1.1578,2.592,15618
2018-06-16 13:14:51,XBTUSD,short,Limit,199999,0.1015,0.019,3126784366
2018-06-16 15:39:26,XBTUSD,long,Limit,200000,-0.0024,0.07,3147200000
2018-06-16 15:44:25,XBTUSD,long,Limit,200000,-0.1014,0.074,3158400000
2018-06-16 15:56:19,XBTUSD,long,Limit,78850,0.3976,0.229,1241808650
2018-06-16 16:21:36,XBTUSD,long,Limit,150000,1.3055,0.632,2345607125
2018-06-16 16:48:47,XBTUSD,long,Limit,1,3.4059,1.085,15320
2018-06-16 16:49:39,XBTUSD,short,Limit,30060,0.2911,0.014,461871900
2018-06-16 16:58:27,XBTUSD,long,Limit,1,0.3073,0.147,15317
2018-06-16 17:10:54,XBTUSD,short,Limit,150000,0.2374,0.208,2303100000
2018-06-16 17:11:45,XBTUSD,short,Limit,149999,0.439,0.175,2304284638
2018-06-18 01:28:23,XBTUSD,long,Limit,1,-1.0293,32.277,15522
2018-06-18 01:29:12,XBTUSD,short,Limit,29500,0.2949,0.013,459256000
2018-06-18 02:06:17,ADAM18,long,Limit,100000,0.2023,0.032,247700000
2018-06-18 02:06:49,ADAM18,long,Limit,60000,0.2428,0.049,148620000
2018-06-18 02:09:08,ADAM18,long,Limit,10000,0.2833,0.077,24780000
2018-06-18 02:09:10,ADAM18,long,Limit,10000,0.3238,0.091,24790000
2018-06-18 02:11:27,ADAM18,long,Limit,10000,0.3238,0.119,24790000
2018-06-18 02:12:09,ADAM18,long,Limit,10000,0.3238,0.127,24790000
2018-06-18 02:12:37,ADAM18,long,Limit,10000,0.4049,0.151,24800000
2018-06-18 02:14:47,ADAM18,long,Limit,10000,0.4049,0.17,24800000
2018-06-18 02:46:57,ADAM18,long,Limit,10000,0.5263,0.706,24830000
2018-06-18 03:05:09,ADAM18,long,Limit,10000,0.5668,1.021,24840000
2018-06-18 03:06:09,ADAM18,long,Limit,10000,0.6073,1.027,24850000
2018-06-18 03:06:09,ADAM18,long,Limit,10000,0.6478,1.027,24860000
2018-06-18 08:43:18,XBTUSD,long,Limit,1,0.5293,7.235,15486
2018-06-18 08:46:56,XBTUSD,short,Limit,200000,-0.035,0.045,3091200000
2018-06-18 08:47:42,XBTUSD,short,Limit,91775,0.2044,0.041,1419667475
2018-06-18 09:10:13,XBTUSD,long,Limit,108224,0.0696,0.36,1672926592
2018-06-18 17:13:58,XBTUSD,long,Limit,1,4.6485,8.421,14782
2018-06-18 17:15:24,XBTUSD,short,Limit,200000,0.037,0.021,2957400000
2018-06-18 17:15:33,XBTUSD,short,Limit,199999,0.3403,0.016,2956385618
2018-06-18 17:26:51,XBTUSD,long,Limit,182426,-0.0,0.149,2701729060
2018-06-18 17:32:16,XBTUSD,long,Limit,200000,0.084,0.217,2963400000
2018-06-18 18:01:17,XBTUSD,long,Limit,100000,0.0371,0.338,1484200000
2018-06-18 18:02:44,XBTUSD,long,Limit,100000,0.3645,0.216,1482300000
2018-06-19 13:05:50,XBTUSD,long,Limit,1,0.4165,19.267,14815
2018-06-19 13:18:56,XBTUSD,short,Limit,100000,-0.363,0.218,1476100000
2018-06-19 13:25:07,XBTUSD,short,Limit,200000,0.1623,0.229,2955000000
2018-06-19 13:27:57,XBTUSD,short,Limit,1,0.1994,0.087,14802
2018-06-19 13:32:16,XBTUSD,long,Limit,99999,0.1776,0.071,1477485225
2018-06-19 14:10:13,XBTUSD,short,Limit,1,0.4802,0.632,14847
2018-06-19 14:22:48,XBTUSD,long,Limit,99999,0.141,0.21,1482585174
2018-06-20 01:02:19,XBTUSD,short,Limit,1,1.6679,10.656,15077
2018-06-20 01:04:49,XBTUSD,long,Limit,173794,0.0226,0.042,2619770756
2018-06-20 01:08:43,XBTUSD,long,Limit,26206,-0.6634,0.106,397754668
2018-06-20 01:10:16,XBTUSD,long,Limit,199999,0.4187,0.048,3032584837
2018-06-20 01:22:46,XBTUSD,short,Limit,200000,0.0911,0.007,3038800000
2018-06-20 01:26:48,XBTUSD,short,Limit,1,0.2353,0.073,15216
2018-06-20 01:29:56,XBTUSD,long,Limit,199999,-0.0076,0.052,3043384783
2018-06-20 02:01:21,XBTUSD,short,Limit,200000,-0.3342,0.421,3026800000
2018-06-20 02:04:07,XBTUSD,short,Limit,200000,0.045,0.262,3029600000
2018-06-20 02:04:52,XBTUSD,short,Limit,100000,0.3325,0.148,1516200000
2018-06-20 02:11:03,XBTUSD,short,Limit,6241,-0.0075,0.036,94569873
2018-06-20 02:26:41,XBTUSD,short,Limit,100000,0.1241,0.297,1517200000
2018-06-20 13:39:58,XBTUSD,short,Limit,150000,0.1134,0.058,2230350000
2018-06-20 13:40:23,XBTUSD,short,Limit,6731,0.104,0.06,100089970
2018-06-20 13:48:59,XBTUSD,short,Limit,200000,-0.0792,0.094,2963800000
2018-06-20 13:50:58,XBTUSD,short,Limit,200000,0.4729,0.051,2969600000
2018-06-20 14:13:14,XBTUSD,short,Limit,200000,-0.341,0.17,2955400000
2018-06-20 15:31:13,XBTUSD,short,Limit,200000,0.5967,1.314,2964200000
2018-06-20 16:05:07,XBTUSD,short,Limit,200000,0.1533,0.006,2957400000
2018-06-20 16:27:47,XBTUSD,short,Limit,200000,-0.3249,0.349,2943800000
2018-06-20 16:29:26,XBTUSD,short,Limit,200000,0.65,0.046,2953200000
2018-06-22 04:21:38,ADAM18,long,Limit,1392,-0.4333,0.244,3198816
2018-06-22 04:37:21,ADAM18,long,Limit,50000,-0.0867,0.513,115300000
2018-06-22 06:51:13,ADAM18,long,Limit,50000,-0.1276,5.556,115250000
2018-06-22 07:09:36,XBTUSD,short,Limit,1,4.4521,38.715,15353
2018-06-22 07:11:55,XBTUSD,long,Limit,200000,-0.2034,0.039,3076600000
2018-06-22 07:12:05,XBTUSD,long,Limit,199999,0.2158,0.033,3076184619
2018-06-22 07:21:12,XBTUSD,short,Limit,200000,0.3066,0.094,3075800000
2018-06-22 08:34:51,XBTUSD,short,Limit,1,2.1694,1.321,15672
2018-06-22 08:36:45,XBTUSD,long,Limit,200000,0.0313,0.032,3133400000
2018-06-22 08:36:55,XBTUSD,long,Limit,199999,0.3689,0.03,3128184359
2018-06-22 08:44:23,XBTUSD,short,Limit,1,0.4458,0.123,15711
2018-06-22 08:50:29,XBTUSD,long,Limit,89757,0.3456,0.101,1405325349
2018-06-22 15:46:51,XBTUSD,long,Limit,200000,0.3113,0.019,3264800000
2018-06-22 17:38:40,XBTUSD,long,Limit,200000,0.4818,0.112,3250800000
2018-06-23 00:35:02,XBTUSD,long,Limit,1,0.5553,7.051,16242
2018-06-23 00:35:39,XBTUSD,short,Limit,199999,0.2842,0.01,3257583712
2018-06-23 04:22:06,XBTUSD,long,Limit,200000,0.451,0.365,3265400000
2018-06-23 06:03:05,XBTUSD,long,Limit,200000,-0.238,0.154,3291000000
2018-06-23 06:07:58,XBTUSD,long,Limit,200000,0.2559,0.099,3293800000
2018-06-23 06:41:24,XBTUSD,long,Limit,200000,0.2229,0.632,3294600000
2018-06-23 06:56:21,EOSM18,long,Limit,10000,1.1236,1.161,1359100000
2018-06-23 06:57:17,XBTUSD,long,Limit,10038,0.3137,0.874,165195366
2018-06-23 07:05:23,XBTUSD,long,Limit,100000,0.2575,0.989,1646400000
2018-06-23 07:15:57,XBTUSD,long,Limit,200000,0.5047,0.955,3280478091
2018-06-23 08:51:38,XBTUSD,long,Limit,200000,0.0985,0.043,3279800000
2018-06-23 08:58:25,XBTUSD,long,Limit,6497,0.0574,0.078,106576788
2018-06-23 09:00:54,XBTUSD,long,Limit,87942,0.0985,0.121,1441984974
2018-06-23 09:29:34,XBTUSD,long,Limit,105561,0.1477,0.597,1730039229
2018-06-23 09:43:26,XBTUSD,long,Limit,27030,0.1303,0.007,439507800
2018-06-23 09:46:26,XBTUSD,long,Limit,100000,0.0045,0.056,1628000000
2018-06-23 10:29:24,XBTUSD,long,Limit,93604,-0.0444,0.767,1524715556
2018-06-23 11:02:26,XBTUSD,long,Limit,1,0.2606,1.301,16247
2018-06-23 11:04:20,XBTUSD,short,Limit,200000,-0.3249,0.032,3238800000
2018-06-23 11:06:03,XBTUSD,short,Limit,199999,0.5808,0.036,3247983760
2018-06-23 22:01:34,XBTUSD,long,Limit,71794,0.2575,0.041,1152221906
2018-06-23 22:02:07,XBTUSD,long,Limit,100000,0.8132,0.034,1596622625
2018-06-23 22:07:57,XBTUSD,long,Limit,200000,0.1073,0.034,3213400000
2018-06-23 23:00:49,XBTUSD,long,Limit,149959,-0.0886,0.588,2417788957
2018-06-24 00:13:26,XBTUSD,long,Limit,68779,-0.799,1.481,1119103109
2018-06-24 00:35:15,XBTUSD,long,Limit,200000,-1.3295,1.523,3272800000
2018-06-24 00:36:04,XBTUSD,long,Limit,200000,-0.4557,0.651,3267000000
2018-06-24 00:56:09,XBTUSD,long,Limit,200000,-0.1766,0.624,3268000000
2018-06-24 01:12:17,XBTUSD,long,Limit,123533,0.0808,0.705,2016429159
2018-06-24 01:42:26,XBTUSD,long,Limit,100000,0.2195,1.147,1634647442
2018-06-24 02:04:44,XBTUSD,long,Limit,100000,0.0573,1.502,1636800000
2018-06-24 02:17:11,XBTUSD,long,Limit,100000,-0.1389,1.648,1636800000
2018-06-24 02:17:59,XBTUSD,long,Limit,100000,-0.0515,1.517,1635700000
2018-06-24 02:19:03,XBTUSD,long,Limit,14821,0.0295,0.98,242427097
2018-06-24 02:57:21,XBTUSD,long,Limit,200000,0.0679,1.586,3270200000
2018-06-24 03:22:27,XBTUSD,long,Limit,200000,-0.2092,1.542,3288200000
2018-06-24 03:25:59,XBTUSD,long,Limit,200000,-0.0902,0.241,3284000000
2018-06-24 03:28:36,XBTUSD,long,Limit,25000,0.6432,0.107,409700000
2018-06-24 03:30:27,XBTUSD,long,Limit,35856,0.6432,0.139,587608128
2018-06-24 03:32:48,XBTUSD,long,Limit,139144,0.734,0.177,2278204712
2018-06-24 03:35:13,EOSM18,long,Limit,3681,1.0538,0.236,487143540
2018-06-24 04:21:14,XBTUSD,long,Limit,150000,-1.7032,0.456,2505150000
2018-06-24 04:36:05,XBTUSD,long,Limit,45279,-1.8631,0.68,757381833
2018-06-24 04:43:07,XBTUSD,long,Limit,150000,-2.6854,0.745,2531700000
2018-06-24 06:43:26,XBTUSD,long,Limit,300000,-2.4227,2.446,5121867190
2018-06-24 06:45:22,XBTUSD,long,Limit,300000,-1.1257,2.06,5117700000
2018-06-24 06:50:41,XBTUSD,long,Limit,200000,0.0598,0.028,3416800000
2018-06-24 06:55:22,XBTUSD,long,Limit,200000,0.4701,0.097,3402800000
2018-06-24 07:26:49,XBTUSD,long,Limit,61846,0.3836,0.229,1050454310
2018-06-24 07:26:54,XBTUSD,long,Limit,200000,0.4169,0.184,3397600000
2018-06-24 07:42:18,XBTUSD,long,Limit,200000,0.1618,0.107,3401400000
2018-06-24 07:42:47,XBTUSD,long,Limit,1,0.2385,0.115,16994
2018-06-24 07:48:03,XBTUSD,short,Limit,199999,0.0765,0.088,3401382993
2018-06-24 08:03:18,XBTUSD,long,Limit,200000,0.1365,0.066,3407200000
2018-06-24 08:33:50,XBTUSD,long,Limit,200000,-0.0711,0.196,3417129244
2018-06-24 08:49:37,XBTUSD,long,Limit,200000,0.3622,0.363,3407970280
2018-06-24 09:12:03,XBTUSD,long,Limit,200000,1.0263,0.677,3403600000
2018-06-24 09:39:59,XBTUSD,long,Limit,1,1.4185,1.143,16953
2018-06-24 09:40:48,XBTUSD,short,Limit,199999,0.1441,0.014,3395583022
2018-06-24 10:37:21,XBTUSD,long,Limit,1,0.3396,0.943,16920
2018-06-24 10:43:31,XBTUSD,short,Limit,199999,0.1769,0.103,3389783051
2018-06-24 10:50:14,XBTUSD,long,Limit,1,0.2458,0.112,16908
2018-06-24 11:00:57,XBTUSD,short,Limit,200000,-0.2113,0.18,3374400000
2018-06-24 11:07:28,XBTUSD,short,Limit,200000,0.1602,0.264,3378400000
2018-06-24 11:22:08,XBTUSD,short,Limit,199999,0.623,0.487,3383183084
2018-06-24 11:31:23,XBTUSD,long,Limit,1,0.1861,0.153,16885
2018-06-24 12:01:57,XBTUSD,short,Limit,106863,0.0675,0.509,1805557248
2018-06-24 12:05:40,XBTUSD,short,Limit,199999,0.3131,0.46,3384983075
2018-06-24 13:02:05,XBTUSD,long,Limit,1,0.3131,0.935,16872
2018-06-24 13:33:05,XBTUSD,short,Limit,199999,0.1518,0.518,3379583102
2018-06-24 13:56:27,XBTUSD,long,Limit,1,0.2619,0.388,16853
2018-06-24 13:59:53,XBTUSD,short,Limit,200000,-0.2275,0.058,3363000000
2018-06-24 14:01:11,XBTUSD,short,Limit,87866,0.0505,0.039,1479136244
2018-06-24 14:01:46,XBTUSD,short,Limit,36700,0.0673,0.049,617881200
2018-06-24 14:05:08,XBTUSD,short,Limit,199999,0.4615,0.099,3372183139
2018-06-24 15:04:04,XBTUSD,long,Limit,200000,-0.0593,0.038,3390600000
2018-06-24 15:08:26,XBTUSD,long,Limit,200000,-0.1104,0.079,3399400000
2018-06-24 15:19:20,XBTUSD,long,Limit,200000,-0.3914,0.206,3416800000
2018-06-24 15:22:27,XBTUSD,long,Limit,200000,0.0188,0.111,3411000000
2018-06-24 15:22:58,XBTUSD,long,Limit,200000,0.4639,0.066,3405200000
2018-06-24 16:18:40,XBTUSD,long,Limit,1,0.9409,0.994,16948
2018-06-24 16:28:34,XBTUSD,short,Limit,86579,-0.5644,0.167,1459029308
2018-06-24 16:30:35,XBTUSD,short,Limit,200000,-0.1011,0.149,3373200000
2018-06-24 16:36:12,XBTUSD,short,Limit,113420,0.3951,0.177,1914529600
2018-06-24 16:40:14,XBTUSD,long,Limit,1,0.4473,0.067,16805
2018-06-24 16:44:54,XBTUSD,long,Limit,81796,0.3639,0.008,1321986952
2018-06-24 16:44:59,XBTUSD,long,Limit,118204,0.2034,0.009,1913096810
2018-06-24 16:45:11,EOSM18,long,Limit,10000,-0.2576,13.783,1299400000
2018-06-24 16:49:38,XBTUSD,short,Limit,200000,-0.7689,0.072,3206400000
2018-06-24 16:50:09,XBTUSD,short,Limit,200000,0.3796,0.051,3222000000
2018-06-24 16:52:52,XBTUSD,short,Limit,118417,1.2416,0.061,1914566056
2018-06-24 17:04:39,XBTUSD,short,Limit,200000,0.0968,0.163,3229800000
2018-06-24 17:05:22,XBTUSD,short,Limit,200000,1.08,0.166,3235000000
2018-06-24 17:27:45,XBTUSD,short,Limit,200000,-0.6252,0.28,3208200000
2018-06-24 17:30:24,XBTUSD,short,Limit,200000,-0.1933,0.26,3215400000
2018-06-24 17:30:44,XBTUSD,short,Limit,3512,0.4156,0.119,56487008
2018-06-24 17:50:11,XBTUSD,short,Limit,200000,0.6237,0.444,3222400000
2018-06-24 18:14:01,XBTUSD,short,Limit,200000,1.04,0.795,3233600000
2018-06-24 22:18:38,XBTUSD,short,Limit,199999,1.4138,4.649,3259183704
2018-06-24 22:35:19,XBTUSD,long,Limit,174,-0.2039,0.053,2841942
2018-06-25 04:35:30,XBTUSD,long,Limit,200000,0.566,6.017,3248000000
2018-06-25 06:24:54,XBTUSD,long,Limit,152932,0.2735,1.49,2479925054
2018-06-25 06:26:44,XBTUSD,long,Limit,47068,0.4146,1.48,762172124
2018-06-25 06:26:59,XBTUSD,long,Limit,1,0.4228,1.484,16192
2018-06-25 06:27:56,XBTUSD,short,Limit,31620,0.139,0.018,512718300
2018-06-25 06:30:36,XBTUSD,short,Limit,69357,0.0567,0.06,1123722114
2018-06-25 06:32:31,XBTUSD,short,Limit,23073,0.1538,0.093,374197914
2018-06-25 06:34:49,XBTUSD,short,Limit,176926,0.1939,0.105,2869385868
2018-06-25 11:19:14,XBTUSD,long,Limit,1,0.7541,4.74,16097
2018-06-25 11:19:52,EOSM18,long,Limit,10,3.2263,31.47,1334200
2018-06-25 11:20:07,EOSM18,long,Limit,5000,3.1611,31.478,666300000
2018-06-25 12:01:43,EOSM18,long,Limit,5000,4.8477,32.11,668650000
2018-06-25 12:05:14,XBTUSD,short,Limit,200000,-0.3058,0.766,3209600000
2018-06-25 12:05:28,XBTUSD,short,Limit,199999,0.2725,0.025,3214183929
2018-06-25 12:16:13,XBTUSD,long,Limit,200000,-0.3462,0.112,3231800000
2018-06-25 12:30:52,XBTUSD,long,Limit,200000,-0.5863,0.291,3256200000
2018-06-25 12:32:27,XBTUSD,long,Limit,200000,0.122,0.197,3250200000
2018-06-25 12:39:22,XBTUSD,long,Limit,200000,-0.3506,0.208,3273400000
2018-06-25 12:40:54,XBTUSD,long,Limit,200000,-0.4078,0.079,3280000000
2018-06-25 12:53:04,XBTUSD,long,Limit,200000,0.3524,0.278,3266400000
2018-06-25 13:06:52,XBTUSD,long,Limit,200000,-0.0574,0.439,3282000000
2018-06-25 13:22:35,XBTUSD,long,Limit,200000,0.0984,0.702,3276800000
2018-06-25 13:26:44,XBTUSD,long,Limit,200000,0.2621,0.465,3267800000
2018-06-25 13:33:31,XBTUSD,long,Limit,200000,0.7119,0.466,3265000000
2018-06-25 13:34:28,XBTUSD,long,Limit,200000,0.6483,0.318,3261400000
2018-06-25 14:10:59,XBTUSD,long,Limit,1,1.4525,0.926,16177
2018-06-25 14:11:21,XBTUSD,short,Limit,199999,0.1468,0.006,3240183799
2018-06-25 14:17:38,XBTUSD,long,Limit,1,0.4212,0.104,16133
2018-06-25 14:19:31,XBTUSD,short,Limit,44596,-0.1641,0.031,718352368
2018-06-25 14:22:28,XBTUSD,short,Limit,20000,-0.0242,0.06,321980000
2018-06-25 14:29:01,XBTUSD,short,Limit,126343,-1.1675,0.169,2011001531
2018-06-25 14:34:52,XBTUSD,short,Limit,126343,-0.8924,0.207,2011001531
2018-06-25 14:36:59,XBTUSD,short,Limit,126343,-0.5524,0.176,2012012275
2018-06-25 14:37:01,XBTUSD,short,Limit,126343,0.6895,0.16,2014286449
2018-06-25 14:37:44,XBTUSD,short,Limit,94627,1.0418,0.168,1510657816
2018-06-25 14:50:17,XBTUSD,long,Limit,171715,0.212,0.199,2732500795
2018-06-25 14:51:07,XBTUSD,long,Limit,200000,0.7687,0.183,3168400000
2018-06-25 16:05:46,EOSM18,long,Limit,560,7.8202,36.056,75896800
2018-06-25 16:06:41,EOSM18,long,Limit,218,7.5418,36.068,29469240
2018-06-25 16:07:11,EOSM18,long,Limit,52,7.4781,36.076,7025200
2018-06-25 16:09:14,EOSM18,long,Limit,63,7.3827,36.11,8503740
2018-06-26 08:16:56,XBTUSD,long,Limit,200000,0.288,0.005,3222600000
2018-06-26 14:42:29,XBTUSD,long,Limit,200000,0.3785,0.15,3235000000
2018-06-26 14:43:09,EOSM18,long,Limit,1175,0.9149,58.676,149048750
2018-06-26 14:56:14,EOSM18,long,Limit,3825,0.7399,58.907,484359750
2018-06-27 14:52:53,XBTUSD,long,Limit,200000,0.2034,0.009,3323600000
2018-06-27 14:55:43,XBTUSD,long,Limit,1,0.7671,0.056,16549
2018-06-27 14:56:43,XBTUSD,short,Limit,199999,0.0373,0.017,3310983445
2018-06-27 15:04:29,XBTUSD,long,Limit,200000,0.1561,0.007,3280400000
2018-06-27 16:19:26,EOSM18,long,Limit,5000,3.1049,74.735,649250000
2018-06-27 16:31:34,EOSM18,long,Limit,3183,3.2742,60.366,416495550
2018-06-27 16:32:38,EOSM18,long,Limit,1817,0.9012,51.826,238008830
2018-06-27 16:36:36,EOSM18,long,Limit,5000,2.6749,32.534,656650000
2018-06-27 16:50:09,EOSM18,long,Limit,540,5.0629,26.575,71269200
2018-06-27 16:52:15,EOSM18,long,Limit,2938,5.2619,26.615,388491740
2018-06-27 16:53:00,EOSM18,long,Limit,252,5.7873,26.624,33488280
2018-06-27 16:53:26,EOSM18,long,Limit,21,5.5883,26.63,2785440
2018-06-27 16:54:32,EOSM18,long,Limit,1249,5.453,26.648,165455030
2018-06-27 16:55:50,EOSM18,long,Limit,150,7.2458,26.649,19981500
2018-06-27 17:00:14,EOSM18,long,Limit,5000,8.018,25.915,672100000
2018-06-29 05:07:24,XBTUSD,long,Limit,200000,-4.6546,29.62,3438000000
2018-06-29 05:43:19,XBTUSD,long,Limit,200000,2.4866,0.642,3358200000
2018-06-29 08:17:42,XBTUSD,long,Limit,200000,-0.2621,2.568,3386600000
2018-06-29 11:31:56,XBTUSD,long,Limit,85965,0.1769,0.007,1469485710
2018-06-29 11:33:18,XBTUSD,long,Limit,52798,0.1994,0.03,902476214
2018-06-29 11:33:21,XBTUSD,long,Limit,11181,0.2055,0.031,191094471
2018-06-29 11:33:31,XBTUSD,long,Limit,50057,0.2593,0.033,855374016
2018-06-29 11:36:51,XBTUSD,short,Limit,63978,-0.094,0.055,1092232416
2018-06-29 14:01:49,XBTUSD,long,Limit,200000,0.4098,0.893,3401400000
2018-06-30 01:16:56,EOSU18,long,Limit,1460,3.3674,16.694,187332600
2018-06-30 01:21:26,EOSU18,long,Limit,3541,3.5045,16.76,454947680
2018-06-30 01:27:38,EOSU18,long,Limit,4307,4.5506,16.473,557110450
2018-06-30 01:29:31,EOSU18,long,Limit,5000,5.1826,14.454,646350000
2018-06-30 01:29:47,EOSU18,long,Limit,425,5.0897,13.736,54944000
2018-06-30 01:30:17,EOSU18,long,Limit,267,4.8462,13.575,34485720
2018-06-30 01:35:04,XBTUSD,long,Limit,1,7.5393,12.447,15879
2018-06-30 01:39:13,XBTUSD,short,Limit,150000,-2.4375,0.069,2325150000
2018-06-30 01:39:21,XBTUSD,short,Limit,200000,-2.024,0.064,3100808286
2018-06-30 01:39:32,XBTUSD,short,Limit,200000,-0.4444,0.048,3102563643
2018-06-30 01:41:02,XBTUSD,short,Limit,200000,1.4475,0.044,3107201153
2018-06-30 01:41:46,XBTUSD,short,Limit,200000,1.0174,0.04,3108000000
2018-06-30 01:48:02,XBTUSD,short,Limit,200000,0.1972,0.104,3101400000
2018-06-30 01:49:09,XBTUSD,short,Limit,200000,0.518,0.088,3109200000
2018-06-30 01:49:47,XBTUSD,short,Limit,99999,0.666,0.098,1554584454
2018-06-30 02:12:26,XBTUSD,long,Limit,200000,0.3425,0.296,3104752501
2018-06-30 02:12:33,XBTUSD,long,Limit,200000,0.5946,0.18,3105600000
2018-06-30 02:13:02,XBTUSD,long,Limit,100001,0.532,0.122,1554415544
2018-06-30 02:15:38,XBTUSD,short,Limit,99999,0.1554,0.047,1556784432
2018-06-30 02:39:16,XBTUSD,long,Limit,200000,0.1409,0.017,3127400000
2018-06-30 03:29:14,XBTUSD,long,Limit,1,0.8926,0.847,15521
2018-06-30 03:31:14,XBTUSD,short,Limit,100000,0.2862,0.033,1556700000
2018-06-30 03:47:31,XBTUSD,short,Limit,99999,1.1714,0.304,1570957175
2018-06-30 03:54:02,XBTUSD,long,Limit,1,0.3456,0.109,15653
2018-06-30 14:22:00,XBTUSD,short,Limit,199999,0.6388,6.077,3140590658
2018-07-02 04:33:52,XBTUSD,long,Limit,200000,0.3668,0.016,3178400000
2018-07-02 04:35:31,XBTUSD,long,Limit,1,0.4386,0.043,15881
2018-07-02 04:39:17,XBTUSD,short,Limit,100000,0.0079,0.063,1588200000
2018-07-02 04:41:26,XBTUSD,short,Limit,99999,0.1348,0.07,1588084119
2018-07-02 04:44:41,XBTUSD,long,Limit,100000,0.151,0.016,1586700000
2018-07-02 14:39:06,EOSU18,long,Limit,1900,5.8729,60.834,256975000
2018-07-02 14:40:54,EOSU18,long,Limit,5000,5.7644,60.841,675900000
2018-07-02 14:43:48,EOSU18,long,Limit,716,6.157,60.759,97032320
2018-07-02 14:46:01,EOSU18,long,Limit,555,6.0173,60.795,75114600
2018-07-02 14:46:49,EOSU18,long,Limit,1590,5.9298,60.813,215015700
2018-07-02 14:48:21,EOSU18,long,Limit,2286,6.6085,60.825,311033160
2018-07-02 14:49:03,EOSU18,long,Limit,2953,6.599,60.798,400995020
2018-07-02 19:19:24,XBTUSD,long,Limit,1,5.8716,14.592,15009
2018-07-02 19:23:51,XBTUSD,short,Limit,99999,0.5178,0.073,1508784912
2018-07-03 04:32:46,XBTUSD,long,Limit,1,0.0754,9.149,15076
2018-07-03 10:02:44,XBTUSD,short,Limit,183650,0.5442,5.499,2783840836
2018-07-03 10:10:09,XBTUSD,short,Limit,140276,0.9384,5.53,2128688300
2018-07-03 10:10:49,XBTUSD,short,Limit,59723,1.2031,5.529,908334705
2018-07-03 10:12:15,XBTUSD,long,Limit,200000,0.1735,0.019,3041000000
2018-07-03 10:21:03,XBTUSD,long,Limit,200000,0.1174,0.103,3042800000
2018-07-03 10:21:50,XBTUSD,long,Limit,1,0.2361,0.115,15195
2018-07-03 10:25:17,XBTUSD,short,Limit,199999,0.038,0.06,3040184799
2018-07-03 10:38:27,XBTUSD,long,Limit,200000,-0.0173,0.083,3051800000
2018-07-03 10:40:56,XBTUSD,long,Limit,200000,0.5913,0.063,3041424456
2018-07-03 11:33:26,XBTUSD,long,Limit,1,0.8872,0.938,15162
2018-07-03 11:41:40,XBTUSD,short,Limit,199999,0.1365,0.142,3036584817
2018-07-03 22:34:01,XBTUSD,long,Limit,200000,-0.6166,0.064,3064000000
2018-07-03 22:35:31,XBTUSD,long,Limit,200000,0.5811,0.033,3061200000
2018-07-03 22:38:38,XBTUSD,long,Limit,16248,0.4932,0.014,249228072
2018-07-03 22:39:47,XBTUSD,long,Limit,183752,0.3719,0.033,2821832402
2018-07-03 23:04:11,XBTUSD,long,Limit,29935,-0.1925,0.392,461777310
2018-07-03 23:08:54,XBTUSD,long,Limit,170065,-0.2309,0.47,2624443080
2018-07-03 23:10:23,XBTUSD,long,Limit,200000,0.1234,0.245,3082200000
2018-07-03 23:41:36,XBTUSD,long,Limit,30717,0.5105,0.645,472765347
2018-07-03 23:42:26,XBTUSD,long,Limit,142269,0.8206,0.658,2182819437
2018-07-03 23:43:28,XBTUSD,long,Limit,57731,0.5331,0.486,887036815
2018-07-04 00:32:14,XBTUSD,long,Limit,7731,0.1392,0.015,119474874
2018-07-04 00:34:06,XBTUSD,long,Limit,172889,0.4024,0.046,2664738157
2018-07-04 01:17:36,XBTUSD,long,Limit,197111,-0.3059,0.615,3061922274
2018-07-04 01:29:09,XBTUSD,long,Limit,194222,0.0503,0.397,3012965886
2018-07-04 01:35:13,XBTUSD,long,Limit,200000,0.5324,0.314,3097000000
2018-07-04 07:56:56,XBTUSD,long,Limit,200000,0.3645,5.291,3091200000
2018-07-04 08:09:32,XBTUSD,long,Limit,1,0.9695,5.498,15363
2018-07-04 08:12:21,EOSU18,long,Limit,600,2.0456,7.585,82062000
2018-07-04 08:12:49,EOSU18,long,Limit,5000,1.9213,7.332,681600000
2018-07-04 08:14:39,EOSU18,long,Limit,4400,2.4894,7.157,600248000
2018-07-04 08:14:44,XBTUSD,short,Limit,200000,-0.0999,0.087,3069600000
2018-07-04 08:32:31,XBTUSD,short,Limit,199999,0.503,0.35,3072184639
2018-07-04 08:39:37,XBTUSD,long,Limit,200000,0.1358,0.077,3075200000
2018-07-04 08:47:28,XBTUSD,long,Limit,1,0.2694,0.208,15355
2018-07-04 09:07:01,XBTUSD,short,Limit,199999,0.3762,0.324,3082584587
2018-07-04 09:45:58,XBTUSD,long,Limit,1,0.262,0.648,15373
2018-07-04 14:44:14,XBTUSD,short,Limit,199999,-2.7978,4.971,2990785046
2018-07-04 18:32:48,XBTUSD,long,Limit,1,0.0299,3.809,14950
2018-07-04 22:34:29,XBTUSD,short,Limit,199999,0.157,4.042,2994585027
2018-07-04 22:54:36,XBTUSD,long,Limit,200000,0.5708,0.02,3026800000
2018-07-04 22:56:41,XBTUSD,long,Limit,200000,-0.0761,0.012,3045200000
2018-07-04 22:57:49,XBTUSD,long,Limit,200000,0.458,0.025,3038400000
2018-07-04 23:01:38,XBTUSD,long,Limit,1,0.6105,0.087,15169
2018-07-04 23:04:47,XBTUSD,short,Limit,14232,0.2882,0.053,216511416
2018-07-04 23:14:24,XBTUSD,short,Limit,199999,0.3792,0.206,3045184774
2018-07-05 00:24:34,XBTUSD,long,Limit,200000,0.3767,0.005,3064000000
2018-07-05 00:38:24,XBTUSD,long,Limit,1,1.0303,0.235,15221
2018-07-05 00:39:23,XBTUSD,short,Limit,199999,0.1446,0.017,3048584757
2018-07-05 01:48:22,XBTUSD,long,Limit,1,2.2559,1.149,14906
2018-07-05 01:48:38,XBTUSD,short,Limit,199999,0.7061,0.005,3002426953
2018-07-05 02:41:36,XBTUSD,long,Limit,36417,0.2761,0.128,551098461
2018-07-05 09:46:50,XBTUSD,long,Limit,200000,0.2446,0.017,3049400000
2018-07-07 23:26:47,XBTUSD,long,Limit,1,4.2033,61.683,14668
2018-07-07 23:27:59,XBTUSD,short,Limit,200000,0.1467,0.02,2938000000
2018-07-07 23:28:19,XBTUSD,short,Limit,199999,0.5859,0.018,2946585267
2018-07-07 23:35:49,XBTUSD,long,Limit,200000,0.2146,0.003,2953200000
2018-07-07 23:38:06,XBTUSD,long,Limit,200000,0.037,0.017,2955400000
2018-07-07 23:49:29,XBTUSD,long,Limit,200000,0.3107,0.141,2949400000
2018-07-08 00:00:59,XBTUSD,long,Limit,177834,0.0443,0.149,2627319516
2018-07-08 00:07:37,XBTUSD,long,Limit,22166,0.0739,0.251,327391820
2018-07-08 00:14:10,XBTUSD,long,Limit,200000,0.2181,0.269,2955800000
2018-07-08 00:54:49,XBTUSD,long,Limit,200000,-0.1776,0.425,2965000000
2018-07-08 01:22:19,XBTUSD,long,Limit,200000,0.1841,0.668,2965400000
2018-07-08 07:43:16,XBTUSD,long,Limit,200000,-0.0668,6.548,2972200000
2018-07-08 12:17:08,XBTUSD,long,Limit,200000,0.1485,10.271,2965200000
2018-07-09 22:10:39,XBTUSD,long,Limit,1,0.7424,44.162,14738
2018-07-09 22:12:11,XBTUSD,short,Limit,200000,0.0087,0.026,2947870872
2018-07-09 22:12:51,XBTUSD,short,Limit,199999,0.7992,0.021,2956385218
2018-07-09 22:15:36,XBTUSD,long,Limit,200000,-0.0592,0.029,2964000000
2018-07-09 23:31:58,EOSU18,long,Limit,428,-13.5823,91.189,49609480
2018-07-09 23:36:19,EOSU18,long,Limit,4780,-13.0939,91.036,556822200
2018-07-09 23:38:34,EOSU18,long,Limit,480,-11.5964,88.827,56059200
2018-07-09 23:49:04,EOSU18,long,Limit,815,-11.3466,89.003,95452800
2018-07-09 23:50:27,EOSU18,long,Limit,770,-11.6342,89.028,89889800
2018-07-09 23:57:23,EOSU18,long,Limit,1424,-11.551,89.15,166394400
2018-07-10 00:29:31,EOSU18,long,Limit,2451,-10.4149,85.829,289046430
2018-07-10 00:34:12,EOSU18,long,Limit,2549,-9.984,81.437,300832980
2018-07-10 08:31:55,EOSU18,long,Limit,5000,-5.8348,34.268,583600000
2018-07-10 09:40:54,XBTUSD,long,Limit,139215,0.3054,0.011,2146695300
2018-07-10 09:50:23,EOSU18,long,Limit,5000,-2.7792,11.907,587300000
2018-07-10 09:53:30,XBTUSD,long,Limit,200000,0.116,0.218,3089800000
2018-07-10 10:37:30,XBTUSD,long,Limit,200000,0.0871,0.889,3095200000
2018-07-10 10:40:52,XBTUSD,long,Limit,200000,0.3852,0.691,3091600000
2018-07-10 10:59:58,XBTUSD,long,Limit,33634,0.4579,1.003,519678934
2018-07-10 12:06:07,XBTUSD,long,Limit,200000,0.0659,0.486,3138000000
2018-07-10 14:52:30,EOSU18,long,Limit,100,-4.5042,15.446,11470000
2018-07-10 14:52:49,EOSU18,long,Limit,120,-4.5542,15.451,13756800
2018-07-10 14:53:06,EOSU18,long,Limit,5000,-4.2782,15.466,572800000
2018-07-10 15:00:06,EOSU18,long,Limit,120,-2.6434,15.555,13789200
2018-07-10 15:02:08,EOSU18,long,Limit,4660,-2.637,15.586,534828200
2018-07-10 15:02:08,EOSU18,long,Limit,2680,-1.1627,15.555,307637200
2018-07-10 15:11:51,EOSU18,long,Limit,2320,-0.5166,15.736,268052800
2018-07-10 16:10:54,XBTUSD,long,Limit,200000,0.5293,4.561,3136200000
2018-07-10 16:59:44,XBTUSD,long,Limit,200000,0.4903,0.046,3147800000
2018-07-10 23:29:45,XBTUSD,long,Limit,200000,-0.2849,0.12,3174800000
2018-07-10 23:42:31,XBTUSD,long,Limit,200000,0.6621,0.324,3169800000
2018-07-10 23:42:58,XBTUSD,long,Limit,17691,0.5578,0.278,280366968
2018-07-11 00:10:01,XBTUSD,long,Limit,120000,0.5567,0.045,1898040000
2018-07-11 00:10:14,XBTUSD,long,Limit,441,0.3897,0.048,6986763
2018-07-11 00:12:59,XBTUSD,long,Limit,100000,0.1901,0.017,1581000000
2018-07-11 04:06:59,EOSU18,long,Limit,4203,-0.7172,28.615,477334710
2018-07-11 04:08:28,EOSU18,long,Limit,489,-0.6906,28.641,55550400
2018-07-11 05:18:24,XBTUSD,long,Limit,200000,0.2056,0.069,3157000000
2018-07-11 08:53:05,EOSU18,long,Limit,1637,-3.4753,31.259,183622290
2018-07-11 11:31:37,EOSU18,long,Limit,3363,-3.4294,33.437,378808320
2018-07-11 21:57:25,EOSU18,long,Limit,5000,-2.2829,43.776,562500000
2018-07-12 13:08:02,EOSU18,long,Limit,5000,-3.328,47.312,552200000
2018-07-12 14:13:32,XBTUSD,long,Limit,200000,0.2834,6.243,3229800000
2018-07-12 16:20:09,XBTUSD,long,Limit,200000,0.284,1.021,3237000000
2018-07-12 23:51:03,XBTUSD,long,Limit,200000,1.4676,4.672,3197706055
2018-07-12 23:55:04,XBTUSD,long,Limit,112308,0.185,0.017,1802992632
2018-07-12 23:55:42,XBTUSD,long,Limit,87692,0.3217,0.027,1405878144
2018-07-13 00:17:28,EOSU18,long,Limit,5000,0.4764,57.691,570750000
2018-07-13 00:17:39,EOSU18,long,Limit,5000,1.914,57.679,573600000
2018-07-13 00:25:58,XBTUSD,long,Limit,1,0.6433,0.532,15981
2018-07-13 00:30:10,EOSU18,long,Limit,2404,0.9157,50.26,276892720
2018-07-13 00:32:02,EOSU18,long,Limit,64,0.5945,49.166,7363840
2018-07-13 00:32:37,EOSU18,long,Limit,300,0.577,49.175,34512000
2018-07-13 00:34:45,EOSU18,long,Limit,300,0.5158,49.211,34491000
2018-07-13 00:36:13,EOSU18,long,Limit,1463,0.5071,49.235,168186480
2018-07-13 00:37:40,EOSU18,long,Limit,469,0.1749,49.259,53738020
2018-07-13 01:26:41,XBTUSD,short,Limit,199999,0.2797,1.012,3205183974
2018-07-13 02:18:33,EOSU18,long,Limit,5000,2.2769,46.623,576950000
2018-07-13 02:19:05,EOSU18,long,Limit,5000,3.2796,46.335,578400000
2018-07-13 02:43:20,XBTUSD,long,Limit,1,0.0962,1.278,16010
2018-07-13 06:36:46,XBTUSD,short,Limit,45857,0.2882,3.89,736325849
2018-07-13 18:21:49,XBTUSD,long,Limit,1,1.6618,11.749,15794
2018-07-13 18:22:40,XBTUSD,short,Limit,199999,0.4626,0.014,3170784146
2018-07-13 18:48:39,XBTUSD,long,Limit,200000,0.1042,0.028,3204400000
2018-07-13 19:14:21,XBTUSD,long,Limit,200000,-0.2414,0.113,3225800000
2018-07-13 19:26:25,XBTUSD,long,Limit,200000,0.3295,0.213,3226600000
2018-07-13 19:34:29,XBTUSD,long,Limit,4929,0.1618,0.314,79598421
2018-07-13 20:07:50,XBTUSD,long,Limit,200000,-0.3633,0.863,3246800000
2018-07-13 20:08:02,XBTUSD,long,Limit,200000,0.1626,0.104,3238839930
2018-07-13 20:11:22,ADAU18,short,Limit,185000,1.2804,0.024,413660000
2018-07-13 20:14:37,XBTUSD,long,Limit,200000,1.4036,0.198,3223013055
2018-07-13 20:25:25,ADAU18,short,Limit,200000,-0.8055,0.203,459200000
2018-07-13 20:26:02,ADAU18,short,Limit,200000,1.3999,0.178,455000000
2018-07-13 20:26:18,ADAU18,short,Limit,81760,2.6316,0.162,184532320
2018-07-13 20:39:46,ADAU18,short,Limit,200000,0.4141,0.019,461200000
2018-07-13 21:21:29,XBTUSD,long,Limit,200000,0.309,0.852,3227200000
2018-07-13 21:49:31,XBTUSD,long,Limit,1,0.9384,1.283,16029
2018-07-13 21:49:44,XBTUSD,short,Limit,199999,0.329,0.004,3216852908
2018-07-14 03:44:04,EOSU18,long,Limit,1905,0.8673,68.076,212521800
2018-07-14 16:01:29,EOSU18,long,Limit,5000,1.5324,75.564,561300000
2018-07-14 16:05:15,XBTUSD,long,Limit,1,0.6916,18.258,15973
2018-07-14 16:06:04,EOSU18,long,Limit,4207,2.8068,64.054,475391000
2018-07-14 16:07:17,EOSU18,long,Limit,793,4.331,52.343,89593140
2018-07-14 16:15:24,EOSU18,long,Limit,5000,3.1187,42.821,568200000
2018-07-14 18:15:52,XBTUSD,short,Limit,199999,0.1517,2.179,3199384003
2018-07-14 18:17:49,XBTUSD,long,Limit,200000,0.0641,0.01,3201800000
2018-07-14 19:11:09,XBTUSD,long,Limit,200000,0.1693,0.031,3218600000
2018-07-14 19:14:23,XBTUSD,long,Limit,1,0.2821,0.085,16075
2018-07-14 20:45:15,XBTUSD,short,Limit,199999,-0.3456,1.514,3203783981
2018-07-15 10:56:05,EOSU18,long,Limit,400,-0.3876,41.945,45236000
2018-07-15 11:04:22,EOSU18,long,Limit,2670,-0.4228,40.173,301843500
2018-07-15 13:55:39,EOSU18,long,Limit,4,-0.0617,43.028,453840
2018-07-15 14:04:12,XBTUSD,long,Limit,1,1.706,17.316,15751
2018-07-15 15:13:39,EOSU18,long,Limit,5000,0.175,44.114,566250000
2018-07-15 15:50:20,EOSU18,long,Limit,317,3.3275,44.672,36882950
2018-07-15 15:50:39,EOSU18,long,Limit,24,3.292,44.674,2790620
2018-07-15 15:51:03,EOSU18,long,Limit,1291,3.2335,44.684,150027110
2018-07-15 15:53:19,EOSU18,long,Limit,4653,3.5479,44.68,541702260
2018-07-15 15:54:54,EOSU18,long,Limit,103,4.0425,44.621,12008770
2018-07-15 15:55:48,EOSU18,long,Limit,5000,4.2638,44.428,582800000
2018-07-15 15:58:04,EOSU18,long,Limit,5000,5.4579,43.906,583750000
2018-07-15 16:57:33,EOSU18,long,Limit,26,6.4863,44.888,3039140
2018-07-15 16:58:56,EOSU18,long,Limit,10,6.4498,44.905,1168500
2018-07-15 17:00:16,EOSU18,long,Limit,140,6.4407,44.927,16357600
2018-07-15 17:07:37,EOSU18,long,Limit,3432,4.7783,24.028,400548720
2018-07-16 09:21:36,XBTUSD,short,Stop,199999,-1.9502,19.288,3089816878
2018-07-16 12:32:20,XBTUSD,long,Limit,1,2.1625,3.179,15119
2018-07-16 12:48:31,XBTUSD,short,Limit,199999,0.1739,0.27,3029184854
2018-07-16 14:08:47,ADAU18,short,Limit,1,-2.635,65.499,2376
2018-07-16 15:01:05,XBTUSD,long,Limit,1,0.4165,2.203,15083
2018-07-16 15:15:12,EOSU18,long,Limit,1,7.3699,36.465,119900
2018-07-16 15:29:22,EOSU18,short,Limit,2651,-1.1426,0.236,321486770
2018-07-16 16:24:22,EOSU18,short,Limit,5000,-0.5475,1.157,605200000
2018-07-16 16:29:39,EOSU18,short,Limit,600,-0.0414,1.231,72516000
2018-07-16 16:30:02,EOSU18,short,Limit,5000,0.5462,1.192,603300000
2018-07-16 17:38:37,XBTUSD,short,Limit,200000,-0.7164,2.626,2995200000
2018-07-16 17:40:29,XBTUSD,short,Limit,200000,0.2767,0.064,3000000000
2018-07-16 17:40:56,XBTUSD,short,Limit,199999,0.8185,0.063,3005604097
2018-07-16 17:41:53,XBTUSD,long,Limit,1,0.1352,0.016,15006
2018-07-16 19:01:12,XBTUSD,short,Limit,200000,0.0375,1.321,3002400000
2018-07-16 19:02:39,XBTUSD,short,Limit,66691,0.322,0.959,1002032275
2018-07-16 19:03:28,XBTUSD,short,Limit,133308,0.292,0.97,2002419468
2018-07-16 19:59:30,XBTUSD,long,Limit,1,0.2403,0.934,14985
2018-07-16 22:48:40,EOSU18,short,Limit,81,0.3947,7.475,9810720
2018-07-16 23:03:58,EOSU18,short,Limit,120,0.3372,7.73,14542800
2018-07-16 23:11:22,EOSU18,short,Limit,394,0.5345,7.853,47654300
2018-07-16 23:14:06,EOSU18,short,Limit,1102,0.6151,7.898,133178900
2018-07-16 23:18:51,EOSU18,short,Limit,460,1.0794,7.937,55591000
2018-07-16 23:29:34,XBTUSD,short,Limit,200000,-0.2098,3.501,2990600000
2018-07-17 00:04:38,ADAU18,short,Limit,200000,1.1125,1.802,480000000
2018-07-17 04:40:42,XBTUSD,short,Limit,200000,-0.1768,5.198,2977000000
2018-07-17 04:41:53,XBTUSD,short,Limit,200000,-0.2016,5.153,2980600000
2018-07-17 04:52:27,XBTUSD,short,Limit,199999,0.0372,5.044,2980985095
2018-07-17 04:53:24,XBTUSD,long,Limit,1,0.1267,0.013,14886
2018-07-17 05:01:17,EOSU18,short,Limit,5000,1.2653,13.628,602800000
2018-07-17 05:01:45,EOSU18,short,Limit,226,1.6791,13.633,27129040
2018-07-17 05:03:29,EOSU18,short,Limit,5000,1.1664,11.826,601040140
2018-07-17 05:04:20,EOSU18,short,Limit,100,1.4309,11.727,11986000
2018-07-17 05:04:40,EOSU18,short,Limit,170,1.5487,11.585,20380800
2018-07-17 05:05:05,EOSU18,short,Limit,120,2.0087,11.005,14401200
2018-07-17 05:06:21,EOSU18,short,Limit,4294,2.0434,10.808,515580580
2018-07-17 05:06:27,XBTUSD,short,Limit,199999,0.2531,0.217,2984785076
2018-07-17 05:48:43,XBTUSD,long,Limit,6289,0.0748,0.027,94007972
2018-07-17 06:23:06,XBTUSD,long,Limit,200000,0.1797,0.12,2989600000
2018-07-17 09:15:05,XBTUSD,long,Limit,200000,0.6456,2.361,2983600000
2018-07-17 14:30:24,XBTUSD,long,Limit,1,0.9834,7.608,14868
2018-07-17 16:15:57,XBTUSD,short,Limit,200000,-0.1487,1.759,2969200000
2018-07-17 21:33:03,XBTUSD,short,Limit,250000,-0.2726,0.246,3397750000
2018-07-17 21:35:21,XBTUSD,short,Limit,250000,-0.0272,0.265,3401750000
2018-07-17 21:56:17,XBTUSD,short,Limit,250000,-0.2039,0.538,3392250000
2018-07-17 21:58:15,XBTUSD,short,Limit,250000,0.2708,0.191,3394250000
2018-07-17 22:11:59,XBTUSD,short,Limit,250000,0.1152,0.074,3393250000
2018-07-17 22:50:07,XBTUSD,long,Limit,250000,-0.5281,0.106,3425750000
2018-07-17 22:52:15,XBTUSD,long,Limit,250000,-0.3069,0.105,3420000000
2018-07-17 22:52:22,XBTUSD,long,Limit,250000,0.0958,0.101,3418750000
2018-07-17 22:53:22,XBTUSD,long,Limit,103630,0.5336,0.112,1415896690
2018-07-17 22:53:59,XBTUSD,long,Limit,146370,0.5397,0.123,2000438790
2018-07-17 23:05:45,XBTUSD,short,Limit,250000,0.1311,0.179,3417750000
2018-07-18 01:11:19,XBTUSD,short,Limit,250000,-0.1524,2.084,3406000000
2018-07-18 01:18:20,XBTUSD,short,Limit,3201,-0.0955,2.034,43639233
2018-07-18 01:18:52,XBTUSD,short,Limit,59334,-0.0682,2.04,809137758
2018-07-18 01:19:18,XBTUSD,short,Limit,250000,0.173,0.983,3409750000
2018-07-18 01:24:44,XBTUSD,short,Limit,41095,0.3402,0.865,561193320
2018-07-18 02:52:05,XBTUSD,long,Limit,8905,1.7001,1.456,119567435
2018-07-18 02:52:58,XBTUSD,short,Limit,241095,0.5371,0.015,3254782500
2018-07-18 03:03:35,XBTUSD,long,Limit,8905,0.5805,0.176,119522910
2018-07-18 03:15:16,XBTUSD,short,Limit,250000,-0.6755,0.194,3332250000
2018-07-18 03:15:24,XBTUSD,short,Limit,250000,0.0773,0.156,3336750000
2018-07-18 03:27:29,XBTUSD,short,Limit,250000,0.6387,0.349,3345500000
2018-07-18 03:27:58,EOSU18,short,Limit,5000,0.6743,0.638,625500000
2018-07-18 03:28:08,EOSU18,short,Limit,4264,2.3269,0.411,533381510
2018-07-18 03:30:19,EOSU18,short,Limit,736,2.1804,0.483,92204240
2018-07-18 03:32:16,ADAU18,short,Limit,200000,1.0409,0.444,513400000
2018-07-18 03:40:15,XBTUSD,short,Limit,241095,0.9157,0.53,3229226430
2018-07-18 04:15:56,XBTUSD,long,Limit,250000,0.0204,0.108,3363500000
2018-07-18 04:40:13,XBTUSD,long,Limit,8905,-0.0269,0.492,119888015
2018-07-18 07:20:09,XBTUSD,short,Limit,250000,0.4376,1.592,3368259500
2018-07-18 08:14:06,XBTUSD,short,Limit,1095,1.4085,2.486,14897475
2018-07-18 08:16:29,XBTUSD,long,Limit,248905,0.2325,0.04,3378387565
2018-07-18 11:14:53,XBTUSD,short,Limit,250000,0.4273,1.154,3380500000
2018-07-18 18:05:12,XBTUSD,short,Limit,250000,-1.3596,6.407,3320000000
2018-07-18 18:09:18,XBTUSD,short,Limit,250000,-0.504,3.829,3304750000
2018-07-18 18:17:33,XBTUSD,short,Limit,250000,0.9872,0.231,3337750000
2018-07-18 18:29:11,XBTUSD,short,Limit,250000,1.4399,0.341,3339750000
2018-07-18 18:35:52,XBTUSD,short,Limit,250000,0.3584,0.186,3343250000
2018-07-18 18:36:44,XBTUSD,short,Limit,250000,0.4898,0.076,3350846874
2018-07-18 18:37:35,XBTUSD,short,Limit,1095,0.5468,0.089,14685045
2018-07-18 18:38:13,XBTUSD,long,Limit,213227,0.1452,0.011,2855322757
2018-07-18 18:47:33,XBTUSD,short,Limit,36773,0.5691,0.156,495258764
2018-07-18 18:48:07,XBTUSD,long,Limit,250000,-0.1662,0.009,3375000000
2018-07-18 18:48:42,XBTUSD,long,Limit,213227,0.406,0.014,2873660279
2018-07-18 19:08:49,XBTUSD,short,Limit,36773,0.4717,0.335,497943193
2018-07-18 19:16:03,XBTUSD,long,Limit,250000,-0.1676,0.117,3392000000
2018-07-18 19:16:11,XBTUSD,long,Limit,250000,0.0785,0.094,3390750000
2018-07-18 19:20:52,XBTUSD,long,Limit,214427,0.6941,0.147,2898195332
2018-07-18 19:24:04,XRPU18,long,Limit,3226,2.3259,0.063,22140038
2018-07-18 19:24:38,XRPU18,long,Limit,55180,1.3866,0.073,375224000
2018-07-18 19:26:23,XRPU18,long,Limit,200000,2.0109,0.103,1365800000
2018-07-18 19:27:18,XRPU18,long,Limit,105090,2.7911,0.118,719866500
2018-07-18 19:32:36,XBTUSD,short,Limit,35573,0.2974,0.196,482263161
2018-07-18 19:37:54,XBTUSD,long,Limit,214427,0.4875,0.088,2892834657
2018-07-18 19:44:33,XBTUSD,short,Limit,35573,0.5059,0.111,482334307
2018-07-18 20:11:36,XBTUSD,long,Limit,250000,-1.2542,0.449,3433000000
2018-07-18 20:15:59,XBTUSD,long,Limit,250000,-0.594,0.193,3428250000
2018-07-18 20:39:57,XBTUSD,long,Limit,140000,-0.5583,0.539,1928360000
2018-07-18 20:45:37,XBTUSD,long,Limit,140000,-0.008,0.624,1918420000
2018-07-18 20:49:44,XBTUSD,long,Limit,250000,0.6045,0.643,3421250000
2018-07-18 20:50:01,XBTUSD,long,Limit,250000,0.8614,0.572,3408484025
2018-07-18 20:50:08,XBTUSD,long,Limit,250000,1.192,0.217,3407553552
2018-07-18 20:58:35,XBTUSD,long,Limit,250000,0.1372,0.046,3410750000
2018-07-18 21:04:09,XBTUSD,long,Limit,150000,0.0145,0.117,2050200000
2018-07-18 21:07:58,XBTUSD,long,Limit,200000,0.2771,0.148,2726200000
2018-07-18 21:09:42,XBTUSD,long,Limit,247112,0.484,0.124,3363194320
2018-07-18 22:12:25,XBTUSD,short,Limit,2888,0.4764,1.044,39493400
2018-07-18 22:31:04,EOSU18,short,Limit,1,7.9488,19.453,117890
2018-07-18 22:36:38,XBTUSD,long,Limit,250000,0.2767,0.403,3409500000
2018-07-18 22:38:07,TRXU18,long,Limit,1000000,1.8149,0.067,561000000
2018-07-18 22:38:23,XBTUSD,long,Limit,247112,0.7131,0.387,3364676992
2018-07-18 22:41:20,XBTUSD,short,Limit,250000,0.0978,0.047,3395500000
2018-07-18 22:42:15,XBTUSD,short,Limit,9064,0.3107,0.056,123152568
2018-07-18 22:51:23,XBTUSD,short,Limit,243824,0.494,0.209,3316250224
2018-07-18 22:59:36,EOSU18,long,Limit,1619,1.0349,0.485,192839090
2018-07-18 23:02:10,XBTUSD,long,Limit,6176,0.2584,0.178,83783616
2018-07-18 23:04:36,XBTUSD,short,Limit,137813,0.1289,0.04,1871913979
2018-07-18 23:11:27,XBTUSD,short,Limit,48777,0.0678,0.151,662147775
2018-07-19 00:16:28,TRXU18,long,Limit,969760,0.7463,0.144,523670400
2018-07-19 00:33:43,XBTUSD,short,Limit,249812,0.538,1.361,3400191132
2018-07-19 00:42:25,XBTUSD,short,Limit,7422,0.86,1.107,101391942
2018-07-19 00:56:54,TRXU18,long,Limit,1000000,1.1065,0.792,534000000
2018-07-19 00:57:20,XBTUSD,long,Limit,127681,0.3484,0.248,1738249134
2018-07-19 00:57:44,TRXU18,long,Limit,225761,1.6118,0.752,121007896
2018-07-19 00:58:16,ADAU18,long,Limit,9600,0.891,0.703,23913600
2018-07-19 00:59:29,ADAU18,long,Limit,98970,0.81,0.723,246336330
2018-07-19 01:02:44,ADAU18,long,Limit,24677,0.9721,0.812,61519761
2018-07-19 01:22:59,XBTUSD,short,Limit,2319,0.776,0.428,31816680
2018-07-19 01:26:58,XBTUSD,long,Limit,247681,0.2127,0.066,3391000571
2018-07-19 02:46:36,XBTUSD,short,Limit,100000,0.0833,0.048,1363300000
2018-07-19 03:05:17,TRXU18,long,Limit,800000,1.7078,2.761,428800000
2018-07-19 06:17:39,ADAU18,long,Limit,49301,2.8352,6.037,125175239
2018-07-19 06:22:04,ADAU18,long,Limit,17451,2.7542,6.099,44273187
2018-07-19 06:24:47,ADAU18,long,Limit,1,3.0782,6.07,2545
2018-07-19 06:31:09,TRXU18,long,Limit,73025,2.0873,6.177,39287450
2018-07-19 06:35:55,XRPU18,long,Limit,3022,2.0108,11.266,20543556
2018-07-19 06:42:08,XRPU18,long,Limit,95000,3.5063,11.362,645715000
2018-07-19 07:07:41,TRXU18,long,Limit,1013758,3.4389,6.92,546415562
2018-07-19 09:45:47,XBTUSD,short,Limit,250000,-0.3552,0.14,3388750000
2018-07-19 09:54:58,XBTUSD,short,Limit,250000,0.2021,0.188,3386500000
2018-07-19 10:03:14,XBTUSD,short,Limit,250000,0.0009,0.316,3381750000
2018-07-19 10:11:22,XRPU18,long,Limit,100000,4.3438,14.835,679800000
2018-07-19 12:52:48,XBTUSD,short,Limit,250000,-0.1563,3.052,3371250000
2018-07-19 12:59:51,XRPU18,long,Limit,103481,2.3777,17.417,704602129
2018-07-19 13:04:59,ETHU18,long,Limit,27,1.1367,17.106,180171000
2018-07-19 14:01:58,XBTUSD,short,Limit,250000,-0.5211,4.065,3354250000
2018-07-19 14:05:48,XBTUSD,short,Limit,250000,-0.4917,2.228,3357750000
2018-07-19 14:50:51,XBTUSD,short,Limit,250000,-0.5006,2.874,3348000000
2018-07-19 15:50:39,XBTUSD,short,Limit,250000,0.852,2.484,3375000000
2018-07-19 15:52:05,XBTUSD,short,Limit,250000,1.0235,1.637,3388750000
2018-07-19 15:57:38,XBTUSD,short,Limit,250000,1.3864,1.157,3389341197
2018-07-19 16:01:18,XBTUSD,short,Limit,250000,0.1755,0.161,3384750000
2018-07-19 22:39:34,XBTUSD,short,Limit,250000,-1.5887,6.615,3322250000
2018-07-19 22:46:50,XBTUSD,short,Limit,250000,1.1493,0.255,3349250000
2018-07-19 23:15:37,XBTUSD,short,Limit,1391,1.476,0.615,18689476
2018-07-19 23:15:58,XBTUSD,short,Limit,250000,0.5142,0.473,3360250000
2018-07-20 01:23:16,TRXU18,long,Limit,1,-2.8791,25.027,506
2018-07-20 04:03:21,TRXU18,long,Limit,848217,1.2146,0.041,424108500
2018-07-20 04:50:32,TRXU18,long,Limit,881900,1.0121,1.101,440068100
2018-07-20 06:39:18,XBTUSD,short,Limit,250000,0.8146,7.221,3379750000
2018-07-20 06:40:55,XBTUSD,short,Limit,3155,1.0057,7.24,42737630
2018-07-20 06:43:07,XBTUSD,long,Limit,246845,0.0813,0.037,3341047075
2018-07-20 06:51:01,XBTUSD,short,Limit,250000,0.6068,0.122,3400250000
2018-07-20 07:02:17,XBTUSD,short,Limit,250000,0.2745,0.153,3398000000
2018-07-20 07:08:28,TRXU18,long,Limit,480622,-0.4108,2.095,234543536
2018-07-20 07:13:38,XBTUSD,short,Limit,23518,0.2144,0.128,319280368
2018-07-20 07:18:19,TRXU18,long,Limit,1000000,1.0014,0.729,489000000
2018-07-20 07:23:37,TRXU18,long,Limit,789261,2.4948,0.794,389105673
2018-07-20 07:37:18,BCHU18,long,Limit,42,0.2791,1.527,452760000
2018-07-20 11:27:06,EOSU18,long,Limit,280,0.3215,19.181,32051600
2018-07-20 11:27:33,BCHU18,long,Limit,80,1.5766,5.414,870400000
2018-07-20 12:29:12,XBTUSD,short,Limit,229637,-1.0159,5.354,3079202533
2018-07-20 17:04:23,XBTUSD,long,Limit,250000,0.065,0.392,3379500000
2018-07-20 17:04:28,XBTUSD,long,Limit,250000,0.4665,0.019,3371500000
2018-07-20 17:05:15,XBTUSD,long,Limit,20363,0.7114,0.032,273963802
2018-07-20 17:06:22,XBTUSD,short,Limit,45807,0.5382,0.019,619631289
2018-07-20 17:06:49,XBTUSD,long,Limit,204193,0.1691,0.007,2757422272
2018-07-20 19:17:04,XRPU18,long,Limit,650662,-10.113,9.196,6084688094
2018-07-20 19:30:57,XBTUSD,short,Limit,45807,0.9791,2.402,624715866
2018-07-20 22:38:22,XBTUSD,long,Limit,204193,0.2932,3.124,2776616414
2018-07-20 22:44:07,XBTUSD,short,Limit,45807,0.1224,0.096,623662305
2018-07-21 00:54:48,XBTUSD,long,Limit,250000,-1.0317,0.81,3451750000
2018-07-21 05:45:21,XBTUSD,long,Limit,128459,1.356,4.858,1753721698
2018-07-21 05:45:58,XBTUSD,long,Limit,2284,1.3214,4.869,31192588
2018-07-21 05:45:58,XBTUSD,long,Limit,119258,1.3086,4.869,1628706506
2018-07-21 19:52:55,TRXU18,long,Limit,172291,3.527,26.572,85973209
2018-07-22 00:03:04,XBTUSD,short,Limit,2283,-0.9082,18.285,30900405
2018-07-22 00:16:46,XBTUSD,long,Limit,247717,0.0677,0.228,3350372425
2018-07-22 00:50:38,XBTUSD,short,Limit,250000,0.0624,0.211,3365750000
2018-07-22 02:03:09,XBTUSD,short,Limit,134704,0.1577,0.059,1805033600
2018-07-22 02:05:48,ADAU18,long,Limit,14625,0.9013,35.27,34383375
2018-07-22 02:08:10,ADAU18,long,Limit,1900,0.7296,35.31,4459300
2018-07-22 02:08:29,ADAU18,long,Limit,3000,0.6867,35.315,7038000
2018-07-22 02:12:14,ADAU18,long,Limit,80475,0.6438,35.378,188713875
2018-07-22 02:12:59,XBTUSD,short,Limit,117578,0.214,0.198,1576368246
2018-07-22 19:28:40,ADAU18,long,Limit,100000,3.0043,52.734,240000000
2018-07-22 21:15:44,XBTUSD,short,Limit,250000,0.2904,0.02,3310250000
2018-07-22 21:20:25,XBTUSD,short,Limit,1,1.0496,0.098,13342
2018-07-22 21:22:53,XBTUSD,long,Limit,200000,-1.0007,0.041,2695400000
2018-07-22 21:23:13,XBTUSD,long,Limit,200000,-0.0637,0.036,2690000000
2018-07-22 21:26:59,XBTUSD,long,Limit,250000,-0.4264,0.089,3398000000
2018-07-22 21:27:11,XBTUSD,long,Limit,250000,-0.3444,0.048,3392250000
2018-07-22 21:27:43,XBTUSD,long,Limit,250000,0.1207,0.043,3386500000
2018-07-22 21:27:58,XBTUSD,long,Limit,250000,1.0337,0.031,3374003681
2018-07-22 21:34:00,XBTUSD,long,Limit,177650,0.678,0.104,2397587512
2018-07-22 21:34:42,XBTUSD,long,Limit,122348,0.4338,0.106,1651208608
2018-07-22 22:03:13,XBTUSD,long,Limit,89979,0.3406,0.038,1221734862
2018-07-22 22:46:48,XBTUSD,long,Limit,250000,0.4749,0.473,3376000000
2018-07-23 02:15:07,XBTUSD,long,Limit,250000,-0.1977,0.018,3301500000
2018-07-23 02:16:34,XBTUSD,long,Limit,250000,0.132,0.039,3295000000
2018-07-23 02:20:39,XBTUSD,long,Limit,1,0.5939,0.107,13119
2018-07-23 02:28:08,XBTUSD,short,Limit,249999,0.4378,0.125,3294172833
2018-07-23 02:32:42,XBTUSD,long,Limit,1,0.448,0.076,13116
2018-07-23 07:29:53,XBTUSD,short,Limit,250000,-1.0624,4.953,3244750000
2018-07-23 08:34:37,XBTUSD,short,Limit,250000,0.5506,1.151,3244500000
2018-07-23 08:36:12,XBTUSD,short,Limit,249999,0.5974,1.096,3254568032
2018-07-23 10:38:07,TRXU18,long,Limit,1000000,0.3016,2.681,468000000
2018-07-23 15:51:44,XBTU18,long,Limit,100000,30.1959,730.329,1286300000
2018-07-23 20:25:25,XBTUSD,long,Limit,109703,0.7829,8.753,1418679196
2018-07-23 20:31:03,XBTUSD,long,Limit,40867,0.6711,8.847,529105049
2018-07-24 01:47:55,XBTUSD,short,Limit,100000,0.1727,0.297,1293200000
2018-07-24 02:35:40,XBTUSD,short,Limit,150000,0.3421,0.865,1943100000
2018-07-24 04:36:01,XBTUSD,short,Stop,5970,-0.9553,2.87,76344360
2018-07-24 04:36:31,XBTUSD,long,Limit,144030,0.4162,0.008,1834209564
2018-07-24 04:38:03,XBTUSD,short,Limit,250000,0.3715,0.02,3196000000
2018-07-24 04:38:22,XBTUSD,short,Limit,250000,0.546,0.015,3195000000
2018-07-24 05:08:58,XBTUSD,short,Stop,250000,-0.8189,0.364,3164750000
2018-07-24 05:38:22,XBTUSD,short,Limit,250000,-1.2501,0.603,3138750000
2018-07-24 05:46:17,XBTUSD,short,Limit,250000,-1.3537,0.606,3120000000
2018-07-24 05:50:05,XBTUSD,short,Limit,250000,0.4861,0.256,3143000000
2018-07-24 05:57:50,ADAU18,long,Limit,100000,1.0565,77.267,220000000
2018-07-24 06:00:14,TRXU18,long,Limit,1000000,-5.0932,21.251,439000000
2018-07-24 06:01:43,XBTUSD,short,Limit,217884,0.4437,0.359,2740646058
2018-07-24 06:02:15,ADAU18,long,Limit,50300,3.3992,77.341,113225300
2018-07-24 06:04:09,TRXU18,long,Limit,1000000,-0.5994,13.626,448000000
2018-07-24 06:05:36,TRXU18,long,Limit,213297,2.5,5.308,96196947
2018-07-24 06:06:42,ADAU18,long,Limit,100000,4.604,41.017,226400000
2018-07-24 06:07:50,TRXU18,long,Limit,592932,4.342,3.758,268598196
2018-07-24 06:16:05,ETHU18,long,Limit,1,-9.1088,130.218,5997000
2018-07-24 06:16:30,ETHU18,long,Limit,82,-9.1391,130.225,491590000
2018-07-24 06:51:26,LTCU18,short,Limit,500,0.9865,0.511,552000000
2018-07-24 06:54:14,LTCU18,short,Limit,529,0.9981,0.564,582958000
2018-07-24 07:12:19,ETHU18,long,Limit,50,-9.0785,131.155,299950000
2018-07-24 07:15:11,ETHU18,long,Limit,50,-8.1059,127.663,302200000
2018-07-24 07:15:30,ETHU18,long,Limit,50,-6.9641,113.501,302134000
2018-07-24 07:15:47,ETHU18,long,Limit,32,-6.8822,113.505,193536000
2018-07-24 08:36:26,XBTUSD,short,Limit,250000,0.5285,2.871,3135250000
2018-07-24 10:18:38,TRXU18,long,Limit,492030,7.0093,6.231,225349740
2018-07-24 10:19:48,TRXU18,long,Limit,1000000,4.3651,4.077,460000000
2018-07-24 10:21:22,TRXU18,long,Limit,120000,4.0632,3.4,55320000
2018-07-24 11:32:44,XBTUSD,short,Limit,250000,-2.0055,5.715,3067500000
2018-07-24 12:18:11,XBTUSD,short,Limit,250000,-3.2022,5.89,3035750000
2018-07-24 12:24:58,XBTUSD,short,Limit,250000,-2.6439,3.02,3029500000
2018-07-24 12:29:59,XBTUSD,short,Limit,250000,-0.5357,1.272,3047750000
2018-07-24 12:30:08,XBTUSD,short,Limit,250000,0.366,0.766,3055250000
2018-07-24 12:30:23,XBTUSD,short,Limit,250000,1.075,0.574,3063560188
2018-07-24 12:36:07,XBTUSD,short,Limit,250000,0.8842,0.372,3047000000
2018-07-24 12:36:17,XBTUSD,short,Limit,250000,0.3465,0.119,3054250000
2018-07-24 12:44:33,XBTUSD,short,Limit,91899,-0.4067,0.193,1118318931
2018-07-24 12:45:40,XBTUSD,short,Limit,250000,-0.3013,0.208,3044250000
2018-07-24 12:46:04,XBTUSD,short,Limit,250000,0.0216,0.202,3051500000
2018-07-24 12:50:51,XBTUSD,short,Limit,88347,0.4197,0.268,1079335299
2018-07-24 13:02:39,XBTUSD,short,Limit,250000,0.489,0.464,3055572282
2018-07-24 13:02:58,XBTUSD,short,Limit,250000,0.7585,0.423,3059000000
2018-07-24 13:05:03,XBTUSD,short,Limit,125588,0.9151,0.394,1536813280
2018-07-24 13:08:03,XBTUSD,short,Limit,250000,0.9731,0.329,3070432398
2018-07-24 13:16:47,TRXU18,long,Limit,1000000,5.8687,6.288,466000000
2018-07-24 13:21:48,TRXU18,long,Limit,1000000,7.636,2.808,471000000
2018-07-24 13:22:12,TRXU18,long,Limit,293853,8.238,1.305,138992469
2018-07-24 13:23:01,TRXU18,long,Limit,1,8.4668,1.298,474
2018-07-24 13:32:51,EOSU18,long,Limit,1303,-7.1347,117.214,138052850
2018-07-24 13:33:12,EOSU18,long,Limit,126,-7.161,117.221,13345920
2018-07-24 13:38:02,EOSU18,long,Limit,2126,-7.0997,117.301,225334740
2018-07-24 13:41:57,EOSU18,long,Limit,1165,-6.9156,117.365,123723000
2018-07-24 13:45:02,EOSU18,long,Limit,5000,-3.0723,103.587,533300000
2018-07-24 13:49:18,TRXU18,short,Limit,500000,0.211,0.446,236500000
2018-07-24 13:50:37,TRXU18,short,Limit,422705,1.6667,0.147,199516760
2018-07-24 13:54:59,TRXU18,short,Limit,77294,1.0417,0.212,36714650
2018-07-24 14:09:40,EOSU18,long,Limit,5000,-0.3167,85.211,535900000
2018-07-24 14:13:46,ETHU18,long,Limit,50,-7.729,120.483,299650000
2018-07-24 14:22:24,XBTUSD,short,Limit,219594,0.1932,1.123,2675533296
2018-07-24 17:34:35,XBTUSD,long,Limit,30406,0.8529,3.203,367334886
2018-07-24 20:42:35,XBTUSD,short,Limit,250000,0.7273,2.938,3042000000
2018-07-24 20:44:01,XBTUSD,short,Limit,200000,0.8929,1.553,2435000000
2018-07-24 22:19:16,XBTUSD,short,Limit,250000,-0.2892,0.321,3008500000
2018-07-24 22:19:34,XBTUSD,short,Limit,250000,0.5037,0.018,3018000000
2018-07-24 22:24:02,XBTUSD,short,Limit,33805,0.8168,0.091,409378550
2018-07-24 22:24:11,XBTUSD,long,Limit,216195,0.1514,0.003,2614229940
2018-07-24 22:27:33,XBTUSD,short,Limit,80000,0.0323,0.029,965280000
2018-07-24 23:45:03,XBTUSD,short,Limit,233766,-1.1219,1.154,2780412804
2018-07-24 23:54:26,XBTUSD,short,Limit,250000,-0.4969,0.286,2966500000
2018-07-24 23:58:16,XBTUSD,short,Limit,250000,0.3481,0.291,2970000000
2018-07-25 00:00:07,XBTUSD,short,Limit,250000,0.6936,0.217,2980750000
2018-07-25 00:24:17,EOSU18,long,Limit,5,0.9961,26.995,537000
2018-07-25 00:27:21,EOSU18,long,Limit,550,1.2353,9.935,59048000
2018-07-25 00:42:01,XBTUSD,short,Limit,250000,0.4959,0.889,2966500000
2018-07-25 00:56:02,EOSU18,long,Limit,362,1.207,10.413,38853460
2018-07-25 01:33:12,EOSU18,long,Limit,720,1.4333,11.032,77450400
2018-07-25 01:33:29,EOSU18,long,Limit,5000,1.6508,11.109,537750000
2018-07-25 01:57:17,EOSU18,long,Limit,3363,2.887,11.099,364347420
2018-07-25 01:57:39,EOSU18,long,Limit,1,3.7892,11.103,109290
2018-07-25 02:03:46,XBTUSD,short,Limit,200929,0.6156,2.139,2393265319
2018-07-25 02:10:42,XBTUSD,short,Limit,250000,0.7713,2.165,2998073036
2018-07-25 02:16:13,XBTUSD,short,Limit,250000,1.27,2.13,3002000000
2018-07-25 02:18:50,EOSU18,short,Limit,2205,0.1313,0.352,240653700
2018-07-25 02:26:53,EOSU18,short,Limit,2317,0.5033,0.486,251927410
2018-07-25 02:27:46,EOSU18,short,Limit,220,0.4575,0.495,23931600
2018-07-25 02:27:56,EOSU18,short,Limit,257,0.4118,0.501,27969310
2018-07-25 02:45:26,XBTUSD,short,Limit,250000,0.1736,0.646,2998500000
2018-07-25 03:08:39,XBTUSD,short,Limit,250000,0.633,0.71,3009131855
2018-07-25 04:47:38,ETHU18,long,Limit,47,-8.9607,135.035,277911000
2018-07-25 06:03:44,XBTUSD,short,Limit,250000,-0.8724,2.896,2973500000
2018-07-25 06:25:17,XBTUSD,short,Limit,100635,0.5737,1.859,1205909205
2018-07-25 06:39:15,XBTUSD,short,Limit,110979,0.9813,1.778,1333079748
2018-07-25 06:46:49,XBTUSD,short,Limit,250000,1.2491,1.052,3003750000
2018-07-25 08:13:38,XBTUSD,short,Limit,250000,1.0311,1.74,3018750000
2018-07-25 08:21:35,XBTUSD,short,Limit,250000,0.8277,1.517,3020500000
2018-07-25 10:07:59,XBTUSD,short,Limit,226112,1.0752,1.8,2756531392
2018-07-25 13:40:58,XBTUSD,long,Limit,200000,-0.0804,0.607,2438200000
2018-07-25 14:01:19,XBTUSD,long,Limit,200000,0.5359,0.375,2434200000
2018-07-25 15:22:39,XBTUSD,long,Limit,200000,-0.5042,1.494,2451400000
2018-07-25 15:44:26,XBTUSD,long,Limit,200000,-1.403,1.464,2474400000
2018-07-25 15:45:37,XBTUSD,long,Limit,200000,-0.6174,0.401,2470600000
2018-07-25 15:46:30,XBTUSD,long,Limit,200000,-0.2111,0.267,2468600000
2018-07-25 15:54:33,XBTUSD,long,Limit,200000,0.0532,0.252,2473000000
2018-07-25 15:58:23,XBTUSD,long,Limit,200000,0.6421,0.284,2466000000
2018-07-25 15:59:33,XBTUSD,long,Limit,200000,0.4382,0.166,2463200000
2018-07-25 16:07:16,ETHU18,long,Limit,37,-7.2225,144.58,219706000
2018-07-25 16:16:24,ETHU18,long,Limit,50,-6.304,143.966,298000000
2018-07-25 16:18:16,ETHU18,long,Limit,41,-6.2254,143.995,244565000
2018-07-25 16:22:59,XBTUSD,long,Limit,200000,0.4415,0.504,2466000000
2018-07-25 16:24:05,XBTUSD,long,Limit,75649,0.6203,0.494,931314839
2018-07-25 16:25:52,XBTUSD,long,Limit,200000,0.1843,0.421,2462400000
2018-07-25 16:31:31,XBTUSD,long,Limit,194083,0.6179,0.502,2383533323
2018-07-25 16:46:19,XBTUSD,short,Limit,100000,-0.0744,0.028,1227100000
2018-07-25 17:06:36,XBTUSD,short,Limit,230150,0.0941,0.334,2822329450
2018-07-25 21:19:48,XBTUSD,long,Limit,250000,1.8188,3.741,3020250000
2018-07-25 21:34:55,XBTUSD,long,Limit,19850,2.3377,3.951,238656550
2018-07-25 21:38:44,XBTUSD,short,Limit,200000,0.1803,0.064,2409000000
2018-07-25 21:46:22,XBTUSD,short,Limit,30150,0.6846,0.191,364992695
2018-07-25 21:48:39,XBTUSD,long,Limit,200000,0.0356,0.036,2420400000
2018-07-25 21:48:39,XBTUSD,long,Limit,169850,0.1333,0.024,2055694550
2018-07-25 23:29:13,XBTUSD,short,Limit,20000,0.6297,1.676,243600000
2018-07-25 23:29:19,XBTUSD,short,Limit,200000,1.1986,0.941,2436600000
2018-07-25 23:31:32,XBTUSD,short,Limit,200000,0.427,0.077,2440000000
2018-07-25 23:32:43,XBTUSD,short,Limit,10150,0.5773,0.05,124083750
2018-07-25 23:33:13,XBTUSD,long,Limit,189850,0.1525,0.009,2317309100
2018-07-25 23:52:21,XBTUSD,short,Limit,250000,0.5193,0.244,3058000000
2018-07-25 23:57:31,XBTUSD,short,Limit,150,0.6687,0.317,1836000
2018-07-26 00:01:21,XBTUSD,long,Limit,227900,0.2142,0.062,2783570600
2018-07-26 00:02:03,XBTUSD,long,Limit,27,0.3366,0.07,329373
2018-07-26 00:09:29,XBTUSD,short,Limit,171323,0.061,0.124,2091168538
2018-07-26 00:10:02,XBTUSD,short,Limit,75000,0.061,0.133,915450000
2018-07-26 02:24:43,ETHU18,long,Limit,48,-6.4455,154.201,285648000
2018-07-26 06:44:14,ETHU18,long,Limit,50,-3.8857,125.344,299200000
2018-07-26 06:45:37,ETHU18,long,Limit,50,0.6418,47.946,299700000
2018-07-26 06:57:42,ETHU18,long,Limit,50,0.062,47.311,300259000
2018-07-26 07:05:39,XBTUSD,short,Limit,250000,-0.7648,6.455,3016500000
2018-07-26 07:12:26,XBTUSD,short,Limit,250000,-0.0737,0.369,3022750000
2018-07-26 07:35:26,XBTUSD,short,Limit,250000,0.6866,0.52,3033000000
2018-07-26 07:43:27,XBTUSD,short,Limit,244385,0.3467,0.096,2969522135
2018-07-26 07:52:23,XBTUSD,short,Limit,30000,0.1825,0.137,364530000
2018-07-26 10:15:56,XBTUSD,short,Limit,232958,-0.4607,2.041,2806677984
2018-07-26 12:10:24,XBTUSD,short,Limit,250000,1.0897,2.056,3040500000
2018-07-26 21:50:33,XBTUSD,short,Limit,17667,4.0219,11.581,221314509
2018-07-26 21:55:58,XBTUSD,long,Limit,250000,-0.6087,0.088,3151500000
2018-07-26 21:56:06,XBTUSD,long,Limit,250000,-0.2245,0.063,3147500000
2018-07-26 21:56:55,XBTUSD,long,Limit,250000,0.3731,0.052,3140750000
2018-07-26 21:57:23,XBTUSD,long,Limit,232333,0.7617,0.035,2913223487
2018-07-26 21:57:50,XBTUSD,short,Limit,17667,0.2508,0.007,222091857
2018-07-26 22:00:07,XBTUSD,long,Limit,232333,0.1886,0.037,2915082151
2018-07-26 22:00:53,XBTUSD,short,Limit,17667,0.1568,0.012,222021189
2018-07-26 22:01:31,XBTUSD,long,Limit,5495,0.4398,0.011,68753440
2018-07-26 22:01:58,XBTUSD,long,Limit,26106,0.5027,0.018,326429424
2018-07-26 22:03:41,XBTUSD,short,Limit,223894,0.0625,0.029,2801361728
2018-07-26 22:20:46,XBTUSD,long,Limit,250000,0.394,0.283,3119250000
2018-07-26 22:21:37,XBTUSD,long,Limit,250000,0.8021,0.201,3110500000
2018-07-26 22:21:46,XBTUSD,long,Limit,26106,0.878,0.193,324602004
2018-07-26 22:22:38,XBTUSD,short,Limit,223894,0.2176,0.014,2789943134
2018-07-26 22:26:49,XBTUSD,long,Limit,250000,-0.1345,0.047,3122000000
2018-07-26 22:39:08,XBTUSD,long,Limit,250000,-0.4078,0.236,3139750000
2018-07-26 22:44:47,XBTUSD,long,Limit,250000,-0.5204,0.256,3147750000
2018-07-26 22:45:51,XBTUSD,long,Limit,250000,-0.1691,0.163,3139754532
2018-07-26 23:01:50,XBTUSD,long,Limit,250000,-0.5482,0.393,3162500000
2018-07-26 23:07:28,XBTUSD,long,Limit,250000,-0.4658,0.433,3159500000
2018-07-26 23:19:26,XBTUSD,long,Limit,250000,-0.38,0.611,3163500000
2018-07-26 23:30:38,XBTUSD,long,Limit,250000,0.0858,0.779,3156121756
2018-07-26 23:44:11,XBTUSD,long,Limit,250000,-0.2056,0.939,3153500000
2018-07-26 23:44:53,XBTUSD,long,Limit,250000,-0.0341,0.798,3150500000
2018-07-26 23:46:07,XBTUSD,long,Limit,250000,0.3809,0.766,3145750000
2018-07-26 23:48:34,XBTUSD,long,Limit,170413,0.7419,0.796,2145499670
2018-07-26 23:55:02,XBTUSD,long,Limit,250000,0.7493,0.882,3148500000
2018-07-27 01:07:30,XBTUSD,long,Limit,250000,0.5709,2.002,3153500000
2018-07-27 01:18:51,XBTUSD,long,Limit,103400,0.5709,2.143,1304287600
2018-07-27 01:53:01,XBTUSD,long,Limit,250000,0.3541,2.657,3166250000
2018-07-27 02:01:02,XBTUSD,long,Limit,250000,0.2238,2.647,3164500000
2018-07-27 02:16:54,XBTUSD,long,Limit,18279,0.087,1.967,230973444
2018-07-27 03:10:30,XBTUSD,long,Limit,225288,-0.3161,2.725,2857102416
2018-07-27 03:30:10,ETHU18,long,Limit,50,1.0103,66.063,300800000
2018-07-27 04:11:48,XBTUSD,long,Limit,250000,0.1691,3.705,3156250000
2018-07-27 04:13:24,XBTUSD,long,Limit,221884,0.5089,2.621,2799066660
2018-07-27 04:28:06,XBTUSD,long,Limit,50000,0.6238,2.781,630300000
2018-07-27 08:19:01,XBTUSD,long,Limit,250000,0.7941,6.557,3150250000
2018-07-27 08:25:01,XBTUSD,long,Limit,250000,0.8011,6.464,3148250000
2018-07-27 08:31:48,XBTUSD,long,Limit,250000,0.7058,5.579,3146750000
2018-07-27 08:34:19,XBTUSD,long,Limit,241075,0.7172,2.996,3025404150
2018-07-27 09:44:58,XBTUSD,short,Limit,250000,0.1236,1.136,3139750000
2018-07-27 09:51:44,XBTUSD,short,Limit,250000,0.4743,0.791,3144250000
2018-07-27 10:12:43,XBTUSD,short,Limit,8925,0.7322,1.119,112535325
2018-07-27 10:25:33,XBTUSD,long,Limit,241075,0.1387,0.219,3035375325
2018-07-27 12:49:50,XBTUSD,short,Limit,8925,1.0262,2.393,113543850
2018-07-27 12:52:07,XBTUSD,long,Limit,250000,-0.2776,0.037,3189750000
2018-07-27 12:55:33,XBTUSD,long,Limit,250000,0.2567,0.068,3185750000
2018-07-27 13:07:07,XBTUSD,long,Limit,250000,-0.2032,0.244,3199500000
2018-07-27 13:07:43,XBTUSD,long,Limit,250000,-0.0779,0.184,3192750000
2018-07-27 13:07:51,XBTUSD,long,Limit,250000,0.0507,0.108,3189750000
2018-07-27 13:10:33,XBTUSD,long,Limit,250000,0.1734,0.116,3190750000
2018-07-27 13:11:37,XBTUSD,long,Limit,250000,0.5617,0.093,3185750000
2018-07-27 13:11:51,XBTUSD,long,Limit,250000,0.5421,0.076,3184750000
2018-07-27 13:12:04,XBTUSD,long,Limit,139739,0.4216,0.066,1777899297
2018-07-27 13:14:04,XBTUSD,short,Limit,110261,0.0954,0.033,1404173835
2018-07-27 13:16:39,XBTUSD,long,Limit,139739,0.1273,0.044,1777340341
2018-07-27 13:27:49,XBTUSD,short,Limit,250000,0.1902,0.168,3179750000
2018-07-27 15:06:16,XBTUSD,short,Limit,250000,-0.0325,0.047,3137750000
2018-07-27 15:07:02,XBTUSD,short,Limit,250000,0.3439,0.028,3139750000
2018-07-27 15:16:18,XBTUSD,short,Limit,250000,-0.0757,0.087,3107500000
2018-07-27 15:31:50,XBTUSD,short,Limit,250000,-0.9754,0.342,3076000000
2018-07-27 15:34:16,XBTUSD,short,Limit,250000,-0.9924,0.376,3070250000
2018-07-27 15:49:03,XBTUSD,short,Limit,34210,-0.8568,0.622,421056680
2018-07-27 17:29:18,XBTUSD,short,Limit,250000,-1.4201,2.288,3059000000
2018-07-27 23:21:47,XBTUSD,short,Limit,250000,-1.0398,8.071,3063540120
2018-07-27 23:21:56,XBTUSD,short,Limit,250000,-0.6288,8.067,3063000000
2018-07-27 23:34:52,XBTUSD,short,Limit,250000,-0.5535,8.272,3061750000
2018-07-27 23:34:54,XBTUSD,short,Limit,250000,-0.4989,8.219,3062750000
2018-07-27 23:37:11,XBTUSD,short,Limit,250000,-0.2148,8.212,3063750000
2018-07-27 23:37:13,XBTUSD,short,Limit,250000,0.124,8.184,3066500000
2018-07-27 23:37:22,XBTUSD,short,Limit,250000,0.0063,8.076,3067164871
2018-07-27 23:37:53,XBTUSD,short,Limit,250000,0.3181,8.032,3067500000
2018-07-27 23:37:57,XBTUSD,short,Limit,250000,0.5108,7.434,3070250000
2018-07-27 23:39:46,XBTUSD,short,Limit,250000,0.7171,5.567,3067000000
2018-07-27 23:39:46,XBTUSD,short,Limit,250000,0.8298,4.791,3067000000
2018-07-27 23:39:59,XBTUSD,short,Limit,250000,0.4144,0.295,3067515725
2018-07-27 23:40:44,XBTUSD,short,Limit,216051,0.6286,0.296,2653970484
2018-07-27 23:48:52,XBTUSD,long,Limit,250000,0.1867,0.08,3064750000
2018-07-28 00:02:51,XBTUSD,long,Limit,33949,0.7983,0.305,413634616
2018-07-28 00:14:18,XBTUSD,short,Limit,216051,0.3046,0.188,2640359271
2018-07-28 04:45:17,XBTUSD,long,Limit,250000,0.5792,4.333,3044250000
2018-07-28 05:40:29,XBTUSD,long,Limit,33948,0.8637,5.224,412332408
2018-07-28 06:00:21,XBTUSD,long,Limit,250000,0.2424,0.015,3053500000
2018-07-28 15:37:16,XBTUSD,long,Limit,250000,0.3948,0.172,3072250000
2018-07-28 15:53:44,XBTUSD,long,Limit,250000,-0.1234,0.022,3088250000
2018-07-28 16:02:54,XBTUSD,long,Limit,250000,0.9282,0.155,3065500000
2018-07-29 00:07:16,ADAU18,long,Limit,100000,-5.2556,116.229,206600000
2018-07-29 00:11:14,XBTUSD,long,Limit,1,2.5309,8.294,12071
2018-07-29 00:12:01,XBTUSD,short,Limit,249999,0.2632,0.014,3025737897
2018-07-29 00:15:21,XBTUSD,long,Limit,1,0.1634,0.054,12083
2018-07-29 00:59:04,XBTUSD,short,Limit,249999,0.1692,0.727,3025987896
2018-07-29 14:27:18,XBTUSD,long,Limit,250000,0.9818,6.221,3038500000
2018-07-29 14:33:27,TRXU18,long,Limit,1,2.3158,120.629,486
2018-07-29 14:47:28,TRXU18,short,Limit,20089,-1.6461,0.234,9923966
2018-07-29 15:17:38,TRXU18,short,Limit,449193,-2.2634,0.737,223248921
2018-07-29 15:48:09,TRXU18,short,Limit,1000000,-0.9553,1.148,496000000
2018-07-29 15:49:06,TRXU18,short,Limit,1000000,0.761,1.036,494000000
2018-07-29 16:04:50,TRXU18,short,Limit,530718,0.6036,1.354,262174692
2018-07-29 16:39:12,XBTUSD,long,Limit,77857,-0.0914,0.038,950088971
2018-07-29 17:23:38,XBTUSD,long,Limit,131786,-0.0305,0.775,1607130270
2018-07-29 17:41:25,TRXU18,short,Limit,1000000,-0.4008,2.723,501000000
2018-07-29 22:03:11,TRXU18,short,Limit,239362,-0.994,7.023,121595896
2018-07-29 22:40:24,ADAU18,long,Limit,100000,-5.4693,135.903,208100000
2018-07-29 23:17:31,TRXU18,short,Limit,1000000,-0.3911,7.793,504000000
2018-07-29 23:17:31,TRXU18,short,Limit,1000000,-0.7733,6.389,505000000
2018-07-29 23:17:44,TRXU18,short,Limit,1000000,1.4115,5.357,502000000
2018-07-29 23:22:47,TRXU18,short,Limit,1000000,2.7591,2.232,500000000
2018-07-29 23:29:04,TRXU18,short,Limit,1000000,4.2623,1.889,495000000
2018-07-30 01:34:47,TRXU18,short,Limit,10810,3.5019,3.124,5361760
2018-07-30 14:59:01,XBTUSD,long,Limit,250000,-0.0107,22.358,3055000000
2018-07-30 23:30:01,XBTUSD,long,Limit,77377,1.7429,5.867,946784972
2018-07-30 23:46:02,XBTUSD,long,Limit,172623,1.7678,6.156,2111697159
2018-07-31 08:59:42,XBTUSD,long,Limit,250000,1.4236,15.057,3119250000
2018-07-31 09:02:01,XBTUSD,long,Limit,250000,-0.9568,0.709,3116250000
2018-07-31 09:02:18,XBTUSD,long,Limit,250000,0.6197,0.059,3110500000
2018-07-31 09:25:27,XBTUSD,long,Limit,250000,-0.0935,0.179,3120000000
2018-07-31 11:41:48,XBTUSD,long,Limit,250000,0.4497,2.355,3118250000
2018-07-31 12:48:12,XBTUSD,long,Limit,250000,-2.3728,2.801,3198000000
2018-07-31 12:48:52,XBTUSD,long,Limit,250000,-1.7119,2.486,3191448086
2018-07-31 12:58:48,XBTUSD,long,Limit,250000,-2.5008,1.234,3206250000
2018-07-31 13:09:01,XBTUSD,long,Limit,250000,-2.0395,1.061,3203000000
2018-07-31 13:44:28,ETHU18,long,Limit,23,-4.4531,170.018,129811000
2018-07-31 13:58:51,XBTUSD,long,Limit,44342,-2.319,1.679,573652454
2018-07-31 13:59:13,XBTUSD,long,Limit,250000,-2.1102,1.644,3235250000
2018-07-31 14:03:54,XBTUSD,long,Limit,250000,-1.383,1.53,3250000000
2018-07-31 14:03:59,XBTUSD,long,Limit,250000,-1.1989,1.276,3247750000
2018-07-31 14:04:34,XBTUSD,long,Limit,250000,-0.7857,1.163,3240279188
2018-07-31 14:04:49,XBTUSD,long,Limit,250000,-0.5352,1.03,3234823952
2018-07-31 14:08:10,EOSU18,long,Limit,329,-10.1386,98.404,31087210
2018-07-31 14:10:37,XBTUSD,long,Limit,250000,0.175,0.51,3229000000
2018-07-31 14:12:00,EOSU18,long,Limit,5000,-10.1622,98.158,471971480
2018-07-31 14:12:23,ADAU18,long,Limit,100000,-15.7683,175.277,184000000
2018-07-31 14:14:44,XBTUSD,long,Limit,250000,1.0266,0.259,3218000000
2018-07-31 14:55:26,XBTUSD,long,Limit,250000,0.7891,0.896,3233669194
2018-07-31 15:09:02,XBTUSD,long,Limit,250000,0.0583,1.081,3251000000
2018-07-31 15:22:11,XBTUSD,long,Limit,250000,0.1432,1.14,3233000000
2018-07-31 15:26:42,ADAU18,long,Limit,100000,-9.847,99.271,188600000
2018-07-31 15:36:05,TRXU18,long,Limit,1,-9.2742,38.022,450
2018-07-31 15:40:39,XBTUSD,long,Limit,250000,0.3579,1.303,3226750000
2018-07-31 15:47:34,XBTUSD,long,Limit,250000,0.5121,1.099,3230000000
2018-07-31 15:53:01,EOSU18,long,Limit,5000,-8.0603,93.515,480126400
2018-07-31 16:32:29,XBTUSD,long,Limit,250000,1.1172,1.55,3215250700
2018-07-31 16:36:46,XBTUSD,long,Limit,250000,1.337,1.499,3216750000
2018-07-31 16:44:03,EOSU18,long,Limit,5000,-5.746,63.869,484200000
2018-07-31 16:46:02,ADAU18,long,Limit,100000,-6.8899,99.95,191900000
2018-07-31 16:46:21,ADAU18,long,Limit,100000,-5.5556,73.159,192100000
2018-07-31 16:47:34,ADAU18,long,Limit,100000,-4.7572,29.33,192200000
2018-07-31 16:56:58,XBTUSD,long,Limit,250000,1.2425,1.147,3209000000
2018-07-31 17:01:42,XBTUSD,long,Limit,250000,0.4377,0.274,3201750000
2018-07-31 17:02:22,XBTUSD,long,Limit,250000,0.349,0.017,3193889643
2018-07-31 20:33:59,TRXU18,short,Limit,85200,0.2222,5.061,38254800
2018-07-31 20:50:26,TRXU18,short,Limit,1206165,1.2556,4.977,537949590
2018-07-31 20:55:40,XBTUSD,long,Limit,250000,-1.4187,3.812,3255250000
2018-07-31 20:59:20,XBTUSD,long,Limit,250000,-1.0303,3.834,3250000000
2018-07-31 23:26:25,XBTUSD,long,Limit,250000,-1.2471,6.216,3267000000
2018-07-31 23:32:36,XBTUSD,long,Limit,250000,0.6021,3.655,3230788136
2018-07-31 23:34:21,XBTUSD,long,Limit,250000,1.4639,2.659,3214500000
2018-07-31 23:44:29,XBTUSD,long,Limit,250000,1.1968,1.278,3221000000
2018-08-01 00:10:28,EOSU18,long,Limit,1159,-4.2935,32.4,112643210
2018-08-01 00:12:04,EOSU18,long,Limit,5000,-4.1208,32.801,485700000
2018-08-01 00:33:32,XBTUSD,long,Limit,13898,1.0492,1.497,179256404
2018-08-01 01:12:31,XBTUSD,long,Limit,17810,-0.1825,2.147,232545170
2018-08-01 01:17:39,XBTUSD,long,Limit,250000,0.3246,1.92,3262750000
2018-08-01 02:30:12,XBTUSD,long,Limit,200000,-2.3424,2.951,2647000000
2018-08-01 02:53:45,XBTUSD,long,Limit,250000,-2.6222,3.294,3315750000
2018-08-01 04:16:45,XBTUSD,long,Limit,200000,-2.0533,4.029,2645600000
2018-08-01 05:16:30,XBTUSD,long,Limit,200000,-1.927,4.436,2652200000
2018-08-01 05:38:10,XBTUSD,long,Limit,200000,-1.9892,4.556,2668600000
2018-08-01 05:45:11,XBTUSD,long,Limit,200000,-1.5696,4.014,2669800000
2018-08-01 05:54:58,XBTUSD,long,Limit,200000,-0.69,3.993,2658000000
2018-08-01 06:01:38,XBTUSD,long,Limit,200000,-0.0467,3.999,2652600000
2018-08-01 06:21:31,XBTUSD,long,Limit,200000,0.1094,3.952,2657000000
2018-08-01 06:35:22,XBTUSD,long,Limit,200000,0.4631,3.424,2647600000
2018-08-01 06:40:54,EOSU18,long,Limit,323,-2.5184,38.904,31836050
2018-08-01 06:41:02,EOSU18,long,Limit,127,-2.5539,38.906,12513030
2018-08-01 06:41:41,EOSU18,long,Limit,219,-2.5189,38.917,21585330
2018-08-01 06:42:09,EOSU18,long,Limit,120,-2.6209,38.925,11815200
2018-08-01 06:46:51,EOSU18,long,Limit,5000,-2.3854,39.09,491057570
2018-08-01 06:55:52,XBTUSD,long,Limit,200000,0.5339,1.997,2643200000
2018-08-01 08:06:22,XBTUSD,long,Limit,206328,0.9055,2.683,2722497960
2018-08-01 08:06:54,XBTUSD,long,Limit,200000,1.3944,2.524,2637400000
2018-08-01 08:21:04,XBTUSD,long,Limit,250000,1.6747,2.48,3283562682
2018-08-01 08:21:17,XBTUSD,long,Limit,111705,1.297,2.115,1466910310
2018-08-01 08:21:46,XBTUSD,short,Limit,138295,0.0972,0.008,1817887775
2018-08-01 08:43:53,ADAU18,long,Limit,100000,-4.4798,45.206,191900000
2018-08-01 08:49:04,XBTUSD,long,Limit,1,0.5258,0.455,13076
2018-08-01 08:49:47,XBTUSD,short,Limit,249999,0.1308,0.012,3273236907
2018-08-01 09:24:58,XRPU18,short,Limit,9013,0.5716,0.721,54871144
2018-08-01 10:00:04,XRPU18,short,Limit,100000,0.6847,1.323,607900000
2018-08-01 10:03:11,XRPU18,short,Limit,23326,1.1666,1.343,141186278
2018-08-01 10:04:05,XRPU18,short,Limit,86292,1.7051,1.332,522579808
2018-08-01 10:04:19,XRPU18,short,Limit,11310,1.7205,1.334,68482050
2018-08-01 10:04:31,XRPU18,long,Limit,1,-0.033,0.003,6053
2018-08-01 10:08:03,XBTUSD,long,Limit,250000,-0.3951,0.759,3305750000
2018-08-01 11:36:01,XBTUSD,long,Limit,250000,-0.659,1.577,3316750000
2018-08-01 12:03:38,XBTUSD,long,Limit,250000,0.2645,1.97,3297000000
2018-08-01 13:10:40,XBTUSD,long,Limit,250000,0.8826,2.78,3283750000
2018-08-01 13:12:14,XBTUSD,long,Limit,200000,1.1265,1.654,2629000000
2018-08-01 13:59:56,XBTUSD,long,Limit,199287,0.4542,0.805,2611855422
2018-08-01 14:03:42,XBTUSD,short,Limit,50000,0.1311,0.063,656150000
2018-08-01 20:34:23,XBTUSD,short,Limit,713,1.671,6.574,9503577
2018-08-01 23:53:36,XBTUSD,long,Limit,93204,1.3662,3.328,1225539396
2018-08-01 23:57:40,XBTUSD,long,Limit,150000,1.3396,3.396,1972950000
2018-08-02 00:13:13,XBTUSD,long,Limit,16103,2.0301,2.723,211464596
2018-08-02 00:15:27,XBTUSD,long,Limit,141267,2.4194,2.198,1853846841
2018-08-02 00:16:42,XBTUSD,long,Limit,98713,2.3858,2.219,1295904264
2018-08-02 00:36:57,XBTUSD,short,Limit,250000,0.256,0.008,3262750000
2018-08-02 01:04:04,XBTUSD,short,Limit,22861,-0.1681,0.072,296804363
2018-08-02 01:04:28,XBTUSD,short,Limit,250000,-0.0567,0.044,3248750000
2018-08-02 01:27:53,XBTUSD,short,Limit,233517,0.6805,0.401,3047630367
2018-08-02 02:35:29,XBTUSD,long,Limit,3018,0.3589,1.126,39246072
2018-08-02 02:36:01,XBTUSD,long,Limit,13465,0.3719,1.135,175071930
2018-08-02 03:09:31,XBTUSD,short,Limit,50000,0.5006,0.557,653400000
2018-08-02 09:58:26,XBTUSD,short,Limit,3630,1.0207,7.369,47683680
2018-08-02 13:38:58,XBTUSD,long,Limit,250000,-1.4924,3.623,3334750000
2018-08-03 05:00:24,EOSU18,long,Limit,4274,2.522,73.846,415988420
2018-08-03 05:35:33,XRPU18,short,Limit,60,0.2934,0.007,366960
2018-08-03 06:21:36,XBTUSD,long,Limit,250000,-1.8724,16.514,3406000000
2018-08-03 12:59:32,ETHU18,long,Limit,50,-3.6204,233.903,283300000
2018-08-03 13:58:40,XBTUSD,long,Limit,246370,1.7354,7.831,3309241840
2018-08-03 14:03:04,ADAU18,long,Limit,100000,-7.998,94.178,180600000
2018-08-03 14:17:15,ADAU18,long,Limit,100000,-5.2554,86.032,182100000
2018-08-03 14:17:24,XBTUSD,short,Limit,250000,0.0971,0.021,3353500000
2018-08-03 17:36:31,XBTUSD,short,Limit,104066,0.2732,0.123,1386159120
2018-08-03 17:43:59,TRXU18,long,Limit,1000000,3.7037,12.879,420000000
2018-08-03 18:41:34,ETHU18,long,Limit,50,-2.8781,184.979,283500000
2018-08-03 18:49:41,XBTUSD,short,Limit,149564,0.2657,1.227,1992192480
2018-08-03 19:06:19,XBTUSD,long,Limit,250000,0.1044,0.03,3358250000
2018-08-03 19:09:09,XBTUSD,long,Limit,250000,0.1782,0.007,3367000000
2018-08-03 19:14:13,XBTUSD,long,Limit,250000,0.3176,0.053,3376000000
2018-08-03 20:22:06,EOSU18,long,Limit,1879,7.2421,82.764,185588830
2018-08-03 20:26:43,EOSU18,long,Limit,1000,4.9448,76.31,98820000
2018-08-03 20:27:12,ETHU18,long,Limit,18,-1.3004,164.372,103248000
2018-08-03 20:27:28,ETHU18,long,Limit,50,-0.3971,144.475,286640000
2018-08-03 20:31:48,EOSU18,long,Limit,1000,3.4328,72.496,98830000
2018-08-04 04:19:47,EOSU18,long,Limit,1000,4.0637,76.548,99330000
2018-08-04 12:37:32,XBTUSD,long,Limit,250000,-1.0481,17.36,3417750000
2018-08-04 12:50:31,XBTUSD,long,Stop,1000000,-1.1318,0.175,13874183698
2018-08-04 12:51:31,XBTUSD,long,Limit,250000,-0.0905,0.075,3458500000
2018-08-04 12:52:12,XBTUSD,long,Limit,250000,0.5544,0.022,3450750000
2018-08-04 13:00:33,XBTUSD,long,Limit,436,0.7287,0.16,6007644
2018-08-04 13:08:17,XBTUSD,short,Limit,250000,0.1585,0.129,3450250000
2018-08-04 13:09:08,XBTUSD,short,Limit,249564,0.3512,0.082,3449473608
2018-08-04 13:13:01,XBTUSD,long,Limit,436,0.2419,0.064,6011568
2018-08-04 13:47:41,XBTUSD,short,Limit,250000,-0.1443,0.578,3442000000
2018-08-04 14:02:31,XBTUSD,short,Limit,243538,0.55,0.304,3367156388
2018-08-04 14:21:10,XBTUSD,short,Limit,6026,0.8938,0.614,83604724
2018-08-04 15:39:18,EOSU18,long,Limit,759,5.7454,85.44,76552740
2018-08-04 15:40:15,ETHU18,long,Limit,50,4.8568,101.072,292700000
2018-08-04 15:41:03,EOSU18,long,Limit,2015,5.9866,71.625,203696350
2018-08-04 15:41:44,EOSU18,long,Limit,2000,6.4176,64.602,202740000
2018-08-04 15:42:19,EOSU18,long,Limit,2000,8.477,56.617,204560000
2018-08-04 15:42:25,EOSU18,long,Limit,2000,8.9738,54.828,204740000
2018-08-04 15:42:58,EOSU18,long,Limit,270,9.0696,54.844,27664200
2018-08-04 15:44:19,EOSU18,long,Limit,2715,7.7814,34.796,278151750
2018-08-04 15:44:28,EOSU18,long,Limit,9,5.7196,3.218,921600
2018-08-04 16:06:21,ADAU18,long,Limit,100000,-4.05,110.872,182000000
2018-08-04 16:09:58,ETHU18,long,Limit,80,5.9014,94.425,470074000
2018-08-04 16:10:14,ETHU18,long,Limit,13,5.4219,86.178,76336000
2018-08-04 16:23:47,ETHU18,long,Limit,1,5.781,86.404,5892000
2018-08-05 03:11:13,ADAU18,long,Limit,100000,-1.3944,114.652,185500000
2018-08-05 03:41:59,XBTUSD,long,Limit,250000,-2.9128,13.347,3573250000
2018-08-05 03:54:44,XBTUSD,long,Limit,199992,-2.3386,13.548,2859085632
2018-08-05 04:01:36,XBTUSD,long,Limit,250000,-1.927,13.658,3567500000
2018-08-05 04:20:03,XBTUSD,long,Limit,200000,-2.2957,13.963,2867600000
2018-08-05 05:20:31,ADAU18,long,Limit,100000,-0.3514,104.748,186411906
2018-08-05 10:28:33,XBTUSD,long,Limit,103480,-1.0454,20.103,1465794200
2018-08-05 10:40:06,XBTUSD,long,Limit,28043,-0.9154,20.289,398603202
2018-08-05 10:45:30,XBTUSD,long,Limit,200000,-0.8492,20.379,2840400000
2018-08-05 13:20:58,XBTUSD,long,Limit,200000,-1.7951,22.965,2867400000
2018-08-05 13:47:17,XBTUSD,long,Limit,250000,-1.0062,23.35,3577750000
2018-08-05 14:39:27,XBTUSD,long,Limit,250000,-0.6788,11.137,3608750000
2018-08-05 15:05:03,XBTUSD,long,Limit,250000,0.4457,9.751,3575250000
2018-08-05 15:28:57,XBTUSD,long,Limit,250000,0.4126,4.371,3570250000
2018-08-05 15:30:09,XBTUSD,long,Limit,250000,1.2296,2.081,3548384386
2018-08-05 15:33:07,XBTUSD,long,Limit,250000,1.5552,0.919,3560500000
2018-08-05 16:24:25,ADAU18,long,Limit,78667,1.7603,113.61,148625630
2018-08-05 16:38:01,XBTUSD,long,Limit,250000,0.5834,1.479,3556500000
2018-08-05 16:38:28,XBTUSD,long,Limit,229550,0.5125,1.033,3261499320
2018-08-05 17:05:11,XBTUSD,short,Limit,20450,0.6394,0.445,292455450
2018-08-05 17:13:19,XBTUSD,long,Limit,250000,-0.4557,0.135,3592500000
2018-08-05 17:16:40,XBTUSD,long,Limit,250000,-0.087,0.184,3589500000
2018-08-05 17:48:34,XBTUSD,long,Limit,250000,0.6217,0.677,3572750000
2018-08-05 17:48:39,XBTUSD,long,Limit,229550,0.7596,0.673,3279810400
2018-08-05 17:49:58,XBTUSD,short,Limit,20450,0.2215,0.022,292823550
2018-08-05 18:47:28,XBTUSD,long,Limit,229550,0.358,0.959,3275219400
2018-08-05 19:07:41,ADAU18,long,Limit,100000,2.6665,113.619,188600000
2018-08-05 19:19:28,XBTUSD,short,Limit,250000,0.2494,0.233,3564750000
2018-08-05 20:54:26,XBTUSD,short,Limit,250000,0.1469,0.255,3547250000
2018-08-05 20:54:42,XBTUSD,short,Limit,20450,0.6728,0.121,291617000
2018-08-05 20:54:56,XBTUSD,long,Limit,125560,0.2469,0.004,1786091000
2018-08-05 20:55:43,XBTUSD,long,Limit,100000,0.2849,0.017,1422000000
2018-08-05 21:00:59,XBTUSD,long,Limit,3990,0.6417,0.105,56534310
2018-08-05 21:01:22,XBTUSD,short,Limit,20000,0.0708,0.007,283580000
2018-08-05 22:00:53,XBTUSD,short,Limit,4071,0.1842,0.998,57787845
2018-08-06 04:44:44,XBTUSD,short,Limit,250000,0.9836,2.995,3522500000
2018-08-06 07:38:35,XBTUSD,short,Limit,1,2.023,5.893,14240
2018-08-06 07:47:42,XBTUSD,long,Limit,250000,-0.2492,0.152,3569000000
2018-08-06 07:50:09,XBTUSD,long,Limit,250000,0.0857,0.049,3567500000
2018-08-06 07:55:04,XBTUSD,long,Limit,249999,0.3256,0.127,3562485750
2018-08-06 08:05:22,XBTUSD,short,Limit,1,0.4275,0.172,14311
2018-08-06 08:18:08,XBTUSD,long,Limit,150000,-0.0716,0.214,2148300000
2018-08-06 13:10:26,XBTUSD,long,Limit,248987,-0.3086,4.944,3581429008
2018-08-06 13:37:39,XBTUSD,long,Limit,250000,-0.7159,3.2,3620500000
2018-08-06 13:39:33,XBTUSD,long,Limit,250000,-0.6548,0.605,3627250000
2018-08-06 14:15:47,XBTUSD,long,Limit,250000,0.6912,0.64,3601250000
2018-08-06 14:58:42,XBTUSD,long,Limit,250000,0.9379,1.316,3598500000
2018-08-06 15:28:47,XBTUSD,long,Limit,202844,0.7589,0.798,2910202868
2018-08-06 15:28:50,XBTUSD,long,Limit,43943,0.7499,0.798,630505280
2018-08-06 15:30:44,XBTUSD,short,Limit,111825,0.1542,0.032,1607260725
2018-08-06 16:59:01,XBTUSD,long,Limit,24528,-0.4543,0.702,354625824
2018-08-06 17:00:19,XBTUSD,long,Limit,225000,-0.475,0.718,3253725000
2018-08-06 18:12:28,XBTUSD,long,Limit,225000,-0.2032,1.294,3256200000
2018-08-07 05:24:53,XBTUSD,long,Limit,213110,0.6528,12.5,3065587350
2018-08-07 07:10:54,XBTUSD,long,Limit,250000,2.3967,13.32,3539750000
2018-08-07 07:11:05,XBTUSD,long,Limit,250000,2.6843,10.374,3547334538
2018-08-07 07:12:50,XBTUSD,long,Limit,30000,2.552,9.936,426600000
2018-08-07 07:13:20,XBTUSD,long,Limit,250000,0.3981,0.326,3542250000
2018-08-07 07:14:15,XBTUSD,long,Limit,250000,0.3881,0.033,3543500000
2018-08-07 07:16:07,XBTUSD,long,Limit,250000,0.0482,0.023,3551500000
2018-08-07 08:21:20,XBTUSD,long,Limit,141520,0.3971,0.611,2009025858
2018-08-07 08:21:35,XBTUSD,long,Limit,116016,0.3706,0.587,1647775248
2018-08-07 11:26:05,XBTUSD,long,Limit,1,1.5324,3.662,14040
2018-08-07 11:27:17,XBTUSD,short,Limit,177000,0.4212,0.02,2495523000
2018-08-07 13:51:01,XBTUSD,short,Limit,250000,0.5724,1.175,3539324172
2018-08-07 18:08:14,XBTUSD,short,Limit,190303,0.5348,2.646,2691835935
2018-08-07 19:43:31,XBTUSD,short,Limit,59957,0.7035,4.228,849530733
2018-08-07 19:43:35,XBTUSD,short,Limit,1,0.7246,4.229,14172
2018-08-07 19:44:59,XBTUSD,long,Limit,59956,0.0142,0.023,849576520
2018-08-07 19:49:08,XBTUSD,short,Limit,1,0.4605,0.069,14236
2018-08-07 19:50:13,XBTUSD,long,Limit,249999,0.1936,0.018,3552485790
2018-08-07 19:53:01,XBTUSD,short,Limit,1,0.3481,0.046,14259
2018-08-07 19:54:44,XBTUSD,long,Limit,249999,0.0998,0.03,3561235755
2018-08-07 19:55:42,XBTUSD,short,Limit,1,0.3917,0.013,14301
2018-08-07 20:07:52,XBTUSD,long,Limit,250000,-1.0726,0.203,3614000000
2018-08-07 20:07:59,XBTUSD,long,Limit,250000,-0.6167,0.08,3607750000
2018-08-07 20:15:29,XBTUSD,long,Limit,250000,-0.8515,0.168,3633267200
2018-08-07 20:15:37,XBTUSD,long,Limit,97869,-0.2638,0.146,1419757814
2018-08-07 20:16:24,XBTUSD,long,Limit,250000,0.0774,0.156,3618000000
2018-08-07 20:16:34,XBTUSD,long,Limit,90444,0.2177,0.153,1309356565
2018-08-07 20:17:05,XBTUSD,long,Limit,250000,-0.0367,0.115,3624500000
2018-08-07 20:19:26,XBTUSD,long,Limit,250000,0.0826,0.112,3625750000
2018-08-07 20:22:08,XBTUSD,long,Limit,250000,0.4249,0.137,3624750000
2018-08-07 20:22:28,XBTUSD,long,Limit,250000,0.4732,0.093,3618000000
2018-08-07 20:22:54,XBTUSD,long,Limit,61686,0.2906,0.085,893706768
2018-08-07 20:32:03,XBTUSD,short,Limit,250000,0.5421,0.126,3642250000
2018-08-07 20:34:46,XBTUSD,short,Limit,250000,0.0295,0.029,3636000000
2018-08-07 20:59:02,XBTUSD,short,Limit,205311,0.1522,0.393,2985427196
2018-08-07 21:00:26,XBTUSD,short,Limit,45000,0.3485,0.416,655650000
2018-08-07 21:01:12,XBTUSD,short,Limit,3,0.8711,0.429,43941
2018-08-07 21:02:08,XBTUSD,long,Limit,250000,-0.1465,0.015,3667000000
2018-08-07 21:06:48,XBTUSD,long,Limit,250000,-1.8715,0.091,3739750000
2018-08-07 21:06:53,XBTUSD,long,Limit,250000,-0.8145,0.057,3732750000
2018-08-07 21:06:53,XBTUSD,long,Limit,250000,-0.7416,0.057,3735500000
2018-08-07 21:07:47,XBTUSD,long,Limit,250000,-0.0372,0.063,3724500000
2018-08-07 21:07:55,XBTUSD,long,Limit,250000,0.6044,0.049,3724134255
2018-08-07 21:08:05,XBTUSD,long,Limit,250000,0.8624,0.047,3717500000
2018-08-07 21:08:35,XBTUSD,long,Limit,249997,1.0514,0.042,3715955408
2018-08-07 21:10:19,XBTUSD,short,Limit,250000,0.2966,0.027,3718750000
2018-08-07 21:10:23,XBTUSD,short,Limit,3,0.4079,0.027,44676
2018-08-07 21:13:19,XBTUSD,long,Limit,250000,0.0372,0.049,3721500000
2018-08-07 21:15:58,XBTUSD,long,Limit,250000,0.299,0.064,3725750000
2018-08-07 21:20:51,XBTUSD,long,Limit,100000,0.3615,0.105,1493290684
2018-08-07 21:26:23,XBTUSD,long,Limit,72057,0.7493,0.197,1071847875
2018-08-07 21:27:03,XBTUSD,long,Limit,174804,0.5604,0.151,2603880384
2018-08-07 21:35:09,XBTUSD,long,Limit,250000,0.2735,0.071,3728838356
2018-08-07 21:38:36,XBTUSD,long,Limit,5122,0.5537,0.123,76230726
2018-08-07 22:47:23,XBTUSD,short,Limit,250000,-0.718,1.145,3694250000
2018-08-07 22:47:28,XBTUSD,short,Limit,250000,-0.4943,1.095,3695500000
2018-08-07 22:50:33,XBTUSD,short,Limit,250000,0.0454,0.2,3709250000
2018-08-07 22:53:09,XBTUSD,short,Limit,250000,0.7755,0.228,3721500000
2018-08-07 22:53:21,XBTUSD,short,Limit,164369,0.8023,0.23,2447413873
2018-08-07 23:02:03,XBTUSD,short,Limit,250000,1.1654,0.364,3727250000
2018-08-07 23:02:04,XBTUSD,short,Limit,250000,0.5639,0.205,3725482878
2018-08-07 23:05:13,XBTUSD,short,Limit,250000,0.5568,0.169,3734250000
2018-08-07 23:05:33,XBTUSD,short,Limit,250000,0.7035,0.122,3731250000
2018-08-07 23:22:21,XBTUSD,short,Limit,250000,0.2242,0.158,3730000000
2018-08-08 00:04:26,XBTUSD,short,Limit,250000,0.5202,0.857,3737000000
2018-08-08 00:08:58,XBTUSD,short,Limit,509,0.855,0.932,7633982
2018-08-08 00:14:58,XBTUSD,long,Limit,250000,-1.312,0.1,3799500000
2018-08-08 00:17:41,XBTUSD,long,Limit,250000,-0.9754,0.132,3792250000
2018-08-08 00:30:49,XBTUSD,long,Limit,250000,-0.6408,0.345,3798000000
2018-08-08 00:32:54,XBTUSD,long,Limit,250000,-0.2643,0.373,3796500000
2018-08-08 00:39:11,XBTUSD,long,Limit,250000,0.5327,0.446,3780750000
2018-08-08 00:39:11,XBTUSD,long,Limit,250000,0.8773,0.444,3779250000
2018-08-08 00:48:14,XBTUSD,long,Limit,250000,0.9085,0.58,3786750000
2018-08-08 07:37:05,ADAU18,long,Market,500842,-1.5472,115.528,897637466
2018-08-08 07:37:23,TRXU18,long,Market,1,-4.4444,122.761,387
2018-08-08 07:37:27,EOSU18,long,Market,1,-3.9748,91.101,93010
2018-08-08 08:01:28,XBTUSD,long,Limit,250000,-1.9395,7.665,3879000000
2018-08-08 08:03:59,XBTUSD,long,Limit,250000,-1.449,7.689,3867000000
2018-08-08 08:08:50,XBTUSD,long,Limit,250000,-1.6694,7.417,3859500000
2018-08-08 08:55:15,XBTUSD,long,Limit,250000,-1.2169,6.953,3850500000
2018-08-08 08:59:23,XBTUSD,long,Limit,250000,-0.8373,7.013,3841750000
2018-08-08 08:59:43,XBTUSD,long,Limit,250000,-0.3053,4.846,3835750000
2018-08-08 09:09:16,XBTUSD,long,Limit,250000,-0.237,1.454,3845000000
2018-08-08 09:26:49,XBTUSD,long,Limit,203840,0.0539,1.69,3137912960
2018-08-08 09:48:24,XBTUSD,long,Limit,45650,0.1771,2.044,701868750
2018-08-08 10:10:27,XBTUSD,long,Limit,250000,-0.4245,2.307,3876000000
2018-08-08 11:14:39,XBTUSD,long,Limit,250000,1.3232,3.232,3837250000
2018-08-08 11:39:46,XBTUSD,long,Limit,141389,1.0074,3.562,2169331427
2018-08-08 11:43:42,XBTUSD,long,Limit,100000,1.2398,3.628,1530800000
2018-08-08 12:05:03,XBTUSD,long,Limit,250000,0.1959,3.074,3838250000
2018-08-08 12:18:13,XBTUSD,long,Limit,250000,-0.2377,3.257,3861000000
2018-08-08 12:27:25,XBTUSD,long,Limit,250000,0.1117,3.2,3852000000
2018-08-08 13:41:37,XBTUSD,long,Limit,250000,0.6418,3.561,3864000000
2018-08-08 14:45:15,XRPU18,long,Limit,37936,0.9641,0.112,198632896
2018-08-08 14:49:59,ETHUSD,long,Limit,10000,0.4061,0.213,358500000
2018-08-08 14:59:09,XBTUSD,long,Limit,250000,0.1506,2.777,3855000000
2018-08-08 16:21:15,XBTUSD,long,Limit,250000,-0.3621,4.066,3880750000
2018-08-08 16:48:27,XBTUSD,long,Limit,250000,-3.3385,3.207,4008000000
2018-08-08 16:50:29,XBTUSD,long,Limit,250000,-2.8379,2.751,3993500000
2018-08-08 16:50:31,XBTUSD,long,Limit,250000,-2.6092,0.59,3990500000
2018-08-08 16:50:53,XBTUSD,long,Limit,250000,-2.2629,0.396,3982500000
2018-08-08 16:54:47,XBTUSD,long,Limit,250000,-1.7036,0.272,3990500000
2018-08-08 16:56:47,XBTUSD,long,Limit,250000,-1.0451,0.286,3985750000
2018-08-08 17:03:37,XBTUSD,long,Limit,250000,-0.8563,0.35,3994312105
2018-08-08 17:06:35,XBTUSD,long,Limit,8612,-0.4752,0.397,137077204
2018-08-08 17:10:24,XBTUSD,short,Limit,250000,0.4007,0.064,3995250000
2018-08-08 17:17:27,XBTUSD,short,Limit,241388,0.6563,0.177,3865166930
2018-08-08 18:37:17,XBTUSD,long,Limit,35000,-0.1479,0.364,565215000
2018-08-08 18:37:29,XBTUSD,long,Limit,250000,0.03,0.052,4039500000
2018-08-08 18:39:51,EOSU18,long,Limit,5000,-2.3348,5.106,445500000
2018-08-08 18:49:56,XBTUSD,long,Limit,250000,0.6164,0.259,4016000000
2018-08-08 18:50:03,XBTUSD,long,Limit,250000,0.674,0.259,4015898327
2018-08-08 18:50:19,XBTUSD,long,Limit,250000,0.6453,0.261,4020500000
2018-08-08 18:51:48,XBTUSD,long,Limit,250000,2.0247,0.266,3996727991
2018-08-08 18:51:55,XBTUSD,long,Limit,223612,1.4581,0.229,3570636416
2018-08-08 18:54:19,XBTUSD,short,Limit,250000,0.2752,0.015,4004750000
2018-08-08 18:54:34,XBTUSD,short,Limit,26388,0.6471,0.016,424371816
2018-08-08 18:54:51,XBTUSD,long,Limit,223612,0.2378,0.005,3587854540
2018-08-08 18:55:48,XBTUSD,short,Limit,26388,0.2006,0.016,424239876
2018-08-08 18:58:44,EOSU18,long,Limit,5000,1.2706,2.679,446350000
2018-08-08 18:59:22,XBTUSD,long,Limit,248612,0.4831,0.057,3977792000
2018-08-08 18:59:31,XBTUSD,short,Limit,1388,0.2,0.002,22252416
2018-08-08 19:01:36,XBTUSD,long,Limit,248612,0.7615,0.034,3955665532
2018-08-08 19:04:43,XBTUSD,short,Limit,250000,-0.087,0.033,3966750000
2018-08-08 19:04:57,XBTUSD,short,Limit,173800,0.4644,0.016,2762029600
2018-08-08 19:04:58,XBTUSD,short,Limit,229147,0.6825,0.013,3641374977
2018-08-08 19:06:33,XBTUSD,long,Limit,97053,0.1572,0.026,1539939951
2018-08-08 19:17:22,EOSU18,long,Limit,5000,2.226,2.981,447750000
2018-08-08 19:25:54,XBTUSD,short,Limit,250000,0.4293,0.081,3966750000
2018-08-08 19:37:42,EOSU18,long,Limit,5000,3.0998,3.073,447350000
2018-08-08 19:51:39,XBTUSD,short,Limit,12715,0.1854,0.32,201265735
2018-08-08 19:56:58,XBTUSD,short,Limit,250000,0.1931,0.345,3957250000
2018-08-08 20:05:44,XBTUSD,short,Limit,240232,0.7089,0.286,3811761144
2018-08-08 20:29:25,XBTUSD,long,Limit,9768,0.3094,0.394,154510224
2018-08-08 20:41:17,XBTUSD,short,Limit,240232,0.4666,0.198,3817766944
2018-08-08 21:19:26,XBTUSD,long,Limit,250000,-0.1623,0.091,3997750000
2018-08-08 21:30:10,XBTUSD,long,Limit,191831,0.6192,0.25,3046659942
2018-08-09 02:10:38,XBTUSD,long,Limit,250000,0.7113,4.92,3967010511
2018-08-09 02:12:40,XBTUSD,long,Limit,250000,0.9429,4.936,3968250000
2018-08-09 02:13:29,XBTUSD,long,Limit,67936,1.0585,4.943,1078144320
2018-08-09 03:48:34,XBTUSD,long,Limit,67936,0.3426,6.214,1078959552
2018-08-09 03:58:48,XBTUSD,long,Limit,137042,0.749,6.385,2167730356
2018-08-09 04:57:13,XBTUSD,long,Limit,250000,1.4134,6.718,3940117353
2018-08-09 05:03:24,XBTUSD,long,Limit,250000,2.3093,6.058,3926250000
2018-08-09 05:03:37,XBTUSD,long,Limit,250000,1.752,2.038,3914000000
2018-08-09 09:19:37,XBTUSD,long,Limit,250000,-0.0395,1.888,3954250000
2018-08-09 10:40:31,XBTUSD,long,Limit,250000,1.131,2.119,3938000000
2018-08-09 12:26:07,XBTUSD,long,Limit,250000,-0.9901,1.207,3990484308
2018-08-09 12:37:33,EOSU18,long,Limit,676,2.0749,0.523,59949470
2018-08-09 12:46:58,EOSU18,long,Limit,1435,2.6722,0.68,128004350
2018-08-09 13:12:13,XBTUSD,long,Limit,250000,-1.1124,1.138,4017750000
2018-08-09 13:34:29,XBTUSD,long,Limit,250000,-0.7582,1.254,4021000000
2018-08-09 13:40:51,XBTUSD,long,Limit,250000,0.4409,1.279,3990500000
2018-08-09 13:45:51,XBTUSD,long,Limit,250000,1.0008,1.302,3963500000
2018-08-09 13:45:55,XBTUSD,long,Limit,250000,1.6647,0.576,3964034014
2018-08-09 13:46:43,XBTUSD,long,Limit,250000,3.7739,0.226,3895500000
2018-08-09 13:46:59,XBTUSD,long,Limit,1,4.197,0.231,15522
2018-08-09 13:48:25,XBTUSD,short,Limit,250000,0.3492,0.025,3894000000
2018-08-09 13:49:04,XBTUSD,short,Limit,249999,0.9821,0.027,3904734381
2018-08-09 13:50:15,XBTUSD,long,Limit,250000,0.4304,0.016,3895500000
2018-08-09 13:50:52,XBTUSD,long,Limit,1,0.5869,0.026,15558
2018-08-09 13:52:34,XBTUSD,short,Limit,249999,0.5445,0.028,3910734357
2018-08-09 13:57:07,XBTUSD,long,Limit,1,0.3911,0.076,15582
2018-08-09 14:00:33,XBTUSD,short,Limit,250000,0.039,0.056,3897000000
2018-08-09 14:12:42,EOSU18,long,Limit,5000,4.4491,2.11,453726790
2018-08-09 14:13:47,EOSU18,long,Limit,2889,4.3633,2.123,261948160
2018-08-09 14:59:24,XBTUSD,short,Limit,250000,-0.9249,1.006,3850500000
2018-08-09 15:04:13,XBTUSD,short,Limit,250000,-1.1166,0.944,3834250000
2018-08-09 15:08:43,XBTUSD,short,Limit,17023,-0.6969,0.898,261796717
2018-08-09 15:08:51,XBTUSD,short,Limit,24874,-0.7337,0.9,382394150
2018-08-09 15:09:46,XBTUSD,short,Limit,65784,-0.7433,0.916,1011231648
2018-08-09 15:12:07,XBTUSD,short,Limit,42319,-0.6504,0.954,651120134
2018-08-09 15:13:16,XBTUSD,short,Limit,100000,-0.6581,0.973,1538500000
2018-08-09 15:13:50,XBTUSD,short,Limit,250000,0.3224,0.267,3850500000
2018-08-09 15:23:50,XBTUSD,short,Limit,250000,0.5705,0.419,3861076322
2018-08-09 15:25:19,XBTUSD,short,Limit,250000,0.6528,0.416,3865500000
2018-08-09 15:41:54,XBTUSD,short,Limit,250000,1.4108,0.645,3873000000
2018-08-09 15:50:42,XBTUSD,short,Limit,249999,0.4632,0.32,3877734489
2018-08-09 16:15:28,XBTUSD,long,Limit,1,0.2404,0.41,15474
2018-08-09 16:23:03,XBTUSD,short,Limit,250000,0.0387,0.132,3870000000
2018-08-09 16:27:27,XBTUSD,short,Limit,249999,0.4554,0.181,3877234491
2018-08-09 19:07:22,XBTUSD,long,Limit,1,0.7289,2.665,15396
2018-08-09 21:05:13,XBTUSD,short,Limit,171795,-1.0854,1.964,2616660901
2018-08-09 21:41:38,XBTUSD,short,Limit,250000,-1.027,1.269,3798000000
2018-08-09 21:44:38,XBTUSD,short,Limit,250000,-0.3176,0.698,3809250000
2018-08-09 23:20:50,XBTUSD,short,Limit,250000,0.5011,2.279,3811000000
2018-08-10 02:17:48,XBTUSD,short,Limit,250000,1.2086,5.067,3838750000
2018-08-10 02:18:04,XBTUSD,short,Limit,250000,1.9296,4.658,3858000000
2018-08-10 04:08:56,XBTUSD,short,Limit,249999,2.4307,6.282,3892484430
2018-08-10 04:55:56,XBTUSD,long,Limit,250000,0.1168,0.783,3888000000
2018-08-10 05:39:18,XBTUSD,long,Limit,250000,0.3911,1.044,3895500000
2018-08-10 06:05:40,XBTUSD,long,Limit,141993,1.1086,1.458,2196038651
2018-08-10 06:07:29,XBTUSD,long,Limit,108007,1.0086,1.488,1672056367
2018-08-10 07:06:13,XBTUSD,long,Limit,250000,0.81,1.635,3862750000
2018-08-10 07:07:07,XBTUSD,long,Limit,250000,1.0543,1.59,3864000000
2018-08-10 07:08:38,XBTUSD,long,Limit,90555,0.3801,0.658,1399618080
2018-08-10 07:09:24,XBTUSD,long,Limit,159445,0.3413,0.664,2465338590
2018-08-10 11:05:23,XBTUSD,long,Limit,5922,0.0785,0.028,93158982
2018-08-10 12:05:47,XBTUSD,long,Limit,250000,1.2988,1.034,3885000000
2018-08-10 12:07:08,XBTUSD,long,Limit,250000,1.9901,1.041,3856500000
2018-08-10 12:07:24,XBTUSD,long,Limit,250000,2.8506,0.214,3839988710
2018-08-10 14:43:03,XBTUSD,long,Limit,143570,-0.1451,0.599,2234379910
2018-08-10 16:07:11,XBTUSD,long,Limit,106430,0.2831,1.998,1649771430
2018-08-10 16:50:03,XBTUSD,long,Limit,250000,-0.4678,2.199,3917000000
2018-08-10 17:30:16,XBTUSD,long,Limit,250000,-0.7797,0.748,3929250000
2018-08-10 17:54:11,XBTUSD,long,Limit,250000,0.746,1.105,3897000000
2018-08-10 17:55:31,XBTUSD,long,Limit,250000,1.4624,0.495,3884874726
2018-08-10 18:35:20,XBTUSD,long,Limit,250000,0.5473,0.534,3899250000
2018-08-10 23:02:40,XBTUSD,long,Limit,250000,-4.0,2.514,4109250000
2018-08-10 23:03:26,XBTUSD,long,Limit,168880,-3.1039,2.273,2774191760
2018-08-10 23:09:14,XBTUSD,long,Limit,51547,-3.3426,2.369,848875996
2018-08-10 23:10:52,XBTUSD,long,Limit,29574,-3.3585,2.395,487083780
2018-08-10 23:20:08,XBTUSD,short,Limit,14502,-1.1282,0.154,236194074
2018-08-10 23:21:26,XBTUSD,short,Limit,83834,-0.8812,0.175,1368757718
2018-08-10 23:23:46,XBTUSD,short,Limit,100000,-0.5884,0.173,1630700000
2018-08-10 23:25:24,XBTUSD,short,Limit,150000,1.0548,0.097,2460000000
2018-08-10 23:44:37,XBTUSD,short,Limit,150000,-0.3357,0.221,2442000000
2018-08-11 00:26:29,XBTUSD,short,Limit,150000,0.5203,0.73,2452800000
2018-08-11 00:26:30,XBTUSD,short,Limit,22090,0.618,0.704,361237770
2018-08-11 15:48:16,XBTUSD,long,Limit,259580,0.9857,10.824,4258929060
2018-08-11 23:31:03,XBTUSD,long,Limit,250000,0.3553,0.015,3934000000
2018-08-11 23:48:54,XBTUSD,long,Limit,250000,0.3765,0.011,3990500000
2018-08-11 23:49:04,XBTUSD,long,Limit,250000,1.0523,0.011,3975948905
2018-08-12 00:13:01,XBTUSD,long,Limit,250000,-0.3528,0.276,4027500000
2018-08-12 00:13:14,XBTUSD,long,Limit,250000,0.0155,0.239,4014344096
2018-08-12 00:40:22,XBTUSD,long,Limit,250000,1.09,0.538,3993500000
2018-08-12 00:40:40,XBTUSD,long,Limit,250000,1.4488,0.518,3989250000
2018-08-12 00:40:44,XBTUSD,long,Limit,250000,0.9135,0.452,3984600768
2018-08-12 01:12:32,XBTUSD,long,Limit,104675,0.2805,0.049,1672811175
2018-08-12 01:14:17,XBTUSD,long,Limit,250000,0.3469,0.071,3995500000
2018-08-12 01:15:10,XBTUSD,long,Limit,145325,0.578,0.074,2319822975
2018-08-12 14:01:29,XBTUSD,long,Limit,1,1.6136,12.846,15800
2018-08-12 14:01:41,XBTUSD,short,Limit,249999,0.4334,0.004,3967243951
2018-08-12 16:15:24,XBTUSD,long,Limit,192162,0.5196,0.005,3056336610
2018-08-12 16:16:06,XBTUSD,long,Limit,57838,0.4556,0.015,920491770
2018-08-12 19:44:53,XBTUSD,long,Limit,250000,-1.8826,0.088,3967255850
2018-08-12 19:46:10,XBTUSD,long,Limit,250000,-1.3672,0.081,3960500000
2018-08-12 19:46:17,XBTUSD,long,Limit,250000,-0.6856,0.057,3960500000
2018-08-12 19:46:39,XBTUSD,long,Limit,250000,1.2365,0.042,3962000000
2018-08-12 19:47:37,XBTUSD,long,Limit,1,1.6045,0.058,15792
2018-08-12 19:48:14,XBTUSD,short,Limit,249999,0.4737,0.01,3966734133
2018-08-12 19:53:21,XBTUSD,long,Limit,1,0.5157,0.085,15785
2018-08-12 19:58:38,XBTUSD,short,Limit,46375,0.2368,0.09,733791625
2018-08-13 08:19:01,XBTUSD,long,Limit,1,2.2152,12.337,15480
2018-08-13 13:12:40,EOSU18,long,Limit,11794,-0.148,40.862,908138000
2018-08-13 13:16:24,EOSU18,long,Limit,1359,1.8779,18.026,104503640
2018-08-13 13:16:31,EOSU18,long,Limit,1,1.921,18.022,76930
2018-08-13 13:35:35,XBTUSD,short,Limit,249999,1.1811,5.271,3916134195
2018-08-13 17:47:59,XBTUSD,long,Limit,1,-2.1852,4.207,16014
2018-08-13 17:51:08,XBTUSD,short,Limit,249999,0.2138,0.052,4015983936
2018-08-13 23:01:17,TRXU18,long,Limit,1000000,-2.2581,1.964,303000000
2018-08-13 23:01:36,TRXU18,long,Limit,9,-1.3029,1.586,2727
2018-08-13 23:05:26,TRXU18,long,Limit,1000000,0.6536,1.214,308000000
2018-08-14 00:22:17,ETHUSD,long,Limit,13541,1.182,0.024,375627340
2018-08-14 04:27:36,XBTUSD,long,Limit,26754,-3.8285,4.413,446096196
2018-08-14 04:28:39,XBTUSD,long,Limit,250000,-3.8968,4.254,4175750000
2018-08-14 04:32:04,XBTUSD,long,Limit,250000,-2.6587,2.564,4177000000
2018-08-14 04:39:13,EOSU18,long,Limit,902,-0.0719,10.486,64086100
2018-08-14 04:40:28,EOSU18,long,Limit,3769,-0.1406,10.502,267599000
2018-08-14 04:40:40,EOSU18,long,Limit,329,-0.2842,10.506,23325430
2018-08-14 07:34:08,XBTUSD,long,Limit,250000,0.3273,1.515,4183000000
2018-08-14 07:34:15,XBTUSD,long,Limit,250000,0.6145,1.498,4183000000
2018-08-14 12:50:28,XBTUSD,long,Limit,1,3.7374,6.768,16228
2018-08-14 12:50:59,XBTUSD,short,Limit,249999,0.641,0.01,4083233667
2018-08-14 16:21:28,XBTUSD,long,Limit,250000,0.2167,0.015,4158000000
2018-08-14 17:34:39,XBTUSD,long,Limit,1,1.4251,1.234,16434
2018-08-14 17:40:05,XBTUSD,short,Limit,3957,0.3698,0.091,65270715
2018-08-14 17:41:01,XBTUSD,short,Limit,246042,0.4108,0.107,4060185084
2018-08-14 19:03:49,XBTUSD,long,Limit,1,1.3201,1.378,16287
2018-08-14 19:04:47,XBTUSD,short,Limit,85170,0.5329,0.016,1394743920
2018-08-15 00:18:22,EOSU18,long,Limit,13148,7.344,27.072,984792330
2018-08-15 00:18:44,EOSU18,long,Limit,212,8.8034,23.765,15825800
2018-08-15 00:19:17,EOSU18,long,Limit,5606,7.0313,19.872,418040480
2018-08-15 00:20:18,EOSU18,long,Limit,1034,6.4033,18.276,77146740
2018-08-15 00:22:24,ADAU18,long,Limit,100000,-4.3391,30.141,152400000
2018-08-15 00:22:27,TRXU18,long,Limit,1000000,3.9735,26.304,314000000
2018-08-15 00:25:36,ADAU18,long,Limit,100000,-3.9492,30.165,152900000
2018-08-15 01:01:01,TRXU18,long,Limit,1000000,7.8231,26.655,317000000
2018-08-15 01:01:08,ADAU18,long,Limit,100000,-3.0818,30.742,154100000
2018-08-15 01:03:57,ADAU18,long,Limit,100000,-0.7717,24.766,154300000
2018-08-15 01:03:57,ADAU18,long,Limit,100000,0.7807,24.757,154900000
2018-08-15 02:01:28,XBTUSD,long,Limit,1,2.2271,6.945,16019
2018-08-15 02:01:50,TRXU18,long,Limit,640000,3.3003,26.678,200320000
2018-08-15 02:02:23,ADAU18,long,Limit,100000,4.9086,21.217,155400000
2018-08-15 02:02:43,XBTUSD,short,Limit,72281,0.4966,0.021,1163651819
2018-08-15 02:02:54,TRXU18,long,Limit,1000000,8.3175,21.863,314000000
2018-08-15 02:03:14,TRXU18,long,Limit,1000000,5.2803,7.307,313000000
2018-08-15 02:04:17,ADAU18,long,Limit,100000,6.6872,19.882,155500000
2018-08-15 02:06:29,ADAU18,long,Limit,100000,12.2707,11.171,156600000
2018-08-15 02:22:09,XBTUSD,long,Limit,1,0.7728,0.324,15976
2018-08-15 03:11:39,XBTUSD,short,Limit,250000,0.2716,0.825,4004750000
2018-08-15 03:14:26,XBTUSD,short,Limit,249999,0.6784,0.674,4017733929
2018-08-15 03:26:15,XBTUSD,long,Limit,1,0.3616,0.197,16013
2018-08-15 04:13:44,XBTUSD,short,Stop,250000,-0.8807,0.791,3968250000
2018-08-15 04:13:51,XBTUSD,short,Stop,249999,-0.9879,0.522,3952593843
2018-08-15 04:14:37,XBTUSD,long,Limit,1,0.4111,0.013,15748
2018-08-15 04:17:10,XBTUSD,short,Limit,250000,0.4724,0.042,3955750000
2018-08-15 05:18:44,XBTUSD,short,Limit,249999,0.7985,1.067,3968710407
2018-08-15 09:22:53,XBTUSD,long,Limit,1,1.2145,4.069,15685
2018-08-15 09:29:04,XBTUSD,short,Limit,96629,0.5176,0.103,1523549443
2018-08-15 09:32:52,XBTUSD,short,Limit,55411,0.5568,0.166,873997703
2018-08-15 10:15:06,XBTUSD,short,Limit,250000,0.4699,0.196,3934000000
2018-08-15 10:44:49,XBTUSD,short,Limit,1,1.3312,0.69,15873
2018-08-15 10:48:51,XBTUSD,long,Limit,55017,0.2778,0.067,870864093
2018-08-15 12:35:16,ADAU18,long,Limit,200000,1.2709,3.337,302800000
2018-08-15 12:35:49,ADAU18,long,Limit,200000,2.2957,3.256,303000000
2018-08-15 13:16:59,EOSU18,long,Limit,1011,0.3178,7.276,73134910
2018-08-15 13:17:23,EOSU18,long,Limit,4411,0.0493,6.951,318064330
2018-08-15 13:47:15,EOSU18,long,Market,202,0.4881,2.995,14556120
2018-08-15 14:00:42,XBTUSD,short,Limit,250000,0.5027,1.283,3947250000
2018-08-15 14:13:21,XBTUSD,short,Limit,250000,0.9079,1.384,3953214907
2018-08-15 14:33:26,TRXU18,long,Limit,2000000,0.6329,5.063,594000000
2018-08-15 14:33:53,EOSU18,short,Market,202,-0.0139,0.007,14560160
2018-08-15 15:01:56,XBTUSD,short,Limit,250000,-0.7617,0.509,3896500000
2018-08-15 16:37:43,XBTUSD,short,Limit,250000,-2.1262,1.639,3827000000
2018-08-15 16:57:55,XBTUSD,short,Limit,250000,-2.3331,1.955,3800090969
2018-08-15 18:55:49,XBTUSD,short,Limit,250000,0.4353,2.28,3835000000
2018-08-15 19:09:19,XBTUSD,short,Limit,250000,1.456,2.196,3846015663
2018-08-15 19:18:54,XBTUSD,short,Limit,250000,0.7807,0.361,3857250000
2018-08-15 19:21:11,XBTUSD,short,Limit,250000,0.5681,0.153,3860750000
2018-08-15 19:53:51,XBTUSD,short,Limit,1,1.4971,0.697,15588
2018-08-15 19:56:01,XBTUSD,long,Limit,250000,-0.5456,0.037,3918500000
2018-08-15 19:57:09,XBTUSD,long,Limit,249999,0.6696,0.038,3912234351
2018-08-15 19:58:43,XBTUSD,short,Limit,1,0.3912,0.026,15711
2018-08-15 20:01:53,XBTUSD,long,Limit,250000,-0.432,0.052,3944750000
2018-08-15 20:07:08,XBTUSD,long,Limit,250000,0.4743,0.099,3932250000
2018-08-15 20:09:32,XBTUSD,long,Limit,250000,0.7927,0.135,3932250000
2018-08-15 20:09:44,XBTUSD,long,Limit,249999,0.3942,0.027,3926234295
2018-08-15 20:24:46,XBTUSD,short,Limit,1,0.5104,0.251,15785
2018-08-15 21:29:44,XBTUSD,long,Limit,249999,0.6156,1.086,3922234311
2018-08-15 21:43:05,XBTUSD,short,Limit,250000,0.1327,0.203,3908500000
2018-08-15 22:56:56,XBTUSD,short,Limit,1,0.7104,1.429,15725
2018-08-16 00:26:10,XBTUSD,long,Limit,121353,-1.5642,1.486,1938291163
2018-08-16 00:26:36,XBTUSD,long,Limit,129566,-1.6503,1.482,2070594246
2018-08-16 00:27:26,XBTUSD,long,Limit,38062,-0.6553,1.205,608986173
2018-08-16 00:27:46,XBTUSD,long,Limit,216173,-0.4775,1.174,3457470962
2018-08-16 10:44:19,XBTUSD,short,Limit,250000,-0.0788,0.035,3879000000
2018-08-16 11:01:55,XBTUSD,short,Limit,250000,-0.0388,0.321,3882000000
2018-08-16 11:07:18,XBTUSD,short,Limit,250000,0.4938,0.397,3887500000
2018-08-16 12:24:26,XBTUSD,short,Limit,250000,0.6429,0.376,3898000000
2018-08-16 12:28:08,XBTUSD,short,Limit,245214,1.4385,0.262,3847898088
2018-08-16 12:32:03,XBTUSD,long,Limit,250000,0.3464,0.017,3946250000
2018-08-16 12:33:11,XBTUSD,long,Limit,4786,0.5542,0.035,75369928
2018-08-16 12:34:02,XBTUSD,short,Limit,250000,0.3795,0.014,3952088477
2018-08-16 12:55:50,XBTUSD,short,Limit,1,1.2685,0.373,15960
2018-08-16 12:56:15,XBTUSD,long,Limit,249999,0.4513,0.007,3969734121
2018-08-16 13:01:45,XBTUSD,short,Limit,250000,0.1259,0.063,3965445540
2018-08-16 14:59:30,XBTUSD,short,Limit,235138,0.3936,0.316,3716356090
2018-08-16 15:06:22,XBTUSD,long,Limit,1,0.6006,0.114,15711
2018-08-16 15:08:40,XBTUSD,short,Limit,250000,-0.2749,0.039,3917000000
2018-08-16 17:39:17,XBTUSD,short,Limit,250000,-0.507,2.526,3880500000
2018-08-16 17:42:11,XBTUSD,short,Limit,133626,0.8227,0.074,2086470068
2018-08-16 17:42:54,XBTUSD,short,Limit,116373,0.813,0.087,1816931649
2018-08-16 17:45:58,XBTUSD,long,Limit,250000,0.2766,0.004,3906250000
2018-08-16 17:53:18,XBTUSD,long,Limit,1,0.3917,0.126,15607
2018-08-16 19:03:23,XBTUSD,short,Limit,127180,-0.2731,1.168,1979429520
2018-08-16 20:17:33,XBTUSD,short,Limit,249999,1.5098,1.817,3951234195
2018-08-16 20:18:02,XBTUSD,long,Limit,1,0.245,0.008,15767
2018-08-16 20:51:32,XBTUSD,short,Limit,249999,1.0312,0.558,3982751530
2018-08-16 20:51:46,XBTUSD,long,Limit,1,0.183,0.004,15886
2018-08-16 20:54:16,XBTUSD,short,Limit,249999,0.0794,0.042,3974484102
2018-08-16 21:03:02,XBTUSD,long,Limit,160696,0.3049,0.096,2563904680
2018-08-16 21:03:22,XBTUSD,long,Limit,160695,0.2486,0.045,2570959305
2018-08-16 22:07:52,XBTUSD,short,Limit,14750,0.4865,0.367,235719750
2018-08-16 22:08:29,XBTUSD,short,Limit,235250,0.3691,0.379,3756236750
2018-08-17 02:41:21,XBTUSD,short,Limit,125844,-1.6377,2.786,1966775548
2018-08-17 03:09:30,XBTUSD,short,Limit,250000,-0.9702,1.872,3905000000
2018-08-17 04:29:14,XBTUSD,short,Limit,250000,-0.9676,1.821,3867745478
2018-08-17 04:32:07,XBTUSD,short,Limit,129461,-1.2415,1.803,1992618046
2018-08-17 04:36:40,XBTUSD,short,Limit,250000,-0.9136,1.029,3841797708
2018-08-17 05:35:23,XBTUSD,short,Limit,250000,0.9456,1.14,3883250000
2018-08-17 05:38:34,XBTUSD,short,Limit,250000,1.4168,1.103,3890250000
2018-08-17 06:03:10,XBTUSD,short,Limit,250000,0.2531,0.318,3892869314
2018-08-17 07:24:00,XBTUSD,short,Limit,250000,-0.5041,1.504,3858000000
2018-08-17 07:33:42,XBTUSD,short,Limit,215853,-0.1165,1.396,3350470266
2018-08-17 12:43:50,XBTUSD,short,Limit,250000,0.0761,5.862,3859500000
2018-08-17 13:25:36,XBTUSD,short,Limit,250000,-0.1368,5.937,3863598931
2018-08-17 17:04:21,XBTUSD,short,Limit,230603,-0.3624,4.383,3543676301
2018-08-17 17:05:45,XBTUSD,short,Limit,19397,-0.3624,4.405,298073699
2018-08-17 17:18:09,TRXU18,short,Limit,125790,1.4837,0.068,41762280
2018-08-17 22:36:43,XBTUSD,short,Limit,250000,-0.4234,9.365,3833000000
2018-08-17 22:58:56,XRPU18,short,Limit,103125,-6.6902,3.337,560793750
2018-08-17 23:21:05,XRPU18,short,Limit,10702,-5.6504,3.707,57630270
2018-08-17 23:24:38,XRPU18,short,Limit,198820,-5.7359,3.677,1075218560
2018-08-18 00:50:07,XBTUSD,short,Stop,250000,-1.3136,7.771,3781643004
2018-08-18 00:50:15,XBTUSD,short,Limit,250000,-0.9939,2.325,3785000000
2018-08-18 00:51:11,XBTUSD,short,Limit,250000,-0.7162,2.118,3795101922
2018-08-18 01:09:29,XBTUSD,short,Limit,250000,0.2564,0.138,3798750000
2018-08-18 01:22:07,XBTUSD,short,Limit,1,0.7579,0.347,15273
2018-08-18 01:23:27,XBTUSD,long,Limit,249999,0.1072,0.027,3813984744
2018-08-18 01:40:00,XRPU18,short,Limit,200000,-0.7237,3.854,1085600000
2018-08-18 03:00:22,ETHUSD,short,Limit,13576,0.8998,4.86,421172470
2018-08-18 03:00:56,XRPU18,short,Limit,100000,1.1951,5.083,535300000
2018-08-18 03:01:33,XBTUSD,short,Limit,1,1.0297,1.625,15414
2018-08-18 03:01:56,XBTUSD,long,Limit,249999,-0.0333,0.006,3854813982
2018-08-18 03:04:56,XRPU18,short,Limit,14972,5.4191,4.616,79561208
2018-08-18 03:06:57,ETHUSD,short,Limit,20000,1.483,4.967,616814965
2018-08-18 03:07:06,ETHUSD,short,Limit,20000,1.5572,4.965,616858955
2018-08-18 03:09:06,ETHUSD,short,Limit,10000,2.2423,4.986,307448110
2018-08-18 03:09:36,XRPU18,short,Limit,100000,6.0786,4.689,528600000
2018-08-18 03:25:49,XBTUSD,short,Limit,1,-0.2004,0.398,15388
2018-08-18 03:45:47,XBTUSD,long,Limit,250000,0.1308,0.328,3842000000
2018-08-18 03:54:25,XBTUSD,long,Limit,249999,0.3244,0.443,3838484646
2018-08-18 05:36:20,TRXU18,short,Limit,2000000,0.0,7.375,682000000
2018-08-18 05:40:55,TRXU18,short,Limit,2000000,6.1281,5.136,674000000
2018-08-18 05:43:19,ETHUSD,short,Limit,10000,1.6693,7.557,309250000
2018-08-18 05:46:18,ETHUSD,short,Limit,7919,1.8101,7.602,244544425
2018-08-18 06:18:28,XRPU18,short,Limit,100000,4.3547,7.36,535400000
2018-08-18 06:22:06,XRPU18,short,Limit,100000,3.7748,6.524,535100000
2018-08-18 06:23:31,XRPU18,short,Limit,132458,2.8159,2.845,706530972
2018-08-18 06:37:06,ETHUSD,short,Limit,10000,1.7965,8.449,308850000
2018-08-18 06:57:53,ETHUSD,short,Limit,10000,2.4445,8.024,306132760
2018-08-18 06:58:21,ETHUSD,short,Limit,18435,1.7648,3.353,564387525
2018-08-18 06:59:18,EOSU18,short,Limit,5000,0.0866,9.83,403600000
2018-08-18 07:04:24,EOSU18,short,Limit,5000,0.4815,9.822,402500000
2018-08-18 07:04:26,EOSU18,short,Limit,228,2.7778,9.045,18354000
2018-08-18 13:09:52,XBTUSD,short,Limit,250000,0.3131,0.017,3926500000
2018-08-18 13:11:46,XBTUSD,short,Limit,150000,0.5505,0.047,2361348725
2018-08-18 13:13:12,XBTUSD,short,Limit,18345,0.6654,0.071,289117200
2018-08-18 13:14:05,XBTUSD,long,Limit,231655,0.1734,0.015,3644628115
2018-08-18 13:18:34,XBTUSD,short,Limit,250000,0.0886,0.038,3934465392
2018-08-18 13:21:08,XBTUSD,short,Limit,250000,0.1979,0.052,3935500000
2018-08-18 13:21:44,XBTUSD,short,Limit,250000,0.3334,0.06,3940750000
2018-08-18 13:24:47,XBTUSD,short,Limit,250000,0.4477,0.111,3945000000
2018-08-18 13:46:18,XBTUSD,short,Limit,250000,0.0149,0.406,3935500000
2018-08-18 13:46:33,XBTUSD,short,Limit,250000,0.1516,0.327,3942943316
2018-08-18 13:48:52,XBTUSD,short,Limit,230782,0.5444,0.349,3648952338
2018-08-18 13:50:06,EOSU18,short,Limit,4772,2.8019,15.806,384050560
2018-08-18 13:50:13,EOSU18,long,Limit,228,-0.0124,0.002,18347160
2018-08-18 14:05:57,XBTUSD,long,Limit,19217,0.5358,0.285,302225759
2018-08-18 18:18:07,TRXU18,long,Limit,2000000,2.5078,1.35,654000000
2018-08-19 20:45:43,XBTUSD,long,Limit,1,1.787,30.948,15536
2018-08-19 20:53:05,XBTUSD,short,Limit,250000,-0.5434,0.123,3863517382
2018-08-19 20:56:18,XBTUSD,short,Limit,250000,-0.5015,0.06,3838750000
2018-08-19 21:05:45,XBTUSD,short,Limit,249999,0.4568,0.168,3840234639
2018-08-19 22:59:47,XBTUSD,long,Limit,250000,0.3615,1.073,3832250000
2018-08-20 22:10:32,XBTUSD,long,Limit,250000,-0.6518,0.047,3957250000
2018-08-20 22:11:13,XBTUSD,long,Limit,250000,0.5173,0.038,3958750000
2018-08-20 22:16:54,XBTUSD,long,Limit,250000,0.361,0.017,3996750000
2018-08-22 02:04:15,XBTUSD,long,Limit,1,9.7473,27.805,14620
2018-08-22 02:05:26,XBTUSD,short,Limit,249999,0.5482,0.018,3674985300
2018-08-22 02:10:06,XBTUSD,long,Limit,250000,-0.6645,0.073,3716000000
2018-08-22 02:13:26,XBTUSD,long,Limit,250000,0.0372,0.111,3716000000
2018-08-22 02:35:25,XBTUSD,long,Limit,225110,0.0373,0.189,3357290540
2018-08-22 02:37:26,XBTUSD,long,Limit,24891,-0.0522,0.221,371572848
2018-08-22 04:35:13,XBTUSD,short,Limit,52105,0.1411,0.075,775009770
2018-08-22 04:50:54,XBTUSD,short,Limit,250000,0.2303,0.182,3723000000
2018-08-22 16:00:24,XBTUSD,short,Limit,1,5.0219,11.336,15643
2018-08-22 16:02:46,XBTUSD,long,Limit,250000,0.7039,0.039,3883500000
2018-08-22 16:03:03,XBTUSD,long,Limit,249999,0.7034,0.04,3880484478
2018-08-22 16:03:28,XBTUSD,short,Limit,250000,0.2561,0.006,3890500000
2018-08-22 16:30:22,XBTUSD,short,Limit,50000,-0.039,0.078,779100000
2018-08-22 16:56:53,XBTUSD,short,Limit,50000,-0.0389,0.507,778150000
2018-08-22 17:00:31,XBTUSD,short,Limit,50000,0.1477,0.563,778350000
2018-08-22 17:00:37,XBTUSD,short,Limit,50000,0.1321,0.221,778350000
2018-08-22 20:07:22,XBTUSD,short,Limit,1,2.2542,3.334,15905
2018-08-22 20:08:45,XBTUSD,long,Limit,250000,0.159,0.024,3969750000
2018-08-22 20:09:15,XBTUSD,long,Limit,249999,0.4828,0.023,3960209050
2018-08-22 20:16:55,XBTUSD,short,Limit,8711,0.1104,0.014,137546690
2018-08-23 19:33:43,XBTUSD,short,Limit,250000,0.436,12.609,3910000000
2018-08-23 22:47:48,XBTUSD,short,Limit,250000,0.621,0.635,3851215775
2018-08-24 19:01:44,XBTUSD,short,Limit,250000,-1.8025,20.2,3777975490
2018-08-24 21:27:10,XBTUSD,short,Stop,250000,-1.5232,4.38,3751000000
2018-08-24 21:38:48,XBTUSD,short,Limit,250000,-0.8601,2.734,3737000000
2018-08-24 21:39:34,XBTUSD,short,Limit,30226,-0.4859,0.163,452150734
2018-08-24 21:43:33,XBTUSD,short,Limit,250000,0.289,0.096,3745500000
2018-08-25 00:37:11,XBTUSD,short,Limit,12019,-0.1936,2.976,178650416
2018-08-25 00:37:34,XBTUSD,short,Limit,250000,-0.144,2.97,3718750000
2018-08-25 02:28:16,XBTUSD,short,Stop,250000,-1.6406,4.432,3680163655
2018-08-25 02:28:19,XBTUSD,short,Limit,250000,-0.666,1.855,3677776250
2018-08-25 02:33:17,XBTUSD,short,Limit,250000,0.2728,0.154,3697601247
2018-08-25 03:45:30,XBTUSD,short,Limit,250000,0.6786,1.355,3712750000
2018-08-25 04:00:58,XBTUSD,short,Limit,250000,1.0738,1.536,3722750000
2018-08-25 04:05:52,XBTUSD,short,Limit,250000,0.5043,0.253,3726500000
2018-08-25 04:22:04,XBTUSD,short,Limit,98799,0.1177,0.202,1471987823
2018-08-25 04:23:13,XBTUSD,short,Limit,151201,0.0967,0.219,2252138895
2018-08-25 05:38:26,XBTUSD,short,Limit,45970,0.1784,0.835,684493300
2018-08-25 05:38:37,XBTUSD,short,Limit,50997,0.1635,0.837,759243336
2018-08-25 05:40:39,XBTUSD,short,Limit,153033,0.1115,0.868,2277131040
2018-08-26 00:04:26,XBTUSD,short,Limit,128884,0.5069,0.79,1922175976
2018-08-26 00:04:27,XBTUSD,short,Limit,121117,0.4755,0.79,1806096704
2018-08-26 00:04:39,XBTUSD,long,Limit,128883,0.0969,0.003,1920098934
2018-08-26 01:12:35,XBTUSD,short,Limit,250000,-0.1636,1.082,3712000000
2018-08-26 02:14:43,XBTUSD,short,Limit,250000,0.6654,2.035,3721500000
2018-08-26 02:16:14,XBTUSD,short,Limit,1,1.0573,2.06,14945
2018-08-26 02:17:44,XBTUSD,long,Limit,249999,0.1348,0.025,3730485078
2018-08-26 02:32:51,XBTUSD,short,Limit,1,0.8804,0.252,15055
2018-08-26 02:33:11,XBTUSD,long,Limit,249999,0.3289,0.005,3751311294
2018-08-26 02:35:33,XBTUSD,short,Limit,1,0.2851,0.04,15048
2018-08-26 02:36:49,XBTUSD,long,Limit,249999,0.143,0.021,3756484974
2018-08-26 02:43:34,XBTUSD,short,Limit,250000,-0.0,0.065,3752250000
2018-08-26 02:49:07,XBTUSD,short,Limit,112050,0.1724,0.055,1682766900
2018-08-26 02:54:35,XBTUSD,short,Limit,167494,0.2518,0.118,2517769808
2018-08-26 03:04:53,XBTUSD,short,Limit,1,0.6526,0.181,15100
2018-08-26 03:08:23,XBTUSD,long,Stop,250000,-0.3714,0.058,3789262947
2018-08-26 03:23:21,XBTUSD,long,Limit,250000,0.2951,0.256,3772500000
2018-08-26 03:27:44,XBTUSD,long,Limit,249999,0.2797,0.265,3768734925
2018-08-26 03:44:06,XBTUSD,short,Limit,1,0.1507,0.272,15098
2018-08-26 05:57:41,XBTUSD,long,Limit,250000,-0.5045,2.14,3793667508
2018-08-26 06:08:31,XBTUSD,long,Limit,250000,-0.3553,1.455,3793750000
2018-08-26 06:11:56,XBTUSD,long,Limit,250000,0.1668,0.227,3789250000
2018-08-26 06:12:38,XBTUSD,long,Limit,249999,0.4259,0.139,3786484854
2018-08-26 15:08:24,XBTUSD,short,Limit,21229,-0.7998,7.139,317798130
2018-08-26 15:50:30,XBTUSD,short,Limit,228771,-0.8375,7.839,3423329244
2018-08-27 00:00:58,XBTUSD,short,Limit,50000,-0.185,0.446,747150000
2018-08-27 12:49:03,XBTUSD,short,Limit,250000,-0.2968,13.103,3731282529
2018-08-27 12:50:49,XBTUSD,short,Limit,117304,0.2499,12.972,1754750536
2018-08-27 12:50:53,XBTUSD,short,Limit,23477,0.2609,12.929,350934196
2018-08-27 12:56:37,XBTUSD,short,Limit,250000,0.4413,5.918,3740500000
2018-08-27 13:17:11,XBTUSD,short,Limit,100000,0.4913,0.747,1496000000
2018-08-27 21:04:56,XBTUSD,short,Limit,250000,-0.1949,8.175,3726500000
2018-08-27 23:44:14,XBTUSD,short,Limit,149098,-2.7902,9.697,2158491746
2018-08-27 23:46:44,XBTUSD,short,Limit,250000,-2.4679,8.489,3625750000
2018-08-27 23:48:09,XBTUSD,short,Limit,250000,-2.3628,4.454,3630250000
2018-08-27 23:54:58,XBTUSD,short,Limit,250000,-0.9212,1.111,3624500000
2018-08-27 23:57:43,XBTUSD,short,Limit,250000,-0.1004,0.279,3623250000
2018-08-28 00:02:44,XBTUSD,short,Limit,250000,0.32,0.334,3625750000
2018-08-28 08:27:26,XBTUSD,short,Limit,245990,0.1372,1.013,3558245350
2018-08-28 08:33:46,XBTUSD,short,Limit,4010,0.1806,1.116,58032720
2018-08-28 13:20:57,XBTUSD,short,Limit,250000,-0.0922,0.106,3541500000
2018-08-28 15:13:12,XBTUSD,short,Limit,190608,0.3239,1.958,2710578780
2018-08-28 15:26:37,XBTUSD,short,Limit,250000,0.4601,2.172,3550500000
2018-08-28 15:43:09,XBTUSD,short,Limit,250000,0.1303,0.88,3548000000
2018-08-28 16:20:11,XBTUSD,short,Limit,1,0.3618,1.008,14241
2018-08-28 16:33:48,XBTUSD,long,Limit,250000,-0.0285,0.227,3561250000
2018-08-28 18:28:20,XBTUSD,long,Limit,249999,0.6984,2.012,3545235819
2018-08-28 19:13:46,XBTUSD,short,Limit,250000,-0.0964,0.04,3524750000
2018-08-28 20:16:51,XBTUSD,short,Limit,250000,0.0171,1.065,3512500000
2018-08-28 20:47:47,XBTUSD,short,Limit,67056,0.2464,1.414,946428384
2018-08-28 20:48:18,XBTUSD,short,Limit,250000,0.3777,1.184,3529500000
2018-08-28 20:55:55,XBTUSD,short,Limit,31644,0.7363,0.674,447098076
2018-08-28 21:02:22,XBTUSD,short,Limit,218356,0.4698,0.605,3081876584
2018-08-28 23:52:50,XBTUSD,short,Limit,1,0.4582,3.045,14164
2018-08-28 23:53:08,XBTUSD,long,Limit,118,0.1346,0.005,1669110
2018-08-29 03:05:34,TRXU18,long,Limit,570201,0.5362,0.165,213825375
2018-08-29 04:01:09,XBTUSD,long,Limit,250000,-0.2407,3.342,3547750000
2018-08-29 04:19:01,XBTUSD,long,Limit,250000,0.3839,1.353,3541000000
2018-08-29 06:13:28,XBTUSD,long,Limit,250000,0.2696,1.488,3537750000
2018-08-29 06:24:07,TRXU18,long,Limit,1591701,1.44,3.466,601662978
2018-08-30 10:06:01,XBTUSD,long,Limit,250000,-1.4362,10.075,3606750000
2018-08-30 10:18:09,XBTUSD,long,Limit,20975,-1.2176,5.571,303619391
2018-08-30 11:43:31,XBTUSD,long,Limit,250000,-1.3877,6.684,3626000000
2018-08-30 11:48:46,XBTUSD,long,Limit,250000,-1.2951,3.346,3634735272
2018-08-30 13:41:50,XBTUSD,long,Limit,250000,-1.3575,4.743,3648250000
2018-08-30 14:31:47,XBTUSD,long,Limit,250000,-0.4864,5.285,3631500000
2018-08-30 15:24:50,XBTUSD,long,Limit,93662,-0.5148,5.749,1361189846
2018-08-30 15:34:16,XBTUSD,long,Limit,206338,-0.5183,5.703,2998091140
2018-08-30 23:46:11,XBTUSD,long,Limit,204171,0.8795,13.489,2926109533
2018-08-30 23:46:16,XBTUSD,long,Limit,250000,1.4065,12.071,3583806174
2018-08-30 23:46:46,XBTUSD,long,Limit,250000,1.8525,11.157,3585455997
2018-08-30 23:46:53,XBTUSD,long,Limit,250000,1.7484,11.58,3586750000
2018-08-30 23:48:29,XBTUSD,long,Limit,250000,1.5193,8.906,3584250000
2018-08-30 23:49:01,XBTUSD,long,Limit,250000,1.6592,7.906,3584250000
2018-08-30 23:49:13,XBTUSD,long,Limit,45829,1.7499,7.856,656821228
2018-09-01 01:07:32,XBTUSD,long,Limit,250000,0.0208,0.008,3542142906
2018-09-01 15:12:53,XBTUSD,long,Limit,250000,0.4396,0.115,3473500000
2018-09-02 00:51:32,XBTUSD,long,Limit,15181,0.0838,0.051,211835674
2018-09-02 00:51:48,XBTUSD,long,Limit,234820,0.0641,0.052,3277339352
2018-09-02 00:52:12,XBTUSD,short,Limit,15179,0.0279,0.007,211898840
2018-09-02 09:42:24,XBTUSD,short,Limit,250000,0.7869,0.405,3448250000
2018-09-02 11:41:06,XBTUSD,short,Limit,250000,0.3031,1.96,3455250000
2018-09-02 13:52:26,XBTUSD,short,Limit,250000,0.6691,1.526,3472250000
2018-09-02 16:09:55,XBTUSD,short,Limit,1,0.5656,3.817,13874
2018-09-02 20:59:47,XBTUSD,long,Limit,102012,1.0614,4.832,1400522748
2018-09-02 21:18:04,XBTUSD,long,Limit,147987,1.2389,5.136,2028075956
2018-09-03 04:43:27,XBTUSD,short,Limit,250000,1.0352,7.326,3463500000
2018-09-03 06:33:43,XBTUSD,short,Limit,250000,1.0234,6.73,3457627950
2018-09-04 03:25:07,XBTUSD,short,Limit,250000,-0.5602,22.883,3439000000
2018-09-04 06:47:41,XBTUSD,short,Limit,250000,-0.5868,24.042,3431750000
2018-09-04 12:13:26,XBTUSD,short,Limit,250000,-1.3393,10.159,3388750000
2018-09-04 12:40:12,XBTUSD,short,Limit,250000,-0.8911,5.942,3397250000
2018-09-04 22:12:26,XBTUSD,short,Limit,250000,-0.41,11.084,3402500000
2018-09-05 04:48:25,XBTUSD,short,Limit,250000,0.0621,16.719,3398750000
2018-09-05 10:05:26,XBTUSD,short,Limit,250000,3.5171,21.878,3505000000
2018-09-05 10:05:43,XBTUSD,short,Limit,250000,3.2084,12.566,3508835276
2018-09-05 10:05:55,XBTUSD,short,Limit,250000,3.5177,8.369,3512500000
2018-09-05 10:49:52,XBTUSD,short,Limit,500000,0.42,0.659,7030000000
2018-09-05 10:53:38,XBTUSD,short,Limit,406517,3.3093,0.651,5876661661
2018-09-05 10:54:29,XBTUSD,short,Limit,37435,3.0487,0.588,539999875
2018-09-05 11:13:10,XBTUSD,short,Limit,56048,2.3495,0.898,802719456
2018-09-05 11:33:24,XBTUSD,short,Limit,250000,-0.3233,0.629,3580500000
2018-09-05 11:33:44,XBTUSD,short,Limit,250000,-0.1293,0.582,3580940066
2018-09-05 11:36:13,XBTUSD,short,Limit,56048,0.215,0.618,805017424
2018-09-05 11:36:20,XBTUSD,short,Limit,250000,0.3903,0.598,3595750000
2018-09-05 11:36:33,XBTUSD,short,Limit,250000,0.42,0.514,3590694555
2018-09-05 11:36:59,XBTUSD,short,Limit,250000,0.4074,0.376,3588000000
2018-09-05 11:45:40,XBTUSD,short,Limit,1,0.6361,0.52,14385
2018-09-05 11:54:40,XBTUSD,long,Limit,250000,0.5107,0.153,3578000000
2018-09-05 12:02:12,XBTUSD,long,Limit,249999,0.677,0.251,3576735693
2018-09-05 12:23:29,XBTUSD,short,Limit,250000,0.1851,0.042,3567000000
2018-09-05 12:51:09,XBTUSD,short,Limit,1,0.6053,0.503,14329
2018-09-05 12:52:23,XBTUSD,long,Limit,250000,-0.0716,0.02,3584750000
2018-09-05 12:58:18,XBTUSD,long,Limit,249999,0.287,0.112,3576735693
2018-09-05 14:07:01,XBTUSD,short,Limit,250000,-0.1858,0.529,3566250000
2018-09-05 14:35:29,XBTUSD,short,Limit,250000,0.4973,0.599,3570250000
2018-09-05 15:48:18,XBTUSD,short,Limit,1,1.2078,1.813,14383
2018-09-05 16:59:15,XBTUSD,long,Limit,250000,-0.5034,1.182,3614000000
2018-09-05 17:38:05,XBTUSD,long,Limit,250000,-0.1802,1.826,3611500000
2018-09-05 17:41:24,XBTUSD,long,Limit,250000,0.2375,0.828,3610000000
2018-09-05 17:41:36,XBTUSD,long,Limit,250000,0.217,0.756,3608750000
2018-09-05 20:21:25,XBTUSD,long,Limit,250000,0.7704,3.396,3599750000
2018-09-05 20:21:29,XBTUSD,long,Limit,250000,0.6519,3.32,3598500000
2018-09-05 21:17:54,XBTUSD,long,Limit,250000,1.2341,4.199,3585500000
2018-09-06 00:16:47,XBTUSD,long,Limit,1000000,-3.4343,4.521,15015000000
2018-09-06 00:22:45,XBTUSD,long,Limit,1000000,-6.8493,0.685,15760000000
2018-09-06 00:23:50,XBTUSD,long,Limit,1000000,-3.2816,0.244,15635482416
2018-09-06 00:28:47,XBTUSD,long,Limit,500000,-2.1075,0.127,7892500000
2018-09-06 00:31:10,XBTUSD,long,Limit,250000,0.4333,0.07,3947967791
2018-09-06 00:31:20,XBTUSD,long,Limit,50000,0.2855,0.073,790750000
2018-09-06 00:35:11,XBTUSD,long,Limit,276701,0.2566,0.128,4414184622
2018-09-06 00:36:40,XBTUSD,long,Limit,500000,0.9835,0.077,7947040715
2018-09-06 00:40:25,XBTUSD,long,Limit,500000,0.8654,0.05,7914500000
2018-09-06 00:49:34,XBTUSD,long,Limit,500000,0.3651,0.067,7902000000
2018-09-06 00:50:52,XBTUSD,long,Limit,500000,1.4653,0.083,7840000000
2018-09-06 00:57:24,XBTUSD,long,Limit,500000,1.197,0.152,7828000000
2018-09-06 00:58:29,XBTUSD,long,Limit,10022,1.5446,0.169,156353222
2018-09-06 01:06:32,XBTUSD,short,Limit,489978,0.5963,0.134,7689796830
2018-09-06 01:10:52,XBTUSD,long,Limit,10022,0.3375,0.072,156774146
2018-09-06 01:30:06,XBTUSD,short,Limit,153009,0.2346,0.32,2399181120
2018-09-06 01:30:10,XBTUSD,short,Limit,393796,0.2447,0.298,6170736052
2018-09-06 02:49:13,XBTUSD,short,Limit,443172,0.3657,1.489,6921903468
2018-09-06 03:20:55,XBTUSD,short,Limit,386344,0.2956,1.304,6028511776
2018-09-06 03:22:18,XBTUSD,short,Limit,500000,0.8274,1.234,7828000000
2018-09-06 05:41:57,XBTUSD,short,Limit,500000,1.2095,1.92,7899000000
2018-09-06 05:42:07,XBTUSD,short,Limit,250001,1.6336,1.532,3954265817
2018-09-06 07:47:25,XBTUSD,long,Limit,249999,1.2258,2.088,3906234375
2018-09-06 09:34:54,XBTUSD,short,Limit,250000,0.4923,1.083,3926250000
2018-09-06 09:35:27,XBTUSD,short,Limit,250000,0.8161,1.08,3935923792
2018-09-06 09:35:47,XBTUSD,short,Limit,250000,1.137,0.985,3948163066
2018-09-06 09:36:24,XBTUSD,short,Limit,1,1.9828,0.995,15929
2018-09-06 09:37:10,XBTUSD,long,Limit,249999,0.8082,0.013,3950245448
2018-09-06 09:47:38,XBTUSD,short,Limit,45658,-0.2048,0.161,717880734
2018-09-06 10:49:56,XBTUSD,short,Limit,250000,-0.0688,1.19,3935500000
2018-09-06 13:34:08,XBTUSD,short,Limit,250000,-0.9475,3.881,3896000000
2018-09-06 13:43:49,XBTUSD,short,Limit,250000,-1.6378,4.019,3867000000
2018-09-06 14:05:06,XBTUSD,short,Limit,94516,-1.4739,4.186,1460461232
2018-09-06 14:05:37,XBTUSD,short,Limit,60764,-1.4112,4.194,939532968
2018-09-06 14:12:32,XBTUSD,short,Limit,116726,-1.2434,3.946,1806218124
2018-09-06 14:19:24,XBTUSD,short,Limit,133274,-0.9364,2.489,2060682588
2018-09-06 14:39:55,XBTUSD,short,Limit,250000,-0.5278,1.745,3878250000
2018-09-06 14:41:06,XBTUSD,short,Limit,250000,-0.0168,1.08,3878750000
2018-09-06 15:06:21,XBTUSD,short,Limit,250000,1.0416,1.429,3900750000
2018-09-06 15:09:15,XBTUSD,short,Limit,250000,1.1031,1.253,3897000000
2018-09-06 15:29:01,XBTUSD,short,Limit,127000,0.2795,0.102,1980811516
2018-09-06 16:39:32,XBTUSD,short,Limit,250000,-0.0233,0.399,3888750000
2018-09-06 17:40:28,XBTUSD,short,Limit,1,0.3423,1.407,15612
2018-09-06 18:02:33,XBTUSD,long,Limit,53027,-0.1249,0.368,828865037
2018-09-06 19:46:20,XBTUSD,long,Limit,250000,0.7477,2.021,3876500000
2018-09-06 19:50:16,XBTUSD,long,Limit,250000,0.4433,1.738,3871500000
2018-09-06 20:18:16,XBTUSD,long,Limit,250000,0.1361,2.085,3886750000
2018-09-06 20:21:58,XBTUSD,long,Limit,250000,0.2214,1.978,3888000000
2018-09-06 20:24:04,XBTUSD,long,Limit,249999,-0.1785,0.346,3886734453
2018-09-07 08:38:38,XBTUSD,short,Limit,134740,1.0373,8.897,2092242720
2018-09-07 08:44:39,XBTUSD,short,Limit,115260,0.9604,8.996,1788374160
2018-09-07 08:44:57,XBTUSD,short,Limit,250000,1.2715,8.994,3879250000
2018-09-07 08:46:49,XBTUSD,short,Limit,250000,0.7097,2.341,3884750000
2018-09-08 17:49:07,XBTUSD,short,Limit,1,5.7703,35.38,16373
2018-09-09 05:47:34,XBTUSD,long,Limit,249999,1.1052,11.985,4048483806
2018-09-09 09:33:48,XBTUSD,short,Limit,250000,0.5458,0.014,3902079900
2018-09-09 09:34:25,XBTUSD,short,Limit,250000,1.0883,0.019,3901750000
2018-09-09 09:41:53,XBTUSD,long,Limit,250000,0.1567,0.114,3910750000
2018-09-09 10:03:11,XBTUSD,long,Limit,85017,-0.0782,0.417,1331026152
2018-09-09 12:34:30,XBTUSD,long,Limit,250000,-0.0221,2.936,3914250000
2018-09-09 13:46:38,XBTUSD,long,Limit,121974,0.6616,4.131,1899087789
2018-09-09 13:47:18,XBTUSD,long,Limit,17819,0.4545,4.143,278012038
2018-09-09 13:47:52,XBTUSD,long,Limit,69815,0.436,3.964,1090231040
2018-09-09 14:00:18,XBTUSD,long,Limit,490393,-0.0708,2.42,7687400668
2018-09-09 14:19:16,XBTUSD,short,Limit,250000,0.086,0.023,3911250000
2018-09-09 22:48:44,XBTUSD,short,Limit,1,2.3056,8.509,16000
2018-09-10 01:43:53,XBTUSD,long,Limit,500000,1.4447,2.917,7889500000
2018-09-10 01:44:19,XBTUSD,long,Limit,499999,1.978,2.363,7852484295
2018-09-10 17:13:11,XBTUSD,short,Limit,1,1.9238,15.481,16013
2018-09-10 17:18:40,XBTUSD,long,Limit,173326,0.3603,0.091,2765416330
2018-09-10 18:09:37,XBTUSD,short,Limit,1,0.359,0.849,16013
2018-09-10 18:37:03,ETHUSD,long,Limit,119855,1.1776,1.144,2288799380
2018-09-10 19:14:05,XBTUSD,long,Limit,249999,0.5364,1.077,3981734073
2018-09-11 02:40:04,ETHUSD,long,Limit,1,4.3985,9.185,19700
2018-09-11 18:46:54,ETHUSD,long,Limit,100000,1.1405,0.128,1818000000
2018-09-12 07:19:15,ETHUSD,long,Limit,100000,-3.6575,2.426,1699000000
2018-09-12 07:19:41,ETHUSD,long,Limit,33849,-1.7904,0.665,575602245
2018-09-12 09:22:19,ETHUSD,long,Limit,100000,-0.1326,2.587,1720500000
2018-09-12 10:11:26,ETHUSD,long,Limit,100000,1.846,3.102,1735456395
2018-09-12 10:26:17,ETHUSD,long,Limit,100000,2.4303,3.32,1728000000
2018-09-12 10:26:17,ETHUSD,long,Limit,100000,1.9458,2.654,1729000000
2018-09-12 10:26:19,ETHUSD,long,Limit,100000,0.5278,0.173,1730000000
2018-09-12 12:05:08,ETHUSD,long,Limit,63253,1.1962,1.063,1087951600
2018-09-12 12:05:21,ETHUSD,long,Limit,57556,1.1368,1.031,988942710
2018-09-12 12:05:36,ETHUSD,long,Limit,79191,1.0607,0.973,1358125650
2018-09-12 12:06:07,ADAU18,long,Limit,200000,-12.5984,42.923,199800000
2018-09-12 12:09:55,ADAU18,long,Limit,108361,-12.2485,42.981,108686083
2018-09-12 12:20:13,ADAU18,long,Limit,200000,-12.0693,43.104,201800000
2018-09-12 18:09:14,ADAU18,long,Limit,200000,-11.7108,48.368,203000000
2018-09-12 18:43:14,ADAU18,long,Limit,200000,-10.497,48.594,205800000
2018-09-12 18:46:26,ETHUSD,short,Limit,72886,-1.7191,0.088,1308792090
2018-09-12 18:49:20,ETHUSD,short,Limit,70000,-1.0656,0.128,1257200000
2018-09-12 18:49:28,ETHUSD,short,Limit,6305,-1.0124,0.13,113237800
2018-09-12 18:49:31,ETHUSD,short,Limit,100000,1.1048,0.115,1792000000
2018-09-12 18:50:05,ETHUSD,short,Limit,100000,1.3212,0.054,1790000000
2018-09-12 22:53:08,ADAU18,long,Limit,200000,-9.9571,52.756,206800000
2018-09-12 23:49:12,ADAU18,long,Limit,39686,1.922,21.239,42225904
2018-09-12 23:49:22,ADAU18,long,Limit,89500,2.3121,19.196,95049000
2018-09-12 23:49:37,ADAU18,long,Limit,18000,2.2158,19.2,19098000
2018-09-12 23:50:22,ADAU18,long,Limit,200000,3.3011,17.675,212200000
2018-09-12 23:51:07,ADAU18,long,Limit,200000,4.9612,16.952,212200000
2018-09-13 00:26:36,ETHUSD,short,Limit,43383,0.7374,0.013,828181470
2018-09-13 00:30:21,ADAU18,long,Limit,200000,8.229,17.442,215200000
2018-09-13 00:48:25,XBTUSD,short,Limit,250000,-0.4967,0.529,3906500000
2018-09-13 00:50:18,XBTUSD,short,Limit,142965,0.2421,0.517,2236687425
2018-09-13 06:55:29,XBTUSD,short,Limit,107036,0.4916,6.602,1678752624
2018-09-13 08:52:08,XBTUSD,long,Limit,1,0.3686,1.944,15626
2018-09-13 09:38:49,ADAU18,long,Limit,200000,6.5756,25.996,210400000
2018-09-13 10:15:17,ADAU18,long,Limit,200000,7.1621,21.571,210400000
2018-09-13 13:23:51,ETHUSD,short,Limit,100000,-4.6924,2.724,2008000000
2018-09-13 13:28:26,ADAU18,long,Limit,213471,3.2102,5.655,226279260
2018-09-13 13:29:13,ETHUSD,short,Limit,1248,-5.211,2.805,25197120
2018-09-13 13:33:40,ETHUSD,short,Limit,73441,-4.5857,2.858,1473960870
2018-09-13 13:49:52,ETHUSD,short,Limit,96559,-5.4702,2.268,1966906830
2018-09-13 13:56:39,ETHUSD,short,Limit,100000,-3.235,1.007,2037000000
2018-09-13 14:04:08,ETHUSD,short,Limit,100000,-0.6797,0.703,2027500000
2018-09-13 14:24:37,ETHUSD,short,Limit,100000,-0.0426,1.036,2027000000
2018-09-13 14:35:28,ETHUSD,short,Limit,100000,-0.1058,1.145,2025574905
2018-09-13 15:01:49,ETHUSD,short,Limit,100000,1.1792,1.425,2012000000
2018-09-13 15:19:22,ETHUSD,short,Limit,100000,2.04,1.601,2011000000
2018-09-13 15:35:14,ETHUSD,short,Limit,100000,1.4119,1.714,2025000000
2018-09-13 16:44:27,ETHUSD,short,Limit,100000,-1.8146,2.596,2076000000
2018-09-13 17:19:38,ETHUSD,short,Limit,100000,-1.9212,1.859,2069000000
2018-09-13 17:46:37,ETHUSD,short,Limit,30065,-1.5271,2.307,619639650
2018-09-13 17:56:51,ETHUSD,short,Limit,100000,-1.8951,2.299,2070000000
2018-09-13 18:12:57,ETHUSD,short,Limit,100000,-1.1065,2.042,2061000000
2018-09-13 19:33:08,ETHUSD,short,Limit,100000,1.4491,3.085,2028968995
2018-09-13 19:34:49,ETHUSD,short,Limit,100000,2.9922,2.927,2026000000
2018-09-13 19:36:26,ETHUSD,short,Limit,100000,2.9312,2.475,2024000000
2018-09-13 19:45:22,XBTUSD,short,Limit,250000,-0.6329,10.879,3882000000
2018-09-13 20:08:28,ETHUSD,short,Limit,21436,0.7396,0.338,431506680
2018-09-13 20:11:23,ETHUSD,short,Limit,78564,0.3945,0.382,1586992800
2018-09-13 20:11:26,XBTUSD,short,Limit,250000,-0.0622,10.522,3886000000
2018-09-13 20:18:39,ETHUSD,short,Limit,100000,0.3452,0.512,2021000000
2018-09-13 20:21:53,ETHUSD,short,Limit,49759,0.3698,0.556,1005380595
2018-09-13 20:22:29,ETHUSD,short,Limit,2642,0.3205,0.566,53408030
2018-09-13 20:25:11,ETHUSD,short,Limit,47599,0.1972,0.613,963403760
2018-09-13 20:29:28,XBTUSD,short,Limit,209126,-0.0311,10.474,3251281922
2018-09-13 20:31:04,XBTUSD,short,Limit,19914,-0.1166,10.496,309344076
2018-09-13 20:31:31,XBTUSD,short,Limit,20958,-0.1477,10.504,325456782
2018-09-13 22:37:37,ETHUSD,short,Limit,26622,-2.0117,2.097,555601140
2018-09-13 22:56:55,ETHUSD,short,Limit,100000,-1.7717,2.414,2080769220
2018-09-14 03:15:59,ETHUSD,short,Limit,75059,-8.7866,6.728,1670152435
2018-09-14 04:41:08,ETHUSD,short,Limit,24941,-6.5209,8.057,543963210
2018-09-14 04:43:31,ETHUSD,short,Limit,48298,-5.7923,8.082,1045926705
2018-09-14 04:43:35,ETHUSD,short,Limit,35479,-5.036,7.532,768829930
2018-09-14 04:43:57,ETHUSD,short,Limit,27407,-2.9957,6.202,593635620
2018-09-14 04:44:29,ETHUSD,short,Limit,88816,-3.0286,6.171,1924642720
2018-09-14 04:45:32,XBTUSD,short,Limit,250000,-1.2776,16.78,3822750000
2018-09-14 04:49:38,XBTUSD,short,Limit,250000,-1.4124,8.955,3823000000
2018-09-14 04:51:35,XBTUSD,short,Limit,250000,-1.3885,8.265,3825250000
2018-09-14 07:40:39,ETHUSD,short,Limit,100000,2.0492,0.345,2151000000
2018-09-14 07:40:44,ETHUSD,short,Limit,100000,1.6895,0.272,2153000000
2018-09-14 07:44:56,ETHUSD,short,Limit,63877,0.4872,0.03,1369842265
2018-09-14 07:53:36,ETHUSD,long,Limit,100000,0.3289,0.01,2135000000
2018-09-14 08:02:20,ETHUSD,long,Limit,2367,0.1647,0.036,50381595
2018-09-14 08:02:37,ETHUSD,long,Limit,97633,-0.094,0.039,2075185415
2018-09-14 08:02:56,ETHUSD,short,Limit,2367,0.1412,0.005,50227740
2018-09-14 08:04:24,XBTUSD,short,Limit,250000,0.6723,0.747,3826250000
2018-09-14 08:05:17,XBTUSD,short,Limit,250000,0.5333,0.697,3830000000
2018-09-14 08:05:25,XBTUSD,short,Limit,250000,0.5561,0.586,3830000000
2018-09-14 08:06:09,XBTUSD,short,Limit,1,1.1578,0.597,15413
2018-09-14 08:06:48,XBTUSD,long,Limit,62820,0.3006,0.011,965354940
2018-09-14 08:07:49,ETHUSD,long,Limit,100000,0.2606,0.074,2116000000
2018-09-14 08:08:16,XBTUSD,long,Limit,249999,0.4524,0.035,3838734645
2018-09-14 08:09:03,ETHUSD,long,Limit,100000,0.5698,0.058,2118000000
2018-09-14 08:26:02,ETHUSD,long,Limit,43146,0.4016,0.023,914263740
2018-09-14 09:38:33,XBTUSD,short,Limit,250000,0.5043,0.593,3898750000
2018-09-14 09:38:42,XBTUSD,short,Limit,250000,0.496,0.529,3899728508
2018-09-14 09:38:51,XBTUSD,short,Limit,250000,0.5664,0.215,3901750000
2018-09-14 12:44:31,ETHUSD,short,Limit,9971,0.8528,0.48,206648975
2018-09-14 12:45:03,ETHUSD,short,Limit,100000,0.8035,0.488,2072500000
2018-09-14 13:27:30,XBTUSD,short,Limit,250000,0.6577,1.174,3892473024
2018-09-14 13:27:44,ETHUSD,short,Limit,89198,1.4869,1.179,1835639245
2018-09-14 13:28:06,ETHUSD,short,Limit,100000,1.3153,1.181,2061523655
2018-09-14 13:28:17,ETHUSD,short,Limit,100000,1.2094,0.509,2060419235
2018-09-14 13:28:31,ETHUSD,short,Limit,4090,1.2707,0.48,84213100
2018-09-14 14:02:22,XBTUSD,short,Limit,500000,0.4279,1.69,7770068176
2018-09-14 14:02:43,XBTUSD,short,Limit,17420,0.3636,1.651,270532600
2018-09-14 16:57:48,ETHUSD,short,Limit,61884,-1.8779,0.192,1342882800
2018-09-14 17:02:50,ETHUSD,short,Limit,61884,-1.2781,0.275,1335456720
2018-09-14 17:04:37,ETHUSD,short,Limit,38116,-1.3133,0.301,823305600
2018-09-14 17:05:09,ETHUSD,short,Limit,8633,-1.0553,0.309,185997985
2018-09-14 17:06:17,ETHUSD,short,Limit,91367,-0.3959,0.319,1968045180
2018-09-14 17:11:44,ETHUSD,short,Limit,28280,0.2323,0.402,607171600
2018-09-14 17:13:27,ETHUSD,short,Limit,71720,0.3939,0.428,1541262800
2018-09-14 17:14:43,ETHUSD,short,Limit,99999,1.3627,0.351,2141978580
2018-09-14 17:15:23,ETHUSD,short,Limit,1,1.698,0.303,21420
2018-09-14 17:21:47,ETHUSD,long,Limit,94700,0.2924,0.082,2032735500
2018-09-14 23:34:44,XBTUSD,short,Limit,250000,0.2233,6.836,3858000000
2018-09-15 01:39:28,XBTUSD,short,Limit,250000,-0.0231,8.903,3848500000
2018-09-15 01:39:32,XBTUSD,short,Limit,184717,0.3452,4.266,2843533498
2018-09-15 01:40:14,XBTUSD,short,Limit,40771,0.3248,4.258,627520465
2018-09-15 01:41:32,XBTUSD,short,Limit,24512,0.3145,4.273,377215168
2018-09-15 01:43:08,ETHUSD,long,Limit,896,0.8409,0.139,19344640
2018-09-15 01:44:31,ETHUSD,long,Limit,16661,0.6539,0.155,359044550
2018-09-15 01:45:09,ETHUSD,long,Limit,100000,0.6761,0.143,2159000000
2018-09-16 04:07:54,ETHUSD,long,Limit,1,-2.0751,26.522,21000
2018-09-16 04:57:37,ETHUSD,short,Limit,304843,-1.8841,0.764,6523435095
2018-09-16 05:34:06,ETHUSD,short,Limit,100000,-0.981,1.204,2136000000
2018-09-16 05:34:19,ETHUSD,short,Limit,46449,-0.0794,0.849,990757170
2018-09-16 05:36:57,ETHUSD,short,Limit,16935,0.0,0.876,361054200
2018-09-16 05:38:23,ETHUSD,short,Limit,40000,-0.1059,0.888,853800000
2018-09-16 10:06:57,ETHUSD,short,Limit,12114,-1.5428,5.083,263116080
2018-09-16 10:08:21,ETHUSD,short,Limit,31449,-1.5662,5.112,683229525
2018-09-16 10:09:06,ETHUSD,short,Limit,22253,-1.5895,5.118,483557690
2018-09-16 11:24:42,ETHUSD,short,Limit,100000,-2.0838,6.372,2187000000
2018-09-16 12:23:51,ETHUSD,short,Limit,100000,-1.3264,7.341,2175500000
2018-09-16 13:16:30,ETHUSD,short,Limit,31945,-2.0247,8.212,700234400
2018-09-16 13:19:24,ETHUSD,short,Limit,182227,0.0521,3.356,3986215625
2018-09-16 13:21:34,ETHUSD,short,Limit,85000,0.9297,2.376,1856825000
2018-09-16 13:36:35,ETHUSD,short,Limit,183,1.2472,2.626,3984825
2018-09-16 13:37:11,ETHUSD,short,Limit,100000,0.6031,0.981,2178500000
2018-09-16 13:42:45,ETHUSD,short,Limit,100000,1.205,0.658,2174000000
2018-09-16 13:43:05,ETHUSD,short,Limit,98907,0.7084,0.206,2148754575
2018-09-16 13:55:26,ETHUSD,long,Limit,100000,0.2732,0.087,2170500000
2018-09-16 14:50:01,ETHUSD,long,Limit,100000,0.7067,0.718,2169337930
2018-09-16 17:42:36,ETHUSD,long,Limit,1000,0.1393,3.59,21570000
2018-09-16 23:45:27,ETHUSD,long,Limit,93,1.9499,9.638,2042280
2018-09-17 00:44:20,ETHUSD,short,Limit,670,-1.7304,0.981,14967800
2018-09-17 00:45:31,ETHUSD,short,Limit,10096,-1.7304,0.989,225544640
2018-09-17 01:04:20,ETHUSD,short,Limit,56076,-1.5483,1.293,1250494800
2018-09-17 01:05:43,ETHUSD,short,Limit,45000,-1.6192,1.306,1004625000
2018-09-17 01:42:42,ETHUSD,short,Limit,79981,-0.9319,1.84,1775575670
2018-09-17 05:04:14,ETHUSD,short,Limit,200000,2.7743,4.862,4341871740
2018-09-17 05:21:51,ETHUSD,short,Limit,15000,2.6997,4.595,327075000
2018-09-17 17:21:11,ETHUSD,short,Limit,514,8.9469,16.562,10488170
2018-09-17 17:22:03,ETHUSD,long,Limit,99486,0.0245,0.015,2030509260
2018-09-17 17:23:37,ETHUSD,short,Limit,514,0.7349,0.025,10413640
2018-09-17 17:27:14,ETHUSD,long,Limit,99486,0.3949,0.061,2023545240
2018-09-17 18:44:26,ETHUSD,short,Limit,514,-0.6883,1.286,10526720
2018-09-17 19:25:05,ETHUSD,long,Limit,7374,-0.0488,0.68,150945780
2018-09-18 04:03:17,ETHUSD,long,Limit,4763,-4.9561,9.314,92711795
2018-09-18 04:05:22,ETHUSD,long,Limit,100000,-4.8828,9.347,1948000000
2018-09-18 04:07:19,ETHUSD,long,Limit,4470,-4.7119,9.378,87232050
2018-09-18 04:12:01,ETHUSD,long,Limit,100000,-4.834,9.486,1949000000
2018-09-18 04:15:04,ETHUSD,long,Limit,190379,-4.3629,9.417,3717085585
2018-09-18 04:15:42,ETHUSD,short,Limit,50000,0.0,0.012,976000000
2018-09-18 04:23:55,ETHUSD,short,Limit,9621,0.0,0.147,187801920
2018-09-18 04:27:01,ETHUSD,long,Limit,379,0.4611,0.052,7432190
2018-09-18 05:04:25,ETHUSD,short,Limit,9494,-0.2328,0.337,186936860
2018-09-18 05:04:45,ETHUSD,short,Limit,3893,-0.178,0.17,76692100
2018-09-18 05:08:08,ETHUSD,short,Limit,90184,-0.3049,0.224,1778428480
2018-09-18 05:26:17,ETHUSD,long,Limit,9816,0.4057,0.301,194356800
2018-09-18 05:31:59,ETHUSD,short,Limit,34000,0.4639,0.095,670140000
2018-09-18 05:43:24,ETHUSD,short,Limit,10497,0.281,0.148,206633445
2018-09-18 08:14:24,ETHUSD,short,Limit,95000,-1.1553,2.611,1896200000
2018-09-18 08:16:46,ETHUSD,short,Limit,95000,-1.0513,2.468,1892875000
2018-09-18 08:16:58,ETHUSD,short,Limit,95000,-0.8338,2.242,1891376525
2018-09-18 08:17:53,ETHUSD,short,Limit,77272,-0.4315,1.868,1537524925
2018-09-18 08:20:57,ETHUSD,short,Limit,30000,-0.3534,1.907,596400000
2018-09-18 08:29:06,ETHUSD,short,Limit,76627,0.507,0.761,1516427905
2018-09-18 08:38:27,ETHUSD,short,Limit,56215,0.4272,0.737,1113619150
2018-09-18 08:52:01,ETHUSD,short,Limit,63474,1.0951,0.952,1252889600
2018-09-18 08:53:16,ETHUSD,short,Limit,100000,1.7181,0.944,1966954585
2018-09-18 08:53:21,ETHUSD,short,Limit,100000,0.889,0.413,1966948205
2018-09-18 09:02:32,ETHUSD,short,Limit,100000,0.3189,0.15,1968000000
2018-09-18 09:25:45,ETHUSD,short,Limit,50000,0.2212,0.207,985000000
2018-09-18 09:33:04,ETHUSD,short,Limit,953,0.5821,0.201,18716920
2018-09-18 11:33:06,ETHUSD,long,Limit,99047,0.3564,2.014,1952216370
2018-09-18 12:03:02,XRPU18,short,Limit,300000,-5.6013,0.538,1449600000
2018-09-18 12:03:57,XRPU18,short,Limit,100000,-4.7495,0.547,480800000
2018-09-18 12:04:02,XRPU18,short,Limit,100000,-3.9101,0.541,481000000
2018-09-18 12:10:18,XRPU18,short,Limit,100000,-2.7032,0.589,479200000
2018-09-18 12:17:08,XRPU18,short,Limit,32877,-2.7421,0.69,157678092
2018-09-18 12:17:46,XRPU18,short,Limit,200000,-2.208,0.664,960246248
2018-09-18 12:21:51,XRPU18,short,Limit,11670,-1.6685,0.714,55922640
2018-09-18 12:21:58,XRPU18,short,Limit,200000,-1.1922,0.601,959982970
2018-09-18 12:23:19,XRPU18,short,Limit,16100,-1.0918,0.601,77344400
2018-09-18 12:25:32,ETHUSD,short,Market,522479,-3.3735,0.52,10713327860
2018-09-18 12:26:18,XRPU18,short,Market,678662,-1.7496,0.411,3333722351
2018-09-18 12:27:51,ETHUSD,short,Limit,100000,0.6233,0.017,2079000000
2018-09-18 12:28:53,ETHUSD,short,Limit,100000,0.956,0.029,2072000000
2018-09-18 12:30:08,ETHUSD,long,Limit,100000,0.1095,0.015,2072000000
2018-09-18 12:32:36,ETHUSD,short,Limit,100000,0.2193,0.034,2070450000
2018-09-18 12:32:43,ETHUSD,short,Limit,100000,0.4329,0.028,2070000000
2018-09-18 12:38:58,ETHUSD,short,Limit,100000,0.5775,0.055,2066000000
2018-09-18 12:49:02,ETHUSD,short,Limit,100000,0.4314,0.087,2065500000
2018-09-18 12:49:26,ETHUSD,short,Limit,100000,0.4005,0.078,2063896025
2018-09-18 13:37:35,ETHUSD,short,Limit,100000,-0.6826,0.61,2101000000
2018-09-18 13:37:52,ETHUSD,short,Limit,100000,-0.6113,0.559,2101000000
2018-09-18 13:59:45,ETHUSD,short,Limit,81172,-1.2024,0.884,1715976080
2018-09-18 14:36:19,ETHUSD,short,Limit,68192,-0.6513,1.454,1439282425
2018-09-18 14:36:27,ETHUSD,short,Limit,100000,-0.0911,1.428,2111000000
2018-09-18 14:36:52,ETHUSD,short,Limit,13924,0.5427,1.428,293448300
2018-09-18 14:37:07,ETHUSD,short,Limit,100000,0.593,1.359,2109000000
2018-09-18 15:20:57,ETHUSD,short,Limit,100000,0.2945,1.632,2112500000
2018-09-18 15:40:27,ETHUSD,short,Limit,100000,1.2885,0.892,2095731115
2018-09-18 15:45:47,ETHUSD,short,Limit,100000,1.1178,0.494,2101000000
2018-09-18 15:46:20,ETHUSD,short,Limit,7066,1.0829,0.495,148456660
2018-09-18 15:46:50,ETHUSD,short,Limit,100000,-0.0397,0.112,2102000000
2018-09-18 15:46:59,ETHUSD,short,Limit,8416,-0.0953,0.075,176820160
2018-09-18 15:47:19,ETHUSD,short,Limit,35717,0.1059,0.057,750672925
2018-09-18 15:47:52,ETHUSD,short,Limit,28526,0.0475,0.066,599901780
2018-09-18 15:48:51,ETHUSD,short,Limit,30000,-0.0475,0.081,631500000
2018-09-18 15:48:59,ETHUSD,short,Limit,5000,0.0,0.083,105200000
2018-09-18 15:49:04,ETHUSD,short,Limit,1000,0.0,0.084,21040000
2018-09-18 17:09:54,ETHUSD,short,Limit,100000,0.8946,1.148,2103000000
2018-09-18 17:11:22,ETHUSD,short,Limit,100000,0.942,1.154,2103000000
2018-09-18 17:46:38,ETHUSD,short,Limit,95,1.6251,1.741,1984075
2018-09-18 17:59:02,ETHUSD,long,Limit,100000,-0.0209,0.21,2088000000
2018-09-18 18:07:53,ETHUSD,long,Limit,85000,0.6538,0.345,1786084405
2018-09-18 18:09:20,ETHUSD,long,Limit,100000,1.0041,0.248,2102000000
2018-09-18 18:20:17,ETHUSD,long,Limit,15300,0.2227,0.052,319770000
2018-09-18 18:39:40,ETHUSD,long,Limit,1600,0.3356,0.329,33488000
2018-09-18 20:11:27,ETHUSD,long,Limit,94430,-0.3849,0.223,1955645300
2018-09-18 21:01:08,ETHUSD,long,Limit,100000,0.4356,1.045,2084000000
2018-09-19 06:43:05,ETHUSD,long,Limit,26653,2.2598,10.671,563177890
2018-09-19 06:44:18,ETHUSD,long,Limit,81505,2.3279,10.659,1721385600
2018-09-19 06:46:06,ETHUSD,long,Limit,97000,2.4,10.406,2048640000
2018-09-19 06:52:52,ETHUSD,long,Limit,400,2.6424,10.492,8468000
2018-09-19 09:18:11,ETHUSD,long,Limit,100000,0.0485,0.04,2071000000
2018-09-19 09:18:17,ETHUSD,long,Limit,100000,0.0966,0.028,2072000000
2018-09-19 09:30:44,ETHUSD,long,Limit,51,0.7488,0.234,1063605
2018-09-19 09:41:51,ETHUSD,short,Limit,66482,0.2637,0.184,1382825600
2018-09-19 09:42:41,ETHUSD,short,Limit,15563,0.2158,0.197,323866030
2018-09-19 09:50:18,ETHUSD,short,Limit,100000,-0.0522,0.32,2086500000
2018-09-19 09:54:42,ETHUSD,short,Limit,97904,0.3017,0.18,2040808880
2018-09-19 09:56:49,ETHUSD,long,Limit,61677,0.23,0.008,1284731910
2018-09-19 09:57:33,ETHUSD,long,Limit,40400,0.1444,0.022,840724000
2018-09-19 16:28:18,ETHUSD,long,Limit,100000,1.1438,4.734,2087000000
2018-09-19 16:28:30,ETHUSD,long,Limit,89532,1.2118,4.738,1870323480
2018-09-19 16:29:52,ETHUSD,long,Limit,12100,1.235,4.734,252648000
2018-09-19 16:30:02,ETHUSD,long,Limit,96847,1.6287,4.581,2021196890
2018-09-19 16:38:30,ETHUSD,short,Limit,3000,-0.1917,0.095,62730000
2018-09-19 16:38:46,ETHUSD,short,Limit,150,-0.1917,0.099,3136500
2018-09-19 18:29:04,ETHUSD,short,Limit,3,2.252,1.938,61200
2018-09-19 18:30:27,ETHUSD,long,Limit,100000,0.098,0.024,2042000000
2018-09-19 18:31:51,ETHUSD,long,Limit,99997,-0.3431,0.046,2032939010
2018-09-19 18:41:36,ETHUSD,short,Limit,100000,0.1002,0.05,2026000000
2018-09-19 18:41:52,ETHUSD,short,Limit,99773,0.2951,0.029,2022398710
2018-09-19 18:43:32,ETHUSD,long,Limit,229,0.198,0.028,4650990
2018-09-19 18:44:13,ETHUSD,long,Limit,85000,0.1231,0.017,1723800000
2018-09-19 18:50:04,ETHUSD,long,Limit,83,0.9134,0.114,1696520
2018-09-19 18:51:51,ETHUSD,short,Limit,110000,0.2849,0.029,2241800000
2018-09-19 18:56:27,ETHUSD,short,Limit,100000,0.6938,0.054,2026000000
2018-09-19 18:56:56,ETHUSD,short,Limit,4000,0.6859,0.05,81080000
2018-09-19 18:59:22,ETHUSD,short,Limit,135,2.7927,0.09,2678400
2018-09-19 19:02:56,ETHUSD,long,Limit,100000,0.892,0.059,2001696425
2018-09-19 19:03:23,ETHUSD,long,Limit,100000,1.0579,0.067,2005000000
2018-09-19 19:03:27,ETHUSD,long,Limit,99865,0.537,0.037,2000971820
2018-09-19 19:06:21,ETHUSD,short,Limit,135,0.0,0.048,2702700
2018-09-19 19:10:20,ETHUSD,long,Limit,99403,-0.3235,0.05,1985082600
2018-09-19 19:12:29,ETHUSD,long,Limit,36404,0.0405,0.075,729172120
2018-09-19 19:13:28,ETHUSD,long,Limit,63000,0.1998,0.092,1263780000
2018-09-19 19:14:33,ETHUSD,long,Limit,100000,1.2408,0.095,2021110355
2018-09-19 19:16:34,ETHUSD,long,Limit,100000,1.4911,0.111,2021735705
2018-09-19 19:16:44,ETHUSD,long,Limit,100000,1.6571,0.087,2024000000
2018-09-19 19:29:09,ETHUSD,long,Limit,744,5.4495,0.29,15620280
2018-09-19 19:32:15,ETHUSD,short,Limit,199256,0.7383,0.054,4152495040
2018-09-19 19:36:32,ETHUSD,long,Limit,100000,0.5258,0.023,2093000000
2018-09-19 19:42:23,ETHUSD,long,Limit,744,1.1525,0.119,15672360
2018-09-19 19:44:47,ETHUSD,short,Limit,100000,0.3764,0.035,2096000000
2018-09-19 19:48:58,ETHUSD,short,Limit,1256,0.8317,0.105,26206440
2018-09-19 19:52:56,ETHUSD,long,Limit,43800,0.4904,0.065,918486000
2018-09-20 00:02:12,ETHUSD,long,Limit,100000,0.1703,2.219,2098408310
2018-09-20 00:44:06,ETHUSD,long,Limit,58500,0.5483,2.749,1232887500
2018-09-20 03:47:44,ETHUSD,long,Limit,7746,-0.2384,5.789,162046320
2018-09-20 03:52:01,ETHUSD,long,Limit,92000,-0.0112,5.368,1923140620
2018-09-20 03:53:26,ETHUSD,long,Limit,46783,0.1664,5.003,977764700
2018-09-20 03:54:11,ETHUSD,long,Limit,153500,-0.1531,2.428,3206784585
2018-09-20 10:47:44,ETHUSD,long,Limit,100000,0.5776,2.227,2089000000
2018-09-20 11:01:38,ETHUSD,long,Limit,100000,1.2037,2.442,2102000000
2018-09-20 11:02:07,ETHUSD,long,Limit,100000,1.0337,2.158,2101500000
2018-09-21 02:46:39,ETHUSD,long,Limit,17,8.125,17.894,382330
2018-09-21 02:48:06,ETHUSD,short,Limit,100000,0.3327,0.024,2241083200
2018-09-21 02:48:19,ETHUSD,short,Limit,41852,0.2228,0.027,938321840
2018-09-21 02:49:14,ETHUSD,short,Limit,10414,-0.0445,0.041,234106720
2018-09-21 02:49:29,ETHUSD,short,Limit,47700,-0.1335,0.043,1073250000
2018-09-21 02:59:08,ETHUSD,short,Limit,7534,-0.0885,0.114,168836940
2018-09-21 03:02:59,ETHUSD,short,Limit,51400,-0.134,0.179,1152388000
2018-09-21 03:05:28,ETHUSD,short,Limit,7583,0.1787,0.218,169480050
2018-09-21 03:05:43,ETHUSD,short,Limit,18762,0.0999,0.223,419661675
2018-09-21 03:06:17,ETHUSD,short,Limit,100000,0.1921,0.224,2235000000
2018-09-21 03:06:33,ETHUSD,short,Limit,73673,0.3365,0.187,1646591550
2018-09-21 03:06:54,ETHUSD,long,Limit,26000,-0.1342,0.004,580320000
2018-09-21 03:07:06,ETHUSD,long,Limit,300,-0.0895,0.007,6699000
2018-09-21 04:50:51,ETHUSD,long,Limit,123500,0.2734,0.322,2748492500
2018-09-21 08:49:56,ETHUSD,long,Limit,41,2.12,4.276,928240
2018-09-21 08:58:03,ETHUSD,short,Limit,14739,0.0883,0.135,333396180
2018-09-21 08:58:14,ETHUSD,short,Limit,18902,0.0442,0.139,427752260
2018-09-21 09:22:58,ETHUSD,short,Limit,671,0.0221,0.557,15188085
2018-09-21 09:23:37,ETHUSD,short,Limit,100000,0.0486,0.562,2264000000
2018-09-21 09:31:44,ETHUSD,short,Limit,99323,0.591,0.63,2239464290
2018-09-21 10:04:50,ETHUSD,long,Limit,677,0.4436,0.545,15334065
2018-09-21 10:09:57,ETHUSD,short,Limit,23250,0.3091,0.085,524985000
2018-09-21 11:27:29,XRPU18,short,Limit,200000,0.8605,0.03,1520800000
2018-09-21 11:27:36,XRPU18,short,Limit,200000,1.9039,0.027,1514800000
2018-09-21 11:32:09,XRPU18,short,Limit,200000,0.6301,0.031,1514000000
2018-09-21 11:32:23,XRPU18,short,Limit,198136,1.4629,0.025,1494737984
2018-09-21 11:35:35,XRPU18,long,Limit,1864,0.6893,0.052,14158944
2018-09-21 11:41:19,XRPU18,short,Limit,200000,-0.8866,0.071,1532800000
2018-09-21 12:19:47,XRPU18,short,Limit,200000,-0.4491,0.689,1540200000
2018-09-21 12:20:12,XRPU18,short,Limit,200000,0.701,0.673,1534800000
2018-09-21 12:36:21,XRPU18,short,Limit,79270,-1.3601,0.897,622387052
2018-09-21 13:08:31,XRPU18,short,Limit,119001,-1.0586,1.43,931539828
2018-09-21 13:08:47,XRPU18,short,Limit,2700,-1.1098,0.767,21154500
2018-09-21 13:24:46,XRPU18,short,Limit,200000,-7.5527,1.033,1666993950
2018-09-21 13:27:36,XRPU18,short,Limit,37230,-7.2236,1.055,311211150
2018-09-21 13:34:30,XRPU18,short,Limit,4000,-7.491,1.17,33520000
2018-09-21 13:35:06,XRPU18,short,Limit,33943,-7.8727,1.152,286055945
2018-09-21 13:45:24,XRPU18,short,Limit,600808,-8.3494,0.538,5342976731
2018-09-21 13:45:59,XRPU18,long,Limit,399192,-0.5519,0.009,3532889205
2018-09-21 13:50:26,XRPU18,short,Limit,164621,0.9801,0.026,1421884698
2018-09-21 13:51:52,XRPU18,short,Limit,36187,1.1251,0.035,311642444
2018-09-21 13:53:09,XRPU18,long,Limit,163813,0.418,0.023,1416654824
2018-09-21 14:01:10,XRPU18,short,Limit,200000,0.1553,0.095,1742768700
2018-09-21 14:02:58,XRPU18,short,Limit,80000,1.2114,0.098,691520000
2018-09-21 14:05:46,XRPU18,short,Limit,6299,1.7143,0.144,54171400
2018-09-21 14:06:19,XRPU18,long,Limit,48498,0.4419,0.009,418925724
2018-09-21 14:08:11,XRPU18,short,Limit,200000,0.3912,0.045,1724400000
2018-09-21 14:21:57,XRPU18,short,Limit,1502,-1.5827,0.254,13207086
2018-09-21 14:23:09,XRPU18,long,Limit,498,4.4467,0.02,4573632
2018-09-21 14:24:33,XRPU18,short,Limit,200000,-1.1178,0.024,1853600000
2018-09-21 14:26:22,XRPU18,short,Limit,200000,2.2719,0.045,1842400000
2018-09-21 14:32:54,XRPU18,short,Limit,94291,2.2695,0.146,871626004
2018-09-21 14:37:08,XRPU18,short,Limit,200000,1.5825,0.179,1857800000
2018-09-21 14:52:43,XRPU18,short,Market,605211,-10.5795,0.322,6355583223
2018-09-21 14:54:29,XRPU18,short,Market,200000,-7.4085,0.022,2316800591
2018-09-21 14:54:39,ETHUSD,short,Market,299604,-1.8199,4.453,6915987865
2018-09-21 15:07:16,XRPU18,short,Limit,25000,5.8202,0.018,254050000
2018-09-21 15:09:08,XRPU18,short,Limit,15000,6.0908,0.02,147090000
2018-09-21 15:10:26,XRPU18,short,Limit,1482,7.9104,0.041,14250912
2018-09-21 15:11:04,XRPU18,long,Limit,18518,3.8582,0.011,184939266
2018-09-21 15:15:34,XRPU18,short,Limit,50000,0.2355,0.038,503400000
2018-09-21 15:18:06,ADAU18,long,Market,1,25.0243,199.366,1284
2018-09-21 15:18:11,XBTUSD,short,Market,1,-2.8457,161.884,14916
2018-09-21 15:21:52,XRPU18,short,Limit,35021,-0.3868,0.015,348029062
2018-09-21 15:23:25,XRPU18,short,Limit,16461,-3.6131,0.034,168758172
2018-09-21 15:23:56,XRPU18,long,Limit,24530,0.9364,0.008,253836440
2018-09-21 15:26:51,XRPU18,short,Limit,25000,2.0101,0.048,253500000
2018-09-21 15:31:11,XRPU18,short,Limit,25000,-1.4099,0.044,257021856
2018-09-21 15:35:52,XRPU18,short,Limit,25000,7.6496,0.037,231500000
2018-09-21 15:37:37,XRPU18,short,Limit,470,7.8105,0.064,4343740
2018-09-21 15:40:14,XRPU18,long,Limit,29530,0.844,0.044,275219600
2018-09-21 15:45:41,XRPU18,short,Limit,470,7.2103,0.091,4064560
2018-09-21 15:49:32,XRPU18,long,Limit,10000,0.2081,0.064,86660000
2018-09-21 15:49:59,XRPU18,long,Limit,30000,0.1758,0.053,258060000
2018-09-21 15:51:29,XRPU18,long,Limit,30000,3.6321,0.015,263640000
2018-09-21 15:52:32,XRPU18,long,Limit,530,5.0708,0.032,4722300
2018-09-21 15:53:08,XRPU18,short,Limit,5794,1.055,0.01,51079904
2018-09-21 15:53:21,XRPU18,short,Limit,15000,0.6809,0.014,132740000
2018-09-21 15:57:54,XRPU18,short,Limit,30000,-0.7063,0.063,268500000
2018-09-21 15:59:56,XRPU18,short,Limit,8676,1.0475,0.085,76218660
2018-09-21 16:00:56,XRPU18,long,Limit,30000,1.5632,0.008,267000000
2018-09-21 16:04:08,XRPU18,long,Limit,30000,4.4337,0.06,275652168
2018-09-21 16:08:37,XRPU18,long,Limit,1324,5.3864,0.135,12278776
2018-09-21 16:09:04,XRPU18,short,Limit,23894,-0.3451,0.007,222357564
2018-09-21 16:11:01,XRPU18,short,Limit,14782,1.287,0.04,135323920
2018-09-21 17:04:33,XRPU18,long,Limit,2406,0.3104,0.004,20994756
2018-09-21 17:04:36,XRPU18,long,Limit,37594,-0.127,0.005,326651692
2018-09-21 17:04:44,XRPU18,short,Limit,2000,0.5941,0.002,17260845
2018-09-21 18:52:56,ETHUSD,short,Limit,50000,0.8153,0.012,1200375815
2018-09-21 18:58:36,ETHUSD,short,Limit,50000,1.5441,0.02,1211500000
2018-09-21 19:01:41,ETHUSD,short,Limit,40000,0.5111,0.019,973200000
2018-09-21 19:04:47,ETHUSD,short,Limit,40000,-0.7967,0.062,985993530
2018-09-21 19:07:47,ETHUSD,short,Limit,40000,0.584,0.012,987400000
2018-09-21 19:17:54,ETHUSD,short,Limit,40000,1.2164,0.013,1008400000
2018-09-21 19:21:25,ETHUSD,short,Limit,40000,0.7558,0.026,998000000
2018-09-21 19:49:16,ETHUSD,short,Limit,40000,0.0901,0.032,997500440
2018-09-21 19:55:41,ETHUSD,short,Limit,40000,0.6023,0.023,990200000
2018-09-21 19:59:42,ETHUSD,short,Limit,1165,-0.1038,0.06,28968645
2018-09-21 20:02:18,ETHUSD,short,Limit,40000,0.1254,0.102,992400000
2018-09-21 20:02:47,ETHUSD,short,Limit,38718,0.4823,0.093,958657680
2018-09-21 21:33:12,XRPU18,short,Limit,406,4.2662,4.477,3374512
2018-09-21 21:36:13,XRPU18,long,Limit,5000,0.5414,0.05,41785000
2018-09-21 21:42:27,XRPU18,long,Limit,50000,1.1578,0.152,420200000
2018-09-21 21:42:28,XRPU18,long,Limit,49594,1.4271,0.133,416787976
2018-09-21 21:42:49,XRPU18,short,Limit,406,-0.0119,0.006,3412430
2018-09-21 22:26:39,XRPU18,long,Limit,50000,3.3555,0.51,422664008
2018-09-21 23:05:52,ETHUSD,short,Market,117,0.4019,3.143,2899260
2018-09-21 23:05:57,XRPU18,long,Market,94,4.2548,1.165,801538
2018-09-22 05:06:25,XRPU18,short,Limit,50000,-1.906,0.12,460308316
2018-09-22 05:07:48,XRPU18,short,Limit,50000,2.4445,0.036,453656000
2018-09-22 05:12:08,XRPU18,short,Limit,50000,2.5888,0.046,444390000
2018-09-22 06:40:21,ETHUSD,long,Limit,50000,1.2256,0.522,1218250000
2018-09-23 12:13:27,XRPU18,short,Limit,50000,0.3744,0.015,425700000
2018-09-23 14:02:40,ETHUSD,long,Limit,50000,0.7144,0.256,1233500000
2018-09-24 01:35:32,ETHUSD,long,Limit,17722,0.5334,0.476,434189000
2018-09-24 05:29:28,XBTUSD,long,Limit,15714,-0.0972,5.427,235238580
2018-09-24 05:30:07,XBTUSD,long,Limit,184286,-0.1741,5.438,2760817321
2018-09-24 05:59:38,XBTUSD,short,Limit,15713,-0.1648,0.492,235019341
2018-09-24 21:25:37,ETHUSD,long,Limit,100000,-0.6599,0.586,2333000000
2018-09-25 00:21:19,ETHUSD,long,Limit,50000,-0.2706,0.163,1124000000
2018-09-25 01:00:06,ETHUSD,long,Limit,50000,0.8653,0.706,1126000000
2018-09-25 01:20:27,ETHUSD,long,Limit,50000,-0.7569,0.303,1114500000
2018-09-25 02:08:09,ETHUSD,long,Limit,997,-1.3061,1.06,21874180
2018-09-25 02:25:37,ETHUSD,long,Limit,26730,-1.1371,1.351,587583890
2018-09-25 02:29:18,ETHUSD,long,Limit,23270,-1.1088,1.402,511707300
2018-09-25 02:58:14,ETHUSD,long,Limit,100,-0.4287,1.75,2206500
2018-09-25 02:58:49,ETHUSD,long,Limit,41135,-0.4061,1.759,907849450
2018-09-25 02:59:27,ETHUSD,long,Limit,8865,-0.2998,1.656,195561900
2018-09-25 03:08:57,ETHUSD,long,Limit,50000,1.0962,0.939,1107000000
2018-09-25 03:10:42,ETHUSD,long,Limit,50000,1.6727,0.452,1111809160
2018-09-25 03:16:06,ETHUSD,short,Limit,27073,0.3813,0.023,601155965
2018-09-25 03:17:19,ETHUSD,long,Limit,27073,0.045,0.019,601562060
2018-09-25 06:17:36,ETHUSD,short,Limit,22899,0.9005,2.851,504006990
2018-09-25 06:18:55,ETHUSD,short,Limit,27101,1.0356,2.87,595679980
2018-09-25 06:29:10,ETHUSD,short,Limit,50000,3.1939,3.024,1076000000
2018-09-25 06:29:25,ETHUSD,short,Limit,50000,3.1142,2.343,1073000000
2018-09-25 06:42:30,ETHUSD,short,Limit,50000,1.1147,0.212,1064500000
2018-09-25 06:43:16,ETHUSD,short,Limit,50000,1.5299,0.218,1062000000
2018-09-25 06:46:23,ETHUSD,short,Limit,50000,0.2338,0.016,1067000000
2018-09-25 06:46:41,ETHUSD,short,Limit,50000,0.3274,0.021,1065500000
2018-09-25 06:55:28,ETHUSD,short,Limit,50000,1.1878,0.166,1056000000
2018-09-25 06:56:05,ETHUSD,short,Limit,1,0.6604,0.014,21060
2018-09-25 06:57:22,ETHUSD,long,Limit,50000,0.3799,0.025,1057000000
2018-09-25 06:58:07,ETHUSD,long,Limit,49999,0.7164,0.031,1059515280
2018-09-25 07:31:49,ETHUSD,short,Limit,1,0.236,0.56,21140
2018-09-25 07:33:40,ETHUSD,long,Limit,50000,-0.1892,0.03,1055000000
2018-09-25 07:38:46,ETHUSD,long,Limit,50000,-0.8697,0.114,1047311035
2018-09-25 07:41:23,XBTUSD,short,Limit,1,4.1723,26.188,15634
2018-09-25 07:42:16,ETHUSD,long,Limit,18663,0.1671,0.158,391643055
2018-09-25 07:43:53,ETHUSD,long,Limit,50000,0.3641,0.164,1049000000
2018-09-25 07:53:05,ETHUSD,long,Limit,50000,0.4843,0.253,1047000000
2018-09-25 10:58:42,ETHUSD,long,Limit,50000,0.911,3.213,1052502200
2018-09-25 10:58:58,ETHUSD,long,Limit,50000,1.1036,3.188,1053500000
2018-09-25 11:36:47,ETHUSD,long,Limit,50000,-0.3841,0.06,1037500000
2018-09-25 11:42:40,ETHUSD,long,Limit,50000,-1.6575,0.148,1023500000
2018-09-25 11:50:53,ETHUSD,long,Limit,50000,-0.3884,0.268,1026000000
2018-09-25 11:51:10,ETHUSD,long,Limit,50000,-0.5817,0.226,1025500000
2018-09-25 11:53:08,ETHUSD,long,Limit,50000,0.292,0.223,1030500000
2018-09-25 11:55:19,ETHUSD,long,Limit,50000,1.4236,0.249,1033000000
2018-09-25 12:00:44,ETHUSD,long,Limit,50000,0.6813,0.057,1034500000
2018-09-25 12:01:48,ETHUSD,long,Limit,654,1.0223,0.075,13570500
2018-09-25 12:06:10,ETHUSD,long,Limit,1,1.1685,0.147,20780
2018-09-25 12:11:37,ETHUSD,short,Limit,49999,0.4812,0.091,1033979320
2018-09-25 12:22:30,ETHUSD,long,Limit,1,0.7253,0.181,20830
2018-09-25 12:32:33,ETHUSD,short,Stop,49999,-0.7681,0.167,1049479010
2018-09-25 12:38:52,ETHUSD,long,Limit,1,-0.1429,0.105,20960
2018-09-25 12:53:45,ETHUSD,short,Limit,50000,-0.7867,0.188,1056244290
2018-09-25 13:58:23,ETHUSD,short,Limit,50000,0.6641,1.198,1047000000
2018-09-25 14:04:29,ETHUSD,short,Limit,49999,1.1854,0.343,1041979160
2018-09-25 16:02:32,ETHUSD,long,Limit,50000,1.5896,0.404,1054500000
2018-09-25 22:43:36,XRPU18,short,Limit,43543,0.3334,0.015,339722486
2018-09-25 22:46:38,ETHUSD,long,Limit,1,3.9981,7.139,21590
2018-09-25 22:55:01,XRPU18,short,Limit,10700,0.1847,0.202,83716800
2018-09-25 22:55:20,XRPU18,short,Limit,8059,0.3382,0.2,63097411
2018-09-25 22:59:14,XRPU18,short,Limit,50000,0.2085,0.256,393477516
2018-09-25 23:00:34,XRPU18,short,Limit,51241,0.7871,0.184,402651778
2018-09-25 23:03:15,ETHUSD,short,Limit,49999,0.3437,0.235,1074848865
2018-09-25 23:29:28,XRPU18,short,Limit,43496,1.2842,0.08,361799728
2018-09-25 23:29:45,XRPU18,short,Limit,6504,1.1156,0.083,54191328
2018-09-25 23:48:39,ETHUSD,long,Limit,1,1.3953,0.755,21800
2018-09-25 23:59:25,ETHUSD,short,Limit,24196,-0.3963,0.179,529563375
2018-09-26 00:01:09,ETHUSD,short,Limit,802,-0.5046,0.208,17571820
2018-09-26 00:04:17,ETHUSD,short,Limit,50000,-0.0527,0.244,1090500000
2018-09-26 00:04:46,ETHUSD,short,Limit,50000,0.5019,0.154,1088000000
2018-09-26 00:44:51,ETHUSD,short,Limit,1,1.5953,0.732,21590
2018-09-26 00:59:41,ETHUSD,long,Limit,47789,-0.031,0.244,1031764510
2018-09-26 01:00:11,ETHUSD,long,Limit,1532,-0.0926,0.25,33060560
2018-09-26 01:15:28,ETHUSD,long,Limit,50000,-0.9378,0.469,1068500000
2018-09-26 01:17:57,ETHUSD,long,Limit,50000,-0.7446,0.426,1068000000
2018-09-26 01:18:52,ETHUSD,long,Limit,50000,0.1405,0.074,1069000000
2018-09-26 01:19:07,ETHUSD,long,Limit,12313,0.3756,0.075,263251940
2018-09-26 01:19:32,ETHUSD,long,Limit,11702,0.2125,0.082,249782150
2018-09-26 01:25:57,ETHUSD,long,Limit,37154,-0.4648,0.15,786921720
2018-09-26 01:27:24,ETHUSD,long,Limit,8828,-0.6123,0.084,186270800
2018-09-26 01:27:27,ETHUSD,long,Limit,14877,-0.7537,0.086,313458390
2018-09-26 01:29:28,ETHUSD,long,Limit,50000,-0.535,0.096,1052000000
2018-09-26 01:32:35,ETHUSD,long,Limit,23930,0.0675,0.114,504080015
2018-09-26 01:40:28,ETHUSD,long,Limit,41196,0.2627,0.202,864910020
2018-09-26 01:40:41,ETHUSD,long,Limit,50000,0.1185,0.12,1049668960
2018-09-26 01:51:02,ETHUSD,long,Limit,44339,0.2093,0.16,931094255
2018-09-26 01:54:32,ETHUSD,long,Limit,5661,0.0716,0.209,118626255
2018-09-26 01:59:16,XRPU18,long,Limit,50000,0.772,0.121,388931316
2018-09-26 02:17:10,XRPU18,long,Limit,50000,0.8249,0.405,388277059
2018-09-26 02:17:15,XRPU18,long,Market,64,0.7531,0.405,496640
2018-09-26 05:40:50,ETHUSD,long,Limit,1,1.7192,3.98,21300
2018-09-26 07:15:18,ETHUSD,short,Limit,150000,-0.4068,1.509,3210000000
2018-09-26 07:24:21,ETHUSD,short,Limit,2004,-0.0002,0.128,42985800
2018-09-26 07:41:19,XRPU18,short,Limit,50000,0.5461,0.185,411600000
2018-09-26 07:41:30,XRPU18,short,Limit,50000,0.6285,0.187,411100000
2018-09-26 11:52:36,ETHUSD,short,Limit,100000,-0.8524,4.547,2162294665
2018-09-26 12:12:16,ETHUSD,short,Limit,50000,-0.4198,4.827,1076500000
2018-09-26 12:40:23,XRPU18,short,Limit,50000,0.842,0.568,426593323
2018-09-26 12:41:40,XRPU18,short,Limit,50000,1.2125,0.588,426663405
2018-09-26 12:41:51,ETHUSD,short,Limit,50000,-0.4925,0.895,1086858740
2018-09-26 12:48:42,ETHUSD,short,Limit,50000,0.1156,0.841,1080500000
2018-09-26 12:55:18,ETHUSD,short,Limit,28164,0.6029,0.794,605234615
2018-09-26 13:01:43,ETHUSD,short,Limit,21836,0.8191,0.899,468227355
2018-09-26 13:46:08,ETHUSD,short,Limit,50000,1.3207,1.486,1064750000
2018-09-26 13:47:13,ETHUSD,short,Limit,50000,2.2477,1.201,1065500000
2018-09-26 13:47:15,ETHUSD,short,Limit,50000,0.8165,0.553,1065727180
2018-09-26 13:47:32,ETHUSD,short,Limit,1,0.7911,0.558,21320
2018-09-26 13:49:24,ETHUSD,long,Limit,130,-0.469,0.031,2758600
2018-09-26 13:50:54,ETHUSD,short,Limit,1,0.2592,0.025,21165
2018-09-26 13:52:06,ETHUSD,long,Limit,49999,0.0011,0.024,1058478830
2018-09-26 15:37:13,ETHUSD,short,Limit,50000,-1.9254,0.799,1103000000
2018-09-26 15:39:40,ETHUSD,short,Limit,50000,0.9389,0.071,1102363370
2018-09-26 15:48:32,ETHUSD,short,Limit,50000,0.0399,0.12,1104059695
2018-09-26 15:59:26,ETHUSD,short,Limit,50000,0.8796,0.299,1098750000
2018-09-26 16:03:48,BCHU18,short,Limit,16,0.687,0.024,132960000
2018-09-26 16:04:23,ETHUSD,short,Limit,50000,0.6598,0.349,1100689220
2018-09-26 16:06:24,ETHUSD,short,Limit,50000,0.3178,0.088,1098000000
2018-09-26 16:06:32,ETHUSD,short,Limit,50000,0.3631,0.089,1097500000
2018-09-26 16:06:52,ETHUSD,short,Limit,1,0.4993,0.092,21920
2018-09-26 16:13:15,ETHUSD,long,Limit,49999,-0.0426,0.106,1095510935
2018-09-26 20:51:21,ETHUSD,short,Limit,5654,0.1824,4.634,123766060
2018-09-26 20:51:26,ETHUSD,short,Limit,11606,0.137,4.642,254170820
2018-09-26 20:52:33,ETHUSD,short,Limit,50000,0.3042,4.521,1095421440
2018-09-26 20:54:49,ETHUSD,short,Limit,32740,0.4151,4.307,719297800
2018-09-26 21:43:25,ETHUSD,short,Limit,50000,0.9208,0.1,1076000000
2018-09-26 21:43:35,ETHUSD,short,Limit,50000,0.9688,0.102,1075479245
2018-09-26 21:44:17,ETHUSD,short,Limit,50000,1.1971,0.112,1073000000
2018-09-26 21:47:55,ETHUSD,short,Limit,50000,0.4307,0.037,1072361200
2018-09-26 21:51:17,ETHUSD,short,Limit,41203,0.7394,0.084,881538185
2018-09-26 21:52:10,ETHUSD,long,Limit,8797,0.1168,0.015,188431740
2018-09-26 22:00:31,ETHUSD,short,Limit,50000,-0.1397,0.112,1075500000
2018-09-26 22:03:22,ETHUSD,short,Limit,50000,0.0465,0.129,1075000000
2018-09-26 22:06:10,ETHUSD,short,Limit,11861,0.4649,0.165,253944010
2018-09-26 22:07:28,ETHUSD,short,Limit,50000,0.6003,0.178,1069750000
2018-09-26 22:07:30,ETHUSD,short,Limit,50000,0.716,0.129,1070128315
2018-09-26 22:14:14,ETHUSD,short,Limit,20000,0.5676,0.09,426167475
2018-09-26 22:17:40,ETHUSD,short,Limit,9645,0.0148,0.147,206661850
2018-09-26 22:18:25,ETHUSD,short,Limit,90356,-0.1112,0.127,1938136200
2018-09-26 22:18:52,ETHUSD,long,Limit,9644,0.0351,0.008,206936505
2018-09-26 22:26:32,ETHUSD,short,Limit,1,0.3962,0.128,21370
2018-09-26 22:27:33,ETHUSD,long,Limit,51672,0.4825,0.016,1109914560
2018-09-26 23:11:11,ETHUSD,short,Limit,50000,0.0465,0.333,1075500000
2018-09-26 23:13:16,ETHUSD,short,Limit,50000,0.1856,0.35,1075500000
2018-09-27 12:28:44,ETHUSD,short,Limit,19325,-0.7394,0.296,421285000
2018-09-27 12:32:24,ETHUSD,short,Limit,30675,-0.7394,0.356,668715000
2018-09-27 12:51:23,ETHUSD,short,Limit,23604,-1.4944,0.669,518343840
2018-09-27 12:52:38,ETHUSD,short,Limit,50000,-1.2506,0.627,1097750000
2018-09-27 12:54:28,ETHUSD,short,Limit,2100,-0.7816,0.595,46032000
2018-09-27 12:56:33,ETHUSD,short,Limit,50000,-0.5452,0.573,1095750000
2018-09-27 12:57:19,ETHUSD,short,Limit,47900,0.2414,0.332,1048531000
2018-09-27 13:11:53,ETHUSD,short,Limit,50000,0.2508,0.189,1093750000
2018-09-27 13:12:53,ETHUSD,short,Limit,50000,0.5695,0.197,1091250000
2018-09-27 14:15:17,ETHUSD,short,Limit,50000,0.7738,1.212,1090000000
2018-09-27 14:15:22,ETHUSD,short,Limit,50000,0.3201,0.89,1090000000
2018-09-27 14:15:39,ETHUSD,short,Limit,50000,0.457,0.877,1089000000
2018-09-27 15:48:53,ETHUSD,short,Limit,50000,0.6183,1.358,1085000000
2018-09-27 15:49:12,ETHUSD,short,Limit,9363,1.0497,1.352,202989840
2018-09-27 15:49:27,ETHUSD,short,Limit,40638,0.9769,1.356,881680355
2018-09-27 15:51:01,ETHUSD,long,Limit,9362,0.023,0.026,203155400
2018-09-27 17:14:48,ETHUSD,short,Limit,10882,0.0918,1.209,236683500
2018-09-27 17:18:49,ETHUSD,short,Limit,39118,-0.0919,1.299,852381220
2018-09-27 17:54:27,ETHUSD,short,Limit,100000,-0.3784,1.751,2190000000
2018-09-27 19:56:53,ETHUSD,short,Limit,100000,-0.1684,0.062,2284000000
2018-09-27 20:03:59,ETHUSD,short,Limit,50000,1.2182,0.026,1155500000
2018-09-27 20:04:27,ETHUSD,short,Limit,50000,1.5324,0.02,1152000000
2018-09-27 20:10:26,ETHUSD,short,Limit,35751,0.6045,0.026,822988020
2018-09-27 20:12:48,ETHUSD,short,Limit,50000,0.9586,0.062,1147619355
2018-09-28 06:14:01,ETHUSD,short,Limit,50000,-0.4317,0.101,1161994820
2018-09-28 06:14:13,ETHUSD,short,Limit,50000,-0.3253,0.102,1160500000
2018-09-28 06:14:43,ETHUSD,short,Limit,14462,0.4295,0.064,335229160
2018-09-28 06:14:54,ETHUSD,short,Limit,35539,0.3866,0.066,824149410
2018-09-28 06:16:21,ETHUSD,long,Limit,14461,0.1569,0.025,335929030
2018-09-28 06:18:05,ETHUSD,short,Limit,1,0.3013,0.027,23160
2018-09-28 06:26:48,ETHUSD,long,Limit,99999,-0.0904,0.145,2313383140
2018-09-28 06:30:48,ETHUSD,short,Limit,1,0.4539,0.067,23030
2018-09-28 06:32:52,ETHUSD,long,Limit,50000,0.2039,0.033,1154000000
2018-09-28 06:35:14,ETHUSD,long,Limit,50000,-0.1045,0.069,1150500000
2018-09-28 07:03:47,ETHUSD,long,Limit,356,0.1737,0.543,8212920
2018-09-28 07:16:14,ETHUSD,short,Limit,50000,-0.3468,0.207,1157500000
2018-09-28 07:44:45,ETHUSD,short,Limit,50000,0.261,0.681,1150500000
2018-09-28 07:45:15,ETHUSD,short,Limit,50000,0.5678,0.669,1148449550
2018-09-28 07:45:39,ETHUSD,short,Limit,44752,1.1405,0.474,1027953440
2018-09-28 07:45:54,ETHUSD,short,Limit,5248,1.051,0.478,120655735
2018-09-28 08:13:17,ETHUSD,short,Limit,1,1.7861,0.934,22820
2018-09-28 08:14:43,ETHUSD,long,Limit,46035,0.0438,0.022,1050979050
2018-09-28 08:18:49,ETHUSD,long,Limit,49999,0.4187,0.082,1142979690
2018-09-28 08:23:33,ETHUSD,short,Limit,1,0.3062,0.078,22790
2018-09-28 08:25:39,ETHUSD,long,Limit,17953,0.1755,0.035,409866990
2018-09-28 08:32:35,ETHUSD,short,Limit,1,1.1608,0.115,22565
2018-09-28 08:33:48,ETHUSD,long,Limit,10,0.3324,0.02,226400
2018-09-28 08:40:14,ETHUSD,long,Limit,49999,0.4435,0.134,1133477330
2018-09-28 09:14:22,ETHUSD,short,Limit,1,0.7058,0.561,22510
2018-09-28 09:29:15,ETHUSD,long,Limit,149999,-0.6756,0.229,3347186505
2018-09-28 09:30:52,ETHUSD,short,Limit,1,1.2777,0.027,22020
2018-09-28 09:36:59,ETHUSD,long,Limit,50000,0.5362,0.065,1115722480
2018-09-28 09:37:25,ETHUSD,long,Limit,50000,0.4679,0.042,1117061240
2018-09-28 09:38:20,ETHUSD,long,Limit,44624,0.6185,0.042,997792640
2018-09-28 09:43:13,ETHUSD,short,Limit,1,0.3354,0.081,22285
2018-09-28 09:44:20,ETHUSD,long,Limit,400,0.1571,0.019,8928000
2018-09-28 09:50:55,ETHUSD,long,Limit,50000,0.3417,0.127,1118346095
2018-09-28 09:51:09,ETHUSD,long,Limit,23379,0.2691,0.128,522754440
2018-09-28 09:54:42,ETHUSD,long,Limit,38317,0.4549,0.143,858683970
2018-09-28 19:20:28,ETHUSD,long,Limit,3529,-3.3776,2.793,76720460
2018-09-28 19:20:36,ETHUSD,long,Limit,50000,-3.7427,2.792,1082894580
2018-09-28 19:20:54,ETHUSD,long,Limit,4972,-3.7778,2.799,107643800
2018-09-28 19:23:53,ETHUSD,long,Limit,50000,-3.95,2.394,1079000000
2018-09-28 19:24:50,ETHUSD,long,Limit,50000,-3.0434,0.195,1078660980
2018-09-28 19:25:02,ETHUSD,long,Limit,50000,-1.3891,0.122,1079500000
2018-09-28 19:25:36,ETHUSD,long,Limit,50000,-1.1395,0.103,1078370860
2018-09-28 19:27:07,ETHUSD,long,Limit,41500,0.5837,0.071,893910000
2018-09-28 19:39:02,ETHUSD,short,Limit,70000,-0.2868,0.19,1516900000
2018-09-28 19:39:24,ETHUSD,short,Limit,70000,0.2676,0.163,1512700000
2018-09-28 19:39:48,ETHUSD,short,Limit,28404,0.6187,0.16,612958320
2018-09-28 19:41:07,ETHUSD,short,Limit,200000,-0.9883,0.045,4401978625
2018-09-28 19:42:38,ETHUSD,short,Limit,15757,-1.0583,0.036,346654000
2018-09-28 19:43:17,ETHUSD,long,Limit,54243,0.0908,0.011,1194430860
2018-09-28 19:46:08,ETHUSD,short,Limit,70000,-0.8516,0.041,1558900000
2018-09-28 19:46:30,ETHUSD,short,Limit,47755,0.6247,0.02,1061593650
2018-09-28 19:46:42,ETHUSD,short,Limit,38002,1.2678,0.014,844404440
2018-09-28 19:49:58,ETHUSD,long,Limit,31125,0.4428,0.028,693781375
2018-09-28 19:54:15,ETHUSD,short,Limit,20000,0.4167,0.068,443600000
2018-09-28 20:03:15,ETHUSD,short,Limit,2089,1.0337,0.215,45999780
2018-09-28 20:03:45,ETHUSD,long,Limit,67911,0.1817,0.013,1498116660
2018-09-28 20:41:50,ETHUSD,short,Limit,2089,0.4986,0.626,45853550
2018-09-28 21:43:39,ETHUSD,long,Limit,67911,0.229,1.031,1494059410
2018-09-29 01:12:34,ETHUSD,short,Limit,2088,0.8636,3.478,45539280
2018-09-29 01:47:53,ETHUSD,short,Limit,20996,0.1388,0.008,454142655
2018-09-29 01:53:58,ETHUSD,short,Limit,70000,0.2611,0.066,1513286255
2018-09-29 01:54:18,ETHUSD,short,Limit,7088,0.1753,0.068,153327630
2018-09-29 02:13:37,ETHUSD,short,Limit,70000,0.2074,0.058,1515850000
2018-09-29 03:06:08,ETHUSD,short,Limit,70000,0.7638,0.749,1508160915
2018-09-29 03:24:03,ETHUSD,short,Limit,70000,0.4961,0.809,1507001780
2018-09-29 03:27:58,ETHUSD,short,Limit,766,0.3467,0.854,16514960
2018-09-29 09:05:38,ETHUSD,short,Limit,2,-8.4024,8.017,36255
2018-10-02 11:16:38,ETHUSD,short,Limit,50000,-0.1538,1.246,1139750000
2018-10-02 11:54:22,ETHUSD,short,Limit,50000,0.1317,1.852,1137750000
2018-10-02 15:17:49,ETHUSD,long,Limit,50000,-0.4628,3.209,1129250000
2018-10-03 00:27:03,XRPZ18,long,Limit,50000,0.9913,0.467,407500000
2018-10-03 00:49:11,XRPZ18,long,Limit,50000,1.5741,0.829,409750000
2018-10-03 02:12:14,ETHUSD,long,Limit,85634,-1.9278,12.849,1899434275
2018-10-03 02:12:51,ETHUSD,long,Limit,12,-1.5767,11.085,265920
2018-10-03 02:20:08,ETHUSD,long,Limit,100000,-1.0465,3.099,2217000000
2018-10-03 02:20:13,ETHUSD,long,Limit,14354,-0.5832,0.986,318084640
2018-10-03 02:35:46,ETHUSD,short,Limit,1,1.0605,0.259,21925
2018-10-03 03:21:37,ETHUSD,long,Limit,116071,-1.1201,0.765,2516419280
2018-10-03 03:43:14,ETHUSD,long,Limit,40190,-1.1182,1.125,871319200
2018-10-03 03:43:46,ETHUSD,long,Limit,41804,-1.1405,0.977,905892680
2018-10-03 03:44:42,ETHUSD,long,Limit,48004,0.2222,0.386,1040726720
2018-10-03 03:54:35,ETHUSD,long,Limit,70001,0.3525,0.527,1519721710
2018-10-03 04:23:19,ETHUSD,short,Limit,1,-0.0921,0.469,21730
2018-10-03 04:27:08,ETHUSD,long,Limit,100000,0.4895,0.061,2185000000
2018-10-03 04:27:15,ETHUSD,long,Limit,11218,0.4139,0.063,244945030
2018-10-03 06:27:01,ETHUSD,short,Limit,1,0.7328,1.996,21675
2018-10-03 06:41:34,ETHUSD,long,Limit,50000,0.4095,0.24,1088187845
2018-10-03 06:42:43,ETHUSD,long,Limit,49999,0.3922,0.253,1087978240
2018-10-03 08:32:48,ETHUSD,short,Limit,1,0.8272,1.827,21580
2018-10-03 10:00:47,ETHUSD,long,Limit,63939,0.9266,1.463,1392591420
2018-10-03 10:15:44,ETHUSD,long,Limit,30000,1.0258,1.687,655556500
2018-10-03 10:16:11,ETHUSD,long,Limit,68669,0.9476,1.394,1501104340
2018-10-03 10:17:50,ETHUSD,long,Limit,1330,0.877,1.287,29067150
2018-10-06 11:46:07,ETHUSD,short,Limit,100000,1.1474,1.197,2240000000
2018-10-06 17:19:08,XRPZ18,long,Limit,50000,0.501,0.195,371100000
2018-10-06 17:19:36,XRPZ18,long,Limit,45869,0.5555,0.197,340439718
2018-10-06 17:19:55,XRPZ18,long,Limit,4131,0.6368,0.201,30685068
2018-10-06 18:52:56,XRPZ18,long,Limit,250000,0.4928,1.454,1856750000
2018-10-06 18:53:29,XRPZ18,long,Limit,1,0.3106,0.615,7427
2018-10-06 19:29:33,XRPZ18,long,Limit,19194,0.0,0.008,141133482
2018-10-06 20:19:24,XRPZ18,long,Limit,50000,0.6072,0.697,369530279
2018-10-06 20:44:02,XRPZ18,long,Limit,50000,0.8174,1.083,370000000
2018-10-06 20:44:18,XRPZ18,long,Limit,50000,0.8724,1.082,370000000
2018-10-06 20:44:49,XRPZ18,long,Limit,50000,0.8724,1.084,370000000
2018-10-06 20:50:20,XRPZ18,long,Limit,50000,1.4571,0.977,371028432
2018-10-06 21:10:55,XRPZ18,long,Limit,13255,1.245,1.281,98087000
2018-10-06 21:33:04,XRPZ18,long,Limit,50000,2.4475,1.611,374100000
2018-10-06 21:33:22,XRPZ18,long,Limit,50000,2.412,1.459,374259768
2018-10-06 21:33:24,XRPZ18,long,Limit,50000,1.4416,1.007,374197293
2018-10-07 06:37:00,XRPZ18,long,Limit,50000,0.4762,0.675,369250000
2018-10-07 06:37:06,XRPZ18,long,Limit,50000,0.4625,0.669,369250000
2018-10-07 06:41:54,XRPZ18,long,Limit,50000,0.4625,0.748,369250000
2018-10-07 06:44:08,XRPZ18,long,Limit,50000,0.4897,0.83,369350000
2018-10-07 06:56:54,XRPZ18,long,Limit,50000,0.7284,0.894,369100000
2018-10-07 06:59:19,XRPZ18,long,Limit,50000,0.5128,0.997,369100000
2018-10-08 08:48:16,TRXZ18,short,Limit,4000000,2.1327,1.528,1652000000
2018-10-08 08:49:09,TRXZ18,long,Limit,1,-0.2415,0.002,413
2018-10-09 02:41:48,ADAZ18,long,Limit,87972,-0.9214,11.0,117144952
2018-10-09 02:42:11,ADAZ18,long,Limit,71615,-1.1161,11.01,95176335
2018-10-09 04:22:51,ADAZ18,long,Limit,90413,-0.9673,12.684,120339703
2018-10-09 04:24:02,TRXZ18,long,Limit,801040,1.2594,0.829,322018080
2018-10-09 05:11:07,ADAZ18,long,Limit,250000,-0.4464,13.506,334500000
2018-10-09 05:24:11,ADAZ18,long,Limit,7472,-0.2232,13.84,10019952
2018-10-09 05:36:07,ADAZ18,long,Limit,242528,-0.2976,13.904,324987520
2018-10-09 05:47:12,ADAZ18,long,Limit,250000,-0.372,14.1,334750000
2018-10-09 05:49:33,ADAZ18,long,Limit,250000,0.0,14.239,334750000
2018-10-09 09:13:16,ADAZ18,long,Limit,1000000,-0.6155,13.739,1328273343
2018-10-09 12:21:47,TRXZ18,long,Limit,1931765,1.5267,1.525,770774235
2018-10-09 12:28:18,TRXZ18,long,Limit,2068235,1.2723,1.605,823157530
2018-10-09 12:28:28,TRXZ18,short,Limit,15000,0.0,0.003,5970000
2018-10-10 05:48:26,XRPZ18,long,Limit,61280,-0.4141,0.464,447834240
2018-10-10 05:51:16,XRPZ18,long,Limit,59094,-0.4867,0.496,431563482
2018-10-10 06:23:06,XRPZ18,long,Limit,150000,0.2789,0.893,1100550000
2018-10-10 06:23:26,XRPZ18,long,Limit,117870,1.0609,0.799,864576450
2018-10-10 09:17:26,XBTUSD,long,Limit,1,1.7119,361.601,15370
2018-10-10 10:27:50,XBTUSD,short,Limit,250000,0.1537,1.177,3848500000
2018-10-10 10:28:19,XBTUSD,short,Limit,249999,0.1537,1.183,3848484606
2018-10-10 12:15:59,XBTUSD,long,Limit,1,0.1462,1.791,15372
2018-10-10 15:53:14,XBTUSD,short,Limit,250000,0.0538,3.63,3845000000
2018-10-10 15:56:02,XBTUSD,short,Limit,250000,0.0538,3.666,3845000000
2018-10-10 16:01:19,XBTUSD,short,Limit,250000,0.1844,3.684,3848000000
2018-10-10 16:02:24,XBTUSD,short,Limit,249999,0.284,3.597,3848984604
2018-10-10 18:35:40,XBTUSD,long,Limit,1,0.4388,2.541,15329
2018-10-10 19:01:18,XBTUSD,short,Limit,628845,-0.4122,0.336,9598894588
2018-10-10 19:07:03,XBTUSD,short,Limit,121155,-0.3525,0.406,1850158005
2018-10-11 04:33:16,XBTUSD,short,Limit,250000,0.2487,1.143,4020500000
2018-10-11 04:52:39,XBTUSD,short,Limit,250000,0.2888,1.464,4022250000
2018-10-11 05:22:36,XBTUSD,short,Limit,250000,0.6009,1.93,4030250000
2018-10-11 05:23:11,XBTUSD,short,Limit,250000,0.9199,1.097,4036500000
2018-10-11 06:11:56,XBTUSD,short,Limit,250000,0.2658,0.631,4038000000
2018-10-11 08:04:24,XBTUSD,short,Limit,250000,0.1126,0.459,4027000000
2018-10-11 12:00:37,XBTUSD,short,Limit,355400,0.4501,2.498,5753518760
2018-10-11 12:03:09,XBTUSD,short,Limit,394600,0.394,2.527,6383444200
2018-10-11 12:21:02,XBTUSD,short,Limit,250000,0.0888,0.135,4039750000
2018-10-11 13:17:56,XBTUSD,short,Limit,500000,0.2298,0.022,8114336303
2018-10-11 13:41:38,XBTUSD,short,Limit,250000,0.1706,0.086,4022197838
2018-10-11 13:46:25,XBTUSD,short,Limit,1,0.2812,0.166,16116
2018-10-11 14:06:23,XBTUSD,long,Limit,250000,0.2337,0.332,4019500000
2018-10-11 14:06:26,XBTUSD,long,Limit,249999,0.2337,0.33,4019483922
2018-10-11 15:04:42,XBTUSD,short,Limit,1,0.1125,0.971,16097
2018-10-11 16:20:31,XBTUSD,long,Limit,87202,-0.0805,1.263,1404824220
2018-10-11 20:45:48,XBTUSD,long,Limit,250000,0.2414,5.679,4014500000
2018-10-11 22:21:52,XBTUSD,long,Limit,750000,-0.1814,7.094,12112500000
2018-10-11 22:36:46,XBTUSD,long,Limit,1,0.0404,6.839,16155
2018-10-11 23:32:38,XBTUSD,short,Limit,250000,0.3599,0.447,4056934370
2018-10-11 23:41:57,XBTUSD,short,Limit,250000,0.5907,0.351,4070000000
2018-10-11 23:45:21,XBTUSD,short,Limit,250000,0.8658,0.407,4081250000
2018-10-11 23:47:37,XBTUSD,short,Stop,489078,-0.3996,0.065,7933530729
2018-10-11 23:48:32,XBTUSD,long,Limit,10922,0.4617,0.015,176379378
2018-10-11 23:53:12,XBTUSD,short,Limit,239078,0.4845,0.078,3879518706
2018-10-11 23:55:42,XBTUSD,long,Limit,10922,-0.2028,0.041,177591720
2018-10-12 00:05:07,XBTUSD,short,Limit,250000,-0.1115,0.109,4075000000
2018-10-12 00:07:13,XBTUSD,short,Limit,94628,0.5024,0.066,1543280786
2018-10-12 00:13:48,XBTUSD,short,Limit,250000,0.299,0.123,4075239610
2018-10-12 00:24:10,XBTUSD,short,Limit,4449,-0.1385,0.211,72389679
2018-10-12 09:55:06,XBTUSD,short,Limit,1,-1.0102,9.726,16130
2018-10-12 12:55:07,XBTUSD,long,Limit,499999,0.25,3.002,8044983910
2018-10-14 20:42:09,ETHUSD,short,Limit,1,14.1659,202.087,19450
2018-10-14 20:42:45,ETHUSD,long,Limit,99999,0.3085,0.012,1950980490
2018-10-15 05:18:24,XBTUSD,short,Stop,1,-0.4827,64.378,16013
2018-10-15 06:36:23,XBTUSD,long,Limit,499999,5.1681,1.3,7613219225
2018-10-15 07:21:39,XBTUSD,short,Limit,250000,0.531,0.054,3825500000
2018-10-15 07:23:00,XBTUSD,short,Limit,1,1.0349,0.077,15379
2018-10-15 07:23:51,XBTUSD,long,Limit,19447,0.2358,0.014,298362271
2018-10-15 07:34:22,XBTUSD,long,Limit,230551,-0.3845,0.189,3559246338
2018-10-15 07:35:11,XBTUSD,long,Limit,250000,0.1258,0.146,3861000000
2018-10-15 07:36:16,XBTUSD,long,Limit,20760,0.8529,0.11,319706586
2018-10-15 07:37:29,XBTUSD,long,Limit,229240,0.8918,0.13,3529058284
2018-10-15 08:47:19,XBTUSD,long,Limit,500000,0.3018,0.657,7763500000
2018-10-15 09:59:09,XBTUSD,long,Limit,250000,0.2598,1.021,3895500000
2018-10-15 10:02:08,XBTUSD,long,Limit,250000,0.8001,0.762,3888250000
2018-10-15 12:11:40,XBTUSD,long,Limit,1,0.3134,2.918,15620
2018-10-15 14:45:34,XBTUSD,short,Limit,250000,0.6314,2.153,3922500000
2018-10-15 22:02:43,XBTUSD,short,Limit,36572,0.0313,6.347,572315228
2018-10-15 22:03:54,XBTUSD,short,Limit,213428,-0.0024,6.357,3338904734
2018-10-15 22:59:19,XBTUSD,short,Limit,1,-0.5397,7.279,15561
2018-10-16 00:00:29,XBTUSD,long,Limit,249999,0.14,1.018,3884734461
2018-10-16 06:10:51,XBTUSD,short,Limit,250000,-0.5988,5.114,3865500000
2018-10-16 06:18:02,XBTUSD,short,Limit,1,-0.6455,5.233,15455
2018-10-16 08:05:36,XBTUSD,long,Limit,249999,-0.5783,1.79,3886194982
2018-10-16 08:09:52,XBTUSD,short,Limit,1,0.1399,0.071,15567
2018-10-16 13:24:49,XBTUSD,long,Limit,249999,0.537,5.249,3870734517
2018-10-18 22:09:04,XBTUSD,short,Limit,1,1.5716,56.738,15731
2018-10-18 23:21:35,XBTUSD,long,Limit,250000,0.4425,1.104,3913000000
2018-10-18 23:21:36,XBTUSD,long,Limit,249999,0.1955,0.679,3912984348
2018-10-30 09:03:55,XBTUSD,short,Limit,250000,0.4055,4.133,3992000000
2018-11-04 06:17:28,BCHZ18,short,Limit,53,0.3606,0.061,439370000
2018-11-04 06:18:41,BCHZ18,short,Limit,500,-0.5882,0.08,4185000000
2018-11-04 06:27:25,BCHZ18,short,Limit,500,1.0972,0.214,4125000000
2018-11-04 06:27:51,BCHZ18,short,Limit,57,2.2512,0.136,470250000
2018-11-04 06:28:03,BCHZ18,short,Limit,243,2.3514,0.125,2009610000
2018-11-04 14:08:29,BCHZ18,short,Limit,1,0.3534,7.788,8460000
2018-11-05 00:02:42,BCHZ18,long,Limit,1,2.2459,9.904,8650000
2018-11-05 00:08:03,BCHZ18,short,Limit,100,0.9249,0.089,857000000
2018-11-05 00:13:31,BCHZ18,short,Limit,250,1.4381,0.159,2130000000
2018-11-05 00:31:43,BCHZ18,short,Limit,250,2.3138,0.415,2107500000
2018-11-05 00:32:42,BCHZ18,short,Limit,204,1.9883,0.197,1709520000
2018-11-05 01:10:05,BCHZ18,short,Limit,249,0.2496,0.338,2121480000
2018-11-05 01:44:44,BCHZ18,long,Limit,1,-1.2911,0.57,8410000
2018-11-05 01:45:43,ETHUSD,short,Limit,1,-6.4582,509.046,20770
2018-11-05 01:47:49,BCHZ18,short,Limit,1,0.8323,0.051,8340000
2018-11-05 03:33:37,BCHZ18,long,Limit,13,1.6787,1.763,110240000
2018-11-05 06:37:20,ETHUSD,long,Limit,100000,0.2407,4.858,2082000000
2018-11-05 06:37:21,ETHUSD,long,Limit,99999,0.5311,4.493,2081979180
2018-11-05 08:47:48,BCHZ18,long,Limit,53,2.1583,7.002,451560000
2018-11-05 09:27:05,BCHZ18,long,Limit,170,2.7578,7.656,1456900000
2018-11-05 09:38:12,BCHZ18,long,Limit,12,2.3981,7.831,102480000
2018-11-05 09:55:14,BCHZ18,long,Limit,1,3.2374,8.112,8610000
2018-11-05 18:23:51,XRPZ18,long,Limit,100000,0.6545,0.151,768900000
2018-11-05 18:24:24,XRPZ18,long,Limit,29306,0.8771,0.161,225832036
2018-11-05 22:45:04,XRPZ18,long,Limit,170694,2.9192,4.514,1341996228
2018-11-05 22:53:34,ETHUSD,short,Limit,87082,0.2864,0.023,1819142980
2018-11-05 22:55:52,ETHUSD,short,Limit,12431,0.3341,0.057,259559280
2018-11-06 00:15:38,XRPZ18,short,Limit,20000,0.0989,0.01,161640000
2018-11-06 00:20:49,XRPZ18,short,Limit,95509,0.5938,0.067,767510324
2018-11-06 05:51:34,XRPZ18,short,Limit,158719,-0.4826,0.384,1315432047
2018-11-06 06:01:29,XRPZ18,short,Limit,200000,-0.2667,0.536,1654000000
2018-11-06 06:01:53,XRPZ18,short,Limit,41281,-0.2667,0.505,341393870
2018-11-06 06:03:30,XRPZ18,short,Limit,200000,0.3384,0.493,1649200000
2018-11-06 06:10:01,XRPZ18,short,Limit,14283,0.9861,0.582,117606222
2018-11-06 06:13:52,XRPZ18,short,Limit,100000,1.2025,0.637,821600000
2018-11-06 06:15:13,XRPZ18,short,Limit,44517,1.2604,0.657,365537242
2018-11-06 06:16:19,XRPZ18,short,Limit,154973,0.7266,0.31,1274188006
2018-11-06 06:39:21,XRPZ18,short,Limit,1,0.4595,0.555,8232
2018-11-06 09:28:26,ETHUSD,short,Limit,74918,0.1568,0.086,1589759960
2018-11-06 09:54:15,XRPZ18,short,Limit,400000,-3.6509,2.365,3471482052
2018-11-06 10:00:38,XRPZ18,short,Limit,973203,-1.8962,0.382,8562217490
2018-11-06 10:01:08,XRPZ18,long,Limit,26797,0.9319,0.008,237984157
2018-11-06 10:04:08,XRPZ18,short,Limit,144483,-0.0338,0.051,1283586972
2018-11-06 10:04:52,XRPZ18,short,Limit,200000,-0.0523,0.056,1777350122
2018-11-06 10:06:54,XRPZ18,short,Limit,200000,0.4042,0.083,1769200000
2018-11-06 10:07:10,XRPZ18,short,Limit,200000,1.512,0.078,1763642524
2018-11-06 10:07:23,XRPZ18,short,Limit,200000,1.5419,0.078,1761504563
2018-11-06 10:08:08,XRPZ18,short,Limit,16292,1.7669,0.089,143108928
2018-11-06 10:08:39,XRPZ18,short,Limit,12428,1.9459,0.097,108968704
2018-11-06 10:11:47,XRPZ18,long,Limit,77463,-0.7808,0.052,673892688
2018-11-06 10:15:51,XRPZ18,long,Limit,79208,-0.4736,0.119,691206273
2018-11-06 10:15:59,XRPZ18,long,Limit,130381,-0.1351,0.114,1137183082
2018-11-06 10:16:11,XRPZ18,long,Limit,200000,0.4552,0.089,1743903618
2018-11-06 10:16:52,XRPZ18,long,Limit,23000,1.0653,0.074,200744000
2018-11-06 10:17:05,XRPZ18,long,Limit,200000,1.213,0.077,1746400000
2018-11-06 10:25:22,XRPZ18,long,Limit,200000,0.0264,0.095,1736800000
2018-11-06 10:32:14,XRPZ18,long,Limit,200000,1.0184,0.191,1738400000
2018-11-06 10:40:25,ETHUSD,short,Limit,200000,0.5386,1.137,4240000000
2018-11-06 10:51:22,XRPZ18,long,Limit,200000,-0.6238,0.395,1716000000
2018-11-06 10:58:21,XRPZ18,long,Limit,150000,0.1274,0.355,1296750000
2018-11-06 11:38:05,XRPZ18,long,Limit,556083,0.1966,0.95,4783294254
2018-11-06 12:13:05,XRPZ18,long,Limit,200000,-0.0465,0.76,1698000000
2018-11-06 12:20:10,XRPZ18,long,Limit,200000,0.6582,0.589,1705800000
2018-11-06 12:33:44,BCHZ18,short,Limit,1,-6.5041,26.642,9170000
2018-11-06 12:38:19,BCHZ18,long,Limit,150,1.0994,0.072,1390500000
2018-11-06 12:40:13,BCHZ18,long,Limit,150,0.9836,0.1,1386000000
2018-11-06 12:41:13,BCHZ18,long,Limit,43,2.0765,0.114,401620000
2018-11-06 12:41:41,BCHZ18,long,Limit,221,1.9552,0.064,2066350000
2018-11-06 12:42:06,BCHZ18,short,Limit,28,0.107,0.004,261520000
2018-11-06 12:42:58,BCHZ18,short,Limit,1,1.1765,0.018,9240000
2018-11-06 12:44:31,BCHZ18,long,Limit,84,0.4329,0.026,779520000
2018-11-06 12:47:44,BCHZ18,long,Limit,16,-0.2165,0.079,147520000
2018-11-06 13:02:32,XRPZ18,long,Limit,26239,0.1772,1.145,221697437
2018-11-06 13:04:22,BCHZ18,long,Limit,50,1.4069,0.356,468500000
2018-11-06 13:07:29,BCHZ18,long,Limit,199,1.1971,0.382,1854680000
2018-11-06 13:16:41,XRPZ18,long,Limit,200000,0.5087,1.379,1696000000
2018-11-06 13:17:47,XRPZ18,long,Limit,200000,0.5996,1.332,1698400000
2018-11-06 13:18:40,XRPZ18,long,Limit,200000,0.2737,0.893,1704400000
2018-11-06 13:19:14,XRPZ18,long,Limit,74449,0.8152,0.832,636173693
2018-11-06 13:19:55,XRPZ18,long,Limit,6469,0.6607,0.843,55193508
2018-11-06 13:20:12,XRPZ18,long,Limit,94058,0.8259,0.84,803819668
2018-11-06 13:21:03,XRPZ18,short,Limit,7102,0.07,0.011,60807324
2018-11-06 13:21:44,XRPZ18,short,Limit,11704,0.0117,0.022,100268168
2018-11-06 13:26:53,BCHZ18,short,Limit,1,0.4292,0.323,9280000
2018-11-06 13:48:54,ETHUSD,short,Limit,1,0.0935,4.108,21360
2018-11-07 08:20:43,BCHZ18,long,Limit,79,0.2077,0.145,762350000
2018-11-07 09:19:52,BCHZ18,long,Limit,150,0.3151,0.013,1432500000
2018-11-07 10:05:57,ETHUSD,short,Limit,50000,0.4715,0.742,1094750000
2018-11-08 07:08:31,XRPZ18,short,Limit,9777,0.0746,2.961,78548418
2018-11-08 07:47:30,XRPZ18,short,Limit,17107,-0.322,3.606,137983191
2018-11-08 07:49:31,XRPZ18,short,Limit,382893,-0.4051,3.646,3094027907
2018-11-08 15:28:42,XRPZ18,short,Limit,76874,0.64,1.859,622218156
2018-11-08 16:03:54,XRPZ18,short,Limit,200000,3.1897,1.74,1578116000
2018-11-08 16:07:02,ETHUSD,short,Limit,2580,1.743,2.913,54541200
2018-11-08 16:08:12,ETHUSD,short,Limit,200000,1.3721,2.914,4239731815
2018-11-08 17:26:08,XRPZ18,long,Limit,30876,0.3941,0.032,244815804
2018-11-08 17:28:14,ETHUSD,long,Limit,29000,0.1418,1.087,614220000
2018-11-08 22:17:22,ETHUSD,long,Limit,150000,0.6147,5.91,3192000000
2018-11-08 22:55:52,BCHZ18,long,Limit,250,-3.1496,5.508,2152500000
2018-11-09 03:30:31,XRPZ18,long,Limit,131596,3.7475,4.256,1058908130
2018-11-09 03:32:36,XRPZ18,long,Limit,68404,3.5843,4.303,549557736
2018-11-09 04:04:33,ETHUSD,long,Limit,99836,0.4353,10.839,2121515000
2018-11-09 04:16:02,ETHUSD,long,Limit,100164,0.3428,8.079,2125480080
2018-11-09 07:56:44,BCHZ18,long,Limit,245,0.8159,9.084,2119250000
2018-11-09 08:01:51,BCHZ18,long,Limit,249,3.0023,6.711,2171280000
2018-11-09 08:03:19,ETHUSD,long,Limit,76624,0.3052,9.131,1624428800
2018-11-09 08:03:29,ETHUSD,long,Limit,100000,0.6299,8.274,2122000000
2018-11-09 08:03:50,ETHUSD,long,Limit,23375,0.7594,8.187,496251250
2018-11-09 08:04:42,ETHUSD,long,Limit,15997,0.3778,3.418,340016235
2018-11-09 08:05:02,ETHUSD,long,Limit,105325,0.3542,3.339,2238156250
2018-11-09 08:09:05,ETHUSD,long,Limit,78678,0.3542,3.321,1671907500
2018-11-09 08:15:10,XBTUSD,short,Limit,1,-2.0833,243.319,15579
2018-11-09 09:37:51,ETHUSD,long,Limit,29965,-0.2855,0.168,628066400
2018-11-09 09:50:17,ETHUSD,long,Limit,4711,-0.2379,0.374,98789670
2018-11-09 12:00:26,ETHUSD,long,Limit,124410,-0.0951,2.542,2612610000
2018-11-09 21:15:34,BCHZ18,long,StopLimit,501,-9.1911,10.015,3887259000
2018-11-09 23:53:50,ETHUSD,long,Limit,30710,-0.8801,14.432,639842850
2018-11-09 23:54:14,ETHUSD,long,Limit,31220,-0.8404,14.428,650312600
2018-11-09 23:54:44,ETHUSD,long,Limit,107798,-0.7668,14.348,2244446880
2018-11-09 23:57:21,ETHUSD,long,Limit,57183,-0.8081,14.381,1190004990
2018-11-09 23:57:34,ETHUSD,long,Limit,178513,-0.4592,14.243,3712617925
2018-11-09 23:58:16,ETHUSD,long,Limit,16979,-0.1634,10.862,353163200
2018-11-10 00:00:32,ETHUSD,long,Limit,177598,-0.3038,10.73,3693150410
2018-11-10 01:36:54,BCHZ18,short,Limit,42,1.5132,0.272,328020000
2018-11-10 01:46:17,ETHUSD,short,Limit,173255,-0.1327,1.525,3612122710
2018-11-10 10:17:33,ETHUSD,short,Limit,168145,0.2612,1.772,3521797025
2018-11-10 18:33:38,ETHUSD,short,Limit,193600,0.4478,0.994,4088832000
2018-11-11 03:50:19,ETHUSD,short,Limit,6400,1.1077,10.196,134272000
2018-11-11 07:30:04,ADAZ18,short,Limit,388574,0.4902,0.056,473283132
2018-11-11 07:30:36,ADAZ18,short,Limit,405084,0.4085,0.064,493797396
2018-11-11 07:34:25,ADAZ18,short,Limit,126975,0.0817,0.127,155290425
2018-11-11 07:39:24,ADAZ18,short,Limit,1000000,0.2834,0.274,1222000000
2018-11-11 07:47:21,BCHZ18,short,Limit,25,0.5263,0.774,189000000
2018-11-11 09:31:05,BCHZ18,short,Limit,259,0.8535,2.456,1950270000
2018-11-11 09:35:11,BCHZ18,long,Limit,259,0.6739,0.021,1934730000
2018-11-11 11:17:29,BCHZ18,long,Limit,250,-0.4049,1.005,1845000000
2018-11-12 03:44:01,BCHZ18,long,Limit,250,-3.5016,1.985,1707500000
2018-11-12 03:44:41,BCHZ18,long,Limit,100,-1.1577,0.118,683000000
2018-11-12 03:44:57,BCHZ18,long,Limit,7,-1.1577,0.121,47810000
2018-11-12 04:02:10,BCHZ18,long,Limit,250,-2.0839,0.4,1680000000
2018-11-12 04:31:32,BCHZ18,long,Limit,750,-1.2875,0.804,4997500000
2018-11-12 08:22:57,BCHZ18,long,Limit,250,-1.3419,4.545,1655000000
2018-11-12 08:23:46,BCHZ18,long,Limit,250,-0.6066,4.53,1650000000
2018-11-12 08:30:07,BCHZ18,long,Limit,1,1.506,4.634,6740000
2018-11-12 08:33:01,BCHZ18,short,Limit,62,0.2967,0.048,416640000
2018-11-12 08:34:13,BCHZ18,short,Limit,187,-0.5935,0.067,1267860000
2018-11-12 08:47:45,BCHZ18,long,Limit,231,1.4905,0.2,1566180000
2018-11-12 08:48:12,BCHZ18,long,Limit,34,1.9703,0.18,231880000
2018-11-12 11:36:29,BCHZ18,long,Limit,250,1.9684,0.536,1677500000
2018-11-12 14:25:13,BCHZ18,long,Limit,77,-0.2197,0.203,532070000
2018-11-12 14:48:31,BCHZ18,long,Limit,173,0.0,0.548,1198890000
2018-11-12 23:52:35,BCHZ18,long,Limit,250,-2.6147,9.638,1677500000
2018-11-13 00:23:19,BCHZ18,long,Limit,250,-4.8197,10.091,1630000000
2018-11-13 08:27:46,XRPZ18,long,Limit,200000,1.3164,17.905,1693200000
2018-11-13 08:29:09,XRPZ18,long,Limit,16599,1.6267,17.176,140586430
2018-11-13 08:29:15,XRPZ18,long,Limit,196235,1.5512,17.154,1660280075
2018-11-13 08:29:42,XRPZ18,long,Limit,18964,1.8083,16.909,160150980
2018-11-13 09:39:17,BCHZ18,long,Limit,250,-3.4019,16.341,1635000000
2018-11-13 09:41:17,BCHZ18,long,Limit,84,1.1831,9.461,550200000
2018-11-13 09:41:25,BCHZ18,long,Limit,168,1.0755,9.356,1098720000
2018-11-13 11:12:10,BCHZ18,short,Limit,27,0.4367,0.017,184680000
2018-11-13 11:12:28,BCHZ18,short,Limit,32,0.1456,0.021,219520000
2018-11-13 11:12:29,BCHZ18,short,Limit,238,0.171,0.019,1635060000
2018-11-13 11:15:59,BCHZ18,short,Limit,203,-0.8658,0.071,1418970000
2018-11-13 11:20:58,BCHZ18,long,Limit,144,1.5827,0.053,1016640000
2018-11-13 11:22:04,BCHZ18,short,Limit,250,0.835,0.006,1785000000
2018-11-13 11:29:26,BCHZ18,long,Limit,215,1.2876,0.013,1522200000
2018-11-13 11:43:22,BCHZ18,short,Limit,68,1.8207,0.142,476680000
2018-11-13 13:57:11,BCHZ18,long,Limit,250,-1.3453,0.16,1650000000
2018-11-13 14:05:13,BCHZ18,long,Limit,250,0.761,0.142,1655000000
2018-11-13 17:11:28,BCHZ18,short,Limit,186,2.2866,0.049,1192260000
2018-11-13 18:03:37,BCHZ18,long,Limit,250,-3.5886,0.041,1525710000
2018-11-13 18:04:43,BCHZ18,long,Limit,250,-3.6707,0.045,1497920000
2018-11-13 18:12:23,BCHZ18,long,Limit,250,-1.6245,0.069,1362500000
2018-11-13 18:12:29,BCHZ18,long,Limit,250,15.4996,0.034,1422500000
2018-11-13 18:14:56,BCHZ18,short,Limit,250,2.002,0.019,1372500000
2018-11-13 18:17:30,BCHZ18,short,Limit,250,0.6885,0.031,1442500000
2018-11-13 18:34:50,BCHZ18,short,Limit,56,3.1773,0.011,324240000
2018-11-13 18:44:26,BCHZ18,short,Limit,194,2.9937,0.141,1125390000
2018-11-13 18:54:42,ETHUSD,long,Limit,80750,0.1719,0.01,1647300000
2018-11-13 19:03:34,ETHUSD,long,Limit,119250,0.2648,0.157,2435085000
2018-11-13 19:05:14,EOSZ18,long,Limit,481,-4.7506,2.663,39431780
2018-11-13 19:10:31,EOSZ18,long,Limit,10000,-4.7355,2.191,820800000
2018-11-13 19:22:13,XRPZ18,long,Limit,200000,-1.1879,0.125,1611200000
2018-11-13 19:23:36,XRPZ18,long,Limit,200000,2.0369,0.13,1613000000
2018-11-13 19:25:54,EOSZ18,long,Limit,815,-4.5323,2.44,67123400
2018-11-13 19:28:49,EOSZ18,long,Limit,5000,-4.6171,2.488,411600000
2018-11-13 19:36:17,EOSZ18,long,Limit,2074,-4.5855,2.712,170897600
2018-11-13 20:06:59,EOSZ18,long,Limit,5000,-4.3141,3.037,412900000
2018-11-14 05:44:16,EOSZ18,long,Limit,10000,2.1357,11.152,831701250
2018-11-14 06:05:16,BCHZ18,short,Limit,250,0.4886,0.064,1527500000
2018-11-14 06:23:13,EOSZ18,long,Limit,5286,2.8134,11.974,439440220
2018-11-14 08:18:48,BCHZ18,long,Limit,250,0.0,0.049,1387500000
2018-11-14 08:18:51,BCHZ18,long,Limit,250,1.8315,0.048,1390000000
2018-11-14 08:24:53,BCHZ18,long,Limit,250,0.565,0.026,1335000000
2018-11-14 08:26:30,BCHZ18,long,Limit,69,2.6769,0.04,370530000
2018-11-14 08:27:16,BCHZ18,long,Limit,181,1.912,0.054,964730000
2018-11-14 08:38:37,BCHZ18,short,Limit,250,1.3258,0.037,1302500000
2018-11-14 09:24:42,BCHZ18,long,Limit,250,-4.3413,0.156,1177910000
2018-11-14 09:26:48,BCHZ18,long,Limit,74,-0.8368,0.043,350760000
2018-11-14 09:31:07,BCHZ18,long,Limit,250,0.2599,0.11,1187500000
2018-11-14 09:31:40,BCHZ18,long,Limit,117,1.5578,0.03,560430000
2018-11-14 09:38:02,BCHZ18,long,Limit,5,0.0,0.132,23600000
2018-11-14 09:41:39,BCHZ18,long,Limit,4,-6.3559,0.192,17680000
2018-11-14 09:41:45,BCHZ18,long,Limit,250,-7.5169,0.193,1090180000
2018-11-14 09:47:36,BCHZ18,long,Limit,250,-6.4505,0.252,1097500000
2018-11-14 09:51:19,BCHZ18,long,Limit,250,-3.2016,0.145,1030980000
2018-11-14 09:54:17,BCHZ18,long,Limit,234,-6.8486,0.088,932930000
2018-11-14 10:01:07,BCHZ18,long,Limit,10,-1.6355,0.198,42100000
2018-11-14 10:01:52,BCHZ18,long,Limit,161,4.4229,0.16,678020000
2018-11-14 10:06:16,BCHZ18,long,Limit,101,-0.817,0.216,404000000
2018-11-14 10:06:40,BCHZ18,long,Limit,250,-0.4926,0.072,1010000000
2018-11-14 10:14:43,BCHZ18,long,Limit,250,1.906,0.175,1022500000
2018-11-14 10:20:31,BCHZ18,long,Limit,151,2.0774,0.267,608530000
2018-11-14 10:22:00,BCHZ18,long,Limit,96,6.1697,0.272,396480000
2018-11-14 10:35:15,BCHZ18,long,Limit,172,8.2262,0.451,724120000
2018-11-14 10:39:34,BCHZ18,long,Limit,78,10.2828,0.525,334620000
2018-11-14 10:42:26,BCHZ18,short,Limit,250,2.027,0.022,1087500000
2018-11-14 10:46:23,BCHZ18,short,Limit,250,2.2676,0.007,1077500000
2018-11-14 10:57:26,BCHZ18,long,Limit,250,1.9277,0.035,1057500000
2018-11-14 11:35:39,BCHZ18,short,Limit,170,3.1433,0.16,742900000
2018-11-14 12:07:03,BCHZ18,short,Limit,162,-2.6069,0.391,741960000
2018-11-14 12:09:02,BCHZ18,short,Limit,88,-1.3453,0.409,397760000
2018-11-14 14:38:49,BCHZ18,short,Limit,250,10.9649,2.543,1015000000
2018-11-14 16:32:22,ETHUSD,long,Limit,121692,-5.4403,0.233,2051727120
2018-11-14 16:36:10,ETHUSD,long,Limit,80000,-1.443,0.283,1405094085
2018-11-14 16:36:34,ETHUSD,long,Limit,198308,3.3036,0.254,3565577840
2018-11-14 16:43:57,XBTZ18,long,Limit,39888,1.6113,0.018,738885312
2018-11-14 16:45:09,XBTZ18,long,Limit,102358,2.4784,0.038,1879252718
2018-11-14 16:45:32,XBTZ18,long,Limit,184651,2.8692,0.045,3377266790
2018-11-14 16:46:20,XBTZ18,long,Limit,173103,2.3236,0.058,3182844861
2018-11-14 16:50:39,EOSZ18,long,Limit,1721,-5.5679,1.656,131931860
2018-11-14 17:01:55,EOSZ18,long,Limit,20000,-0.9293,0.828,1517032560
2018-11-14 17:06:58,EOSZ18,long,Limit,6111,2.3405,0.685,468716060
2018-11-14 17:15:20,ETHUSD,short,Limit,1692,1.6521,0.643,29919560
2018-11-14 17:22:22,EOSZ18,long,Limit,20000,5.1669,0.848,1552249340
2018-11-14 17:23:02,EOSZ18,long,Limit,12168,7.6349,0.745,945604130
2018-11-14 17:28:09,ETHUSD,long,Limit,8816,1.2446,0.214,157850480
2018-11-14 17:28:37,ETHUSD,long,Limit,181867,1.1708,0.221,3253600630
2018-11-14 17:29:00,ETHUSD,long,Limit,7624,1.1306,0.227,136393360
2018-11-14 17:36:46,BCHZ18,long,Limit,80,1.6667,0.075,341600000
2018-11-14 17:40:29,BCHZ18,long,Limit,142,3.3333,0.138,616280000
2018-11-14 17:41:05,ETHUSD,long,Limit,1,3.1374,0.428,18245
2018-11-14 17:42:08,ETHUSD,short,Limit,159168,0.7143,0.017,2883275545
2018-11-14 17:52:27,ETHUSD,short,Limit,76427,0.176,0.051,1399378370
2018-11-14 17:56:37,ETHUSD,short,Limit,123573,1.1701,0.114,2245321410
2018-11-14 18:49:20,ETHUSD,short,Limit,1,5.4802,0.984,17420
2018-11-14 19:44:38,ETHUSD,long,Limit,7476,-1.3777,0.922,128437680
2018-11-14 19:50:35,ETHUSD,long,Limit,200000,-1.7397,0.994,3420000000
2018-11-14 19:59:03,ETHUSD,long,Limit,40855,1.6374,0.483,710059900
2018-11-14 20:01:08,ETHUSD,long,Limit,150000,1.3163,0.516,2599500000
2018-11-14 20:01:29,ETHUSD,long,Limit,9145,1.2274,0.515,158391400
2018-11-14 20:21:41,ETHUSD,long,Limit,138252,1.9424,0.823,2382081960
2018-11-14 20:35:05,ETHUSD,long,Limit,150000,-4.1602,0.726,2457000000
2018-11-14 20:49:59,ETHUSD,long,Limit,7548,-1.8142,0.609,126881880
2018-11-14 20:50:29,ETHUSD,long,Limit,26715,-1.3458,0.583,450414900
2018-11-14 20:52:09,ETHUSD,long,Limit,33505,-1.1118,0.61,566234500
2018-11-14 20:53:39,ETHUSD,long,Limit,20022,-1.1608,0.635,338203840
2018-11-14 20:55:54,ETHUSD,long,Limit,119758,-0.7254,0.632,2032293260
2018-11-14 21:00:35,ETHUSD,long,Limit,52,0.468,0.7,893100
2018-11-14 21:00:35,ETHUSD,long,Limit,92119,0.4387,0.7,1581683230
2018-11-14 21:12:14,ETHUSD,long,Limit,79290,4.2583,0.774,1382203230
2018-11-14 21:13:33,ETHUSD,long,Limit,50000,4.8248,0.775,872500000
2018-11-14 21:21:37,ETHUSD,long,Limit,6643,5.4938,0.908,116717510
2018-11-14 21:22:08,ETHUSD,long,Limit,93176,4.6512,0.614,1634321240
2018-11-14 21:22:37,ETHUSD,long,Limit,101954,4.3028,0.513,1790312240
2018-11-14 21:52:04,ETHUSD,long,Limit,1,3.8969,0.839,17730
2018-11-14 22:00:33,ETHUSD,short,Limit,9285,0.9024,0.141,163137450
2018-11-14 22:02:49,BCHZ18,long,Limit,2,8.5847,3.674,9360000
2018-11-14 22:03:41,BCHZ18,long,Limit,81,7.4246,3.686,375030000
2018-11-14 22:05:32,BCHZ18,long,Limit,4,7.1926,3.717,18480000
2018-11-14 22:14:44,ETHUSD,short,Limit,1,1.9459,0.377,17385
2018-11-14 22:19:10,ETHUSD,long,Limit,15229,0.4215,0.074,265898340
2018-11-14 22:19:36,ETHUSD,long,Limit,182779,0.4633,0.071,3193149130
2018-11-14 22:21:29,BCHZ18,long,Limit,33,7.8886,3.983,153450000
2018-11-14 22:25:46,ETHUSD,short,Limit,21782,0.5544,0.031,382709740
2018-11-14 22:26:34,ETHUSD,short,Limit,49301,0.5093,0.043,866711580
2018-11-14 22:28:48,BCHZ18,long,Limit,81,6.9606,4.131,373410000
2018-11-14 22:32:15,BCHZ18,long,Limit,48,6.7285,4.162,220800000
2018-11-14 22:34:38,ETHUSD,short,Limit,22060,0.7988,0.082,387153000
2018-11-14 22:52:35,ETHUSD,short,Limit,80000,0.8092,0.35,1404000000
2018-11-14 22:53:04,ETHUSD,short,Limit,40000,0.7682,0.261,701800000
2018-11-14 22:53:09,ETHUSD,short,Limit,80000,1.0732,0.185,1401600000
2018-11-15 00:02:04,ETHUSD,short,Limit,1701,-0.4264,0.842,30056670
2018-11-15 00:11:26,ETHUSD,short,Limit,50000,-0.3202,1.002,882500000
2018-11-15 00:11:58,ETHUSD,short,Limit,3747,-0.2843,1.006,66097080
2018-11-15 00:13:01,ETHUSD,short,Limit,5941,-0.2274,1.024,104739830
2018-11-15 01:06:32,ETHUSD,short,Limit,200000,0.4267,1.591,3516000000
2018-11-15 01:30:49,XBTUSD,long,Limit,1,-12.868,137.261,17879
2018-11-15 02:03:11,ETHUSD,short,Limit,200000,1.3011,1.905,3509000000
2018-11-15 02:03:50,ETHUSD,short,Limit,200000,0.8746,0.93,3502971250
2018-11-15 02:06:06,XBTUSD,short,Limit,499999,0.2324,0.593,8960482079
2018-11-15 02:09:04,ETHUSD,short,Limit,21487,0.7217,0.054,375735395
2018-11-15 02:09:32,ETHUSD,short,Limit,3430,0.6246,0.06,60025000
2018-11-15 08:50:22,ETHUSD,short,Limit,100000,0.5653,0.632,1759000000
2018-11-15 08:53:18,ETHUSD,short,Limit,100000,0.7651,0.461,1753000000
2018-11-15 10:36:25,ETHUSD,short,Limit,18129,0.0153,0.06,315444600
2018-11-15 10:45:04,ETHUSD,short,Limit,99871,0.6039,0.19,1727620495
2018-11-15 10:52:45,BCHZ18,long,Limit,1,14.8492,16.504,4950000
2018-11-15 12:00:34,ETHUSD,short,Limit,100000,0.2324,0.07,1718000000
2018-11-15 12:00:52,ETHUSD,short,Limit,17270,0.464,0.051,296353200
2018-11-15 12:05:04,ETHUSD,short,Limit,82730,0.029,0.115,1425851550
2018-11-15 14:54:10,ETHUSD,short,Limit,1,2.6102,2.931,16790
2018-11-15 14:58:47,ETHUSD,long,Limit,20051,-0.5658,0.076,334751445
2018-11-15 15:00:58,ETHUSD,long,Limit,195766,-0.7418,0.11,3267334540
2018-11-15 15:07:25,ETHUSD,long,Limit,200000,2.4132,0.127,3394988070
2018-11-15 15:12:31,ETHUSD,long,Limit,1,5.4315,0.207,17470
2018-11-15 15:13:49,ETHUSD,short,Limit,199999,0.8014,0.022,3465982670
2018-11-15 15:16:27,ETHUSD,long,Limit,200000,0.5115,0.017,3474000000
2018-11-15 15:19:45,ETHUSD,long,Limit,1,0.8097,0.069,17430
2018-11-15 15:32:02,ETHUSD,short,Limit,50000,0.5164,0.204,867000000
2018-11-15 15:32:15,ETHUSD,short,Limit,675,0.7453,0.205,11677500
2018-11-15 15:32:19,ETHUSD,short,Limit,50000,0.4894,0.167,864250000
2018-11-15 15:32:24,ETHUSD,short,Limit,15582,1.0244,0.109,269351885
2018-11-15 15:32:33,ETHUSD,short,Limit,6539,0.8875,0.112,113190090
2018-11-15 15:32:42,ETHUSD,short,Limit,27878,0.7902,0.114,483041810
2018-11-15 15:59:03,BCHZ18,long,Limit,250,6.6507,0.287,1408140000
2018-11-15 17:02:37,BCHZ18,long,Limit,250,-5.0832,1.023,1316970000
2018-11-15 17:20:47,ETHUSD,long,Limit,1,0.981,1.801,17500
2018-11-15 18:07:37,ETHUSD,short,Limit,100000,0.2275,0.783,1745000000
2018-11-15 18:12:42,BCHZ18,long,Limit,250,20.58,0.801,1485000000
2018-11-15 18:16:54,BCHZ18,short,Limit,250,-2.1926,0.007,1581430000
2018-11-15 18:18:15,BCHZ18,short,Limit,250,3.2864,0.015,1545000000
2018-11-15 18:19:50,BCHZ18,long,Limit,250,0.2339,0.013,1522920000
2018-11-15 18:23:39,ETHUSD,short,Limit,100000,0.1109,1.001,1748694560
2018-11-15 18:23:57,BCHZ18,long,Limit,250,-2.1161,0.048,1458650000
2018-11-15 18:31:33,BCHZ18,long,Limit,250,-6.7438,0.11,1325000000
2018-11-15 18:33:32,BCHZ18,long,Limit,250,5.1112,0.036,1407500000
2018-11-15 18:34:01,BCHZ18,long,Limit,20,5.8161,0.032,112800000
2018-11-15 18:36:04,BCHZ18,long,Limit,1,8.4428,0.066,5780000
2018-11-15 18:37:57,BCHZ18,short,Limit,249,-1.7301,0.031,1464120000
2018-11-15 18:38:16,BCHZ18,long,Limit,1,1.7007,0.005,5980000
2018-11-15 18:39:24,BCHZ18,short,Limit,249,-0.1672,0.019,1491510000
2018-11-15 18:40:16,BCHZ18,long,Limit,1,-0.6678,0.014,5950000
2018-11-15 18:40:41,BCHZ18,short,Limit,175,3.1933,0.008,1008000000
2018-11-15 18:46:28,BCHZ18,short,Limit,174,2.0038,0.077,1021380000
2018-11-15 18:48:39,BCHZ18,long,Limit,1,1.0417,0.008,5820000
2018-11-15 18:49:40,BCHZ18,long,Limit,36,0.5208,0.025,208440000
2018-11-15 19:01:19,BCHZ18,short,Limit,71,2.639,0.128,404700000
2018-11-15 19:01:47,BCHZ18,short,Limit,2,2.906,0.129,11360000
2018-11-16 02:09:06,ETHUSD,short,Limit,1,-0.5131,8.71,17630
2018-11-16 09:42:13,ETHUSD,long,Limit,200000,-1.0626,4.473,3502000000
2018-11-16 09:42:20,ETHUSD,long,Limit,8246,-0.1427,0.155,144346230
2018-11-16 10:05:46,ETHUSD,long,Limit,103489,0.298,0.544,1820542395
2018-11-16 10:07:45,ETHUSD,long,Limit,96511,0.2612,0.588,1696741080
2018-11-16 10:10:17,ETHUSD,long,Limit,200000,1.651,0.254,3537000000
2018-11-16 19:46:26,ETHUSD,long,Limit,100000,0.2888,0.012,1736000000
2018-11-17 17:15:35,ETHUSD,long,Limit,200000,-1.0355,21.192,3428062130
2018-11-17 18:11:49,XBTUSD,long,Limit,1,-1.9176,64.087,18272
2018-11-17 18:35:09,XBTUSD,short,Limit,199999,-0.2352,0.387,3645686186
2018-11-17 18:38:03,XBTUSD,long,Limit,1,-0.0091,0.048,18230
2018-11-18 00:46:44,XBTUSD,short,Limit,6247,-0.5378,6.145,113270604
2018-11-18 00:47:14,XBTUSD,short,Limit,193752,-0.7605,6.153,3505025761
2018-11-18 00:48:13,XBTUSD,long,Limit,6247,-0.0838,0.017,113108182
2018-11-18 05:38:18,XRPZ18,short,Limit,194407,-0.3193,0.138,1805497623
2018-11-18 05:38:40,XRPZ18,short,Limit,5593,-0.7993,0.144,52193876
2018-11-18 05:40:06,ETHUSD,long,Limit,65847,1.2374,4.823,1150582525
2018-11-18 05:52:02,ETHUSD,long,Limit,134153,1.2356,5.015,2344091930
2018-11-18 06:17:28,XRPZ18,short,Limit,100000,-0.6085,0.173,937570205
2018-11-18 06:39:05,XRPZ18,short,Limit,93054,0.9121,0.537,859260636
2018-11-18 06:39:33,XRPZ18,short,Limit,55404,0.9012,0.537,511657040
2018-11-18 06:48:16,XRPZ18,short,Limit,131806,1.6165,0.548,1212784761
2018-11-18 06:48:44,XRPZ18,short,Limit,19736,1.6403,0.469,181906712
2018-11-18 20:06:13,ETHUSD,long,Limit,106042,-1.5426,1.072,1862605560
2018-11-18 20:07:27,ETHUSD,long,Limit,200000,-1.4173,1.053,3508000000
2018-11-18 20:08:25,ETHUSD,long,Limit,116290,-0.9465,0.924,2042052400
2018-11-18 20:09:06,ETHUSD,long,Limit,15604,-0.5387,0.482,273694160
2018-11-18 20:10:20,ETHUSD,long,Limit,47570,-0.5728,0.494,834096470
2018-11-18 20:10:30,ETHUSD,long,Limit,114494,-0.632,0.496,2006507350
2018-11-18 23:10:05,XBTUSD,long,Limit,1,0.4523,22.381,18010
2018-11-19 04:26:53,XBTUSD,short,Limit,7607,0.9095,5.271,138257225
2018-11-19 04:27:13,XBTUSD,long,Limit,1,-0.0091,0.003,18177
2018-11-19 04:54:03,XRPZ18,short,Limit,140751,0.5169,7.518,1252021665
2018-11-19 05:16:18,XRPZ18,short,Limit,109250,0.8672,7.696,969156750
2018-11-19 05:18:57,ETHUSD,long,Limit,1,-5.4989,9.629,16670
2018-11-19 05:30:49,XBTUSD,short,Limit,161624,0.5912,0.206,2969679376
2018-11-19 05:30:55,ETHUSD,short,Limit,79358,0.7216,0.199,1314423550
2018-11-19 05:37:38,ETHUSD,short,Limit,120642,0.4227,0.289,2005070040
2018-11-19 05:37:51,XBTUSD,short,Limit,38376,0.2284,0.297,702856440
2018-11-19 05:51:31,ETHUSD,short,Limit,4138,-0.6542,0.035,66745940
2018-11-19 05:52:54,ETHUSD,short,Limit,200000,-1.1778,0.057,3243000000
2018-11-19 05:53:53,ETHUSD,short,Limit,32348,-0.8138,0.059,524552170
2018-11-19 05:54:10,ETHUSD,short,Limit,14005,-1.0213,0.063,227581250
2018-11-19 05:54:51,ETHUSD,short,Limit,108936,-0.777,0.076,1766940880
2018-11-19 05:55:38,ETHUSD,short,Limit,40574,-0.6088,0.088,658516020
2018-11-19 06:02:13,ETHUSD,long,Limit,200000,-0.2651,0.055,3244572785
2018-11-19 06:08:55,ETHUSD,long,Limit,42595,0.0279,0.134,689613050
2018-11-19 06:10:51,ETHUSD,long,Limit,157405,0.0045,0.178,2548386950
2018-11-19 06:33:52,ETHUSD,long,Limit,200000,0.6603,0.152,3229701235
2018-11-19 13:44:48,ETHUSD,long,Limit,200000,-2.0075,0.618,3010331015
2018-11-19 13:51:44,ETHUSD,long,Limit,200000,1.5769,0.394,3092000000
2018-11-19 13:51:45,ETHUSD,long,Limit,1,1.774,0.394,15490
2018-11-19 13:52:45,ETHUSD,short,Limit,4549,0.8393,0.017,69872640
2018-11-19 14:36:33,XBTUSD,short,Limit,1,7.2453,9.273,19701
2018-11-19 14:55:37,XBTUSD,long,Limit,199999,0.7879,0.318,3908180459
2018-11-19 14:55:52,ETHUSD,long,Limit,200000,0.3913,0.997,3084000000
2018-11-19 14:56:09,ETHUSD,long,Limit,2185,0.3906,0.987,33692700
2018-11-19 16:33:35,XBTUSD,short,Limit,1,2.1495,1.633,19970
2018-11-19 16:39:39,XBTUSD,long,Limit,199999,0.7542,0.1,3964167480
2018-11-19 16:39:52,ETHUSD,long,Limit,300,1.7282,0.111,4569000
2018-11-19 16:41:40,ETHUSD,long,Limit,199700,1.7452,0.116,3062629110
2018-11-19 17:02:18,XBTUSD,short,Limit,1,0.0,0.377,19822
2018-11-19 17:07:18,XBTUSD,long,Limit,199999,0.4856,0.086,3945180274
2018-11-19 17:20:27,XBTUSD,short,Limit,1,0.8581,0.214,19897
2018-11-19 17:32:40,ETHUSD,long,Limit,10789,-0.3065,0.501,164472620
2018-11-19 17:34:03,ETHUSD,long,Limit,60389,-0.6852,0.504,919120580
2018-11-19 18:10:49,ETHUSD,long,Limit,100000,0.0313,1.123,1533000000
2018-11-19 18:11:40,ETHUSD,long,Limit,11873,1.2114,0.154,182295550
2018-11-19 18:15:07,XBTUSD,long,Limit,199999,0.6989,0.911,3951380243
2018-11-19 18:32:27,XBTUSD,short,Limit,1,1.4324,0.289,20044
2018-11-19 19:17:02,ETHUSD,long,Limit,200000,-0.5809,0.052,3019105615
2018-11-19 20:01:01,XBTUSD,long,Limit,200000,-0.2806,1.476,4020200000
2018-11-19 20:01:04,XBTUSD,long,Limit,199999,1.1419,0.78,4019703201
2018-11-19 20:01:55,ETHUSD,long,Limit,55021,0.5736,0.668,849097760
2018-11-19 20:02:49,ETHUSD,long,Limit,147519,-0.0736,0.682,2263377310
2018-11-19 20:45:29,XBTUSD,short,Limit,1,0.8242,0.74,20270
2018-11-19 20:56:08,XBTUSD,long,Limit,38624,-0.3211,0.178,785413396
2018-11-19 20:56:35,XBTUSD,long,Limit,161374,-0.3362,0.186,3281701664
2018-11-19 21:04:29,XBTUSD,long,Limit,200000,0.8122,0.089,4071792596
2018-11-19 21:27:29,ETHUSD,long,Limit,200000,-0.9201,0.459,2963478930
2018-11-19 21:31:39,XBTUSD,long,Limit,82255,-0.3324,0.328,1689685304
2018-11-19 21:52:02,XBTUSD,long,Limit,200000,-2.7314,0.639,4220729238
2018-11-19 21:52:37,XBTUSD,long,Limit,200000,-1.8726,0.483,4207731599
2018-11-19 21:53:39,XBTUSD,long,Limit,200000,-0.7799,0.274,4197273446
2018-11-19 21:57:22,ETHUSD,long,Limit,200000,-1.2243,0.514,2922721960
2018-11-19 21:58:17,ETHUSD,long,Limit,60557,1.7968,0.208,892004610
2018-11-19 21:59:06,XBTUSD,long,Limit,200000,0.7779,0.201,4180246505
2018-11-19 21:59:40,ETHUSD,long,Limit,139443,1.7302,0.231,2052652020
2018-11-19 22:04:30,XBTUSD,long,Limit,115591,0.5352,0.168,2426900507
2018-11-19 22:05:27,XBTUSD,long,Limit,84409,0.7012,0.183,1769307706
2018-11-19 22:06:10,XBTUSD,long,Limit,200000,0.4545,0.086,4184902928
2018-11-19 22:08:40,XBTUSD,long,Limit,200000,1.517,0.11,4164183508
2018-11-19 22:35:54,XBTUSD,long,Limit,200000,0.3899,0.061,4198600000
2018-11-19 22:36:28,ETHUSD,long,Limit,166691,0.4147,0.058,2438429130
2018-11-19 22:37:09,ETHUSD,long,Limit,33309,0.2632,0.062,486589480
2018-11-19 22:37:44,XBTUSD,long,Limit,1,1.2118,0.091,20822
2018-11-19 22:42:54,XBTUSD,short,Limit,200000,0.4528,0.086,4184200000
2018-11-19 22:42:54,XBTUSD,short,Limit,199999,0.3752,0.085,4183388210
2018-11-19 22:56:29,XBTUSD,long,Limit,1,0.4391,0.226,20818
2018-11-19 23:13:06,XBTUSD,short,Stop,133160,-0.7458,0.277,2751578320
2018-11-20 11:05:39,XBTUSD,short,Limit,1,8.9726,12.151,22870
2018-11-20 11:20:13,XBTUSD,long,Limit,200000,0.1944,0.24,4565200000
2018-11-20 11:39:07,XBTUSD,long,Limit,28923,0.6885,0.444,659213016
2018-11-20 11:39:56,XBTUSD,long,Limit,48407,0.8032,0.458,1102033762
2018-11-20 12:01:40,XBTUSD,long,Limit,200000,-0.0312,0.72,4587200000
2018-11-20 12:06:13,XBTUSD,long,Limit,200000,0.3396,0.456,4571400000
2018-11-20 12:12:07,XBTUSD,long,Limit,190243,1.789,0.283,4313942633
2018-11-20 12:14:06,XBTUSD,long,Limit,19514,1.7867,0.197,441241568
2018-11-20 12:34:03,XBTUSD,long,Limit,200000,0.7209,0.046,4531432300
2018-11-20 13:32:08,XBTUSD,long,Limit,100000,0.587,0.194,2277900000
2018-11-20 13:32:36,XBTUSD,long,Limit,552,0.5842,0.201,12572352
2018-11-20 14:36:23,XBTUSD,long,Limit,1,3.7686,1.264,22077
2018-11-20 15:00:40,XBTUSD,short,Limit,200000,-2.4911,0.405,4326600000
2018-11-20 15:00:53,XBTUSD,short,Limit,200000,-1.4843,0.155,4333600000
2018-11-20 15:01:54,XBTUSD,short,Limit,200000,-0.8527,0.122,4336000000
2018-11-20 15:10:40,XBTUSD,short,Limit,200000,-0.9462,0.262,4309400000
2018-11-20 15:11:23,XBTUSD,short,Limit,200000,0.5438,0.251,4326874375
2018-11-20 15:13:10,XBTUSD,short,Limit,165236,0.594,0.147,3590082572
2018-11-20 15:15:53,XBTUSD,short,Limit,34762,0.6371,0.191,755621594
2018-11-20 15:54:24,XBTUSD,short,Limit,200000,-1.1792,0.827,4252590834
2018-11-20 16:04:54,XBTUSD,short,Limit,200000,-1.7174,0.656,4249022000
2018-11-20 16:05:52,XBTUSD,short,Limit,200000,-0.0664,0.229,4264431817
2018-11-20 16:09:29,ETHUSD,short,Limit,200000,0.4575,0.261,2831557910
2018-11-20 16:09:44,XBTUSD,short,Limit,200000,1.3558,0.274,4281922707
2018-11-20 16:21:03,ETHUSD,short,Limit,141186,0.8468,0.072,1990663120
2018-11-20 16:36:11,ETHUSD,short,Limit,58814,1.4065,0.322,824572280
2018-11-20 16:36:14,XBTUSD,short,Limit,100000,2.0719,0.589,2148000000
2018-11-20 16:45:07,XBTUSD,short,Limit,100000,2.4627,0.738,2156300000
2018-11-20 16:45:14,XBTUSD,short,Limit,94205,1.0796,0.472,2030306160
2018-11-20 16:45:27,XBTUSD,short,Limit,5795,1.0127,0.476,124812710
2018-11-20 17:08:58,ETHUSD,short,Limit,200000,0.6199,0.105,2821369075
2018-11-20 17:11:28,XBTUSD,short,Limit,200000,1.1201,0.905,4312200000
2018-11-20 17:14:49,XBTUSD,short,Limit,151496,0.8626,0.258,3275793380
2018-11-20 17:15:34,XBTUSD,short,Limit,48504,0.8574,0.27,1048753488
2018-11-20 17:16:58,ETHUSD,short,Limit,1,2.2183,0.229,13885
2018-11-20 17:24:18,XBTUSD,short,Limit,1,2.1329,0.416,21903
2018-11-20 17:30:05,ETHUSD,long,Limit,200000,-0.8653,0.219,2757110530
2018-11-20 17:30:53,ETHUSD,long,Limit,6629,0.7267,0.093,91877940
2018-11-20 17:34:27,XBTUSD,long,Limit,200000,-0.7662,0.169,4404849323
2018-11-20 17:39:07,XBTUSD,long,Limit,200000,-0.7342,0.234,4416000000
2018-11-20 17:40:34,XBTUSD,long,Limit,200000,0.1684,0.096,4410048206
2018-11-20 17:44:11,ETHUSD,short,Limit,1,1.7677,0.222,13615
2018-11-20 17:45:13,XBTUSD,long,Limit,200000,-0.3721,0.146,4437000000
2018-11-20 17:45:23,ETHUSD,long,Limit,100000,0.4774,0.02,1368000000
2018-11-20 17:46:57,ETHUSD,long,Limit,720,0.6978,0.046,9871200
2018-11-20 17:52:42,XBTUSD,long,Limit,200000,-0.5793,0.268,4459371473
2018-11-20 17:52:53,ETHUSD,long,Limit,99279,0.1102,0.145,1353172770
2018-11-20 17:53:10,ETHUSD,short,Limit,721,-0.1797,0.004,9844885
2018-11-20 17:53:44,XBTUSD,long,Limit,113253,-0.5299,0.195,2518979982
2018-11-20 17:58:29,XBTUSD,long,Limit,200000,-0.7593,0.257,4476887602
2018-11-20 17:59:07,XBTUSD,long,Limit,6747,-0.6128,0.254,151281234
2018-11-20 18:03:35,XBTUSD,long,Limit,12088,-0.1114,0.328,269671192
2018-11-20 18:04:14,XBTUSD,long,Limit,200000,-0.078,0.284,4460400000
2018-11-20 18:07:17,XBTUSD,long,Limit,200000,0.7038,0.232,4432200000
2018-11-20 18:07:24,XBTUSD,long,Limit,199999,1.1795,0.12,4435943994
2018-11-20 18:07:38,ETHUSD,long,Limit,100000,0.6899,0.068,1360000000
2018-11-20 18:08:01,ETHUSD,long,Limit,53805,0.9782,0.039,730728655
2018-11-20 18:10:35,ETHUSD,long,Limit,46197,1.0391,0.084,627355260
2018-11-20 18:10:53,XBTUSD,short,Limit,173262,0.3864,0.003,3826837794
2018-11-20 18:11:04,ETHUSD,long,Limit,68400,0.6889,0.045,931363500
2018-11-20 18:11:14,ETHUSD,long,Limit,54457,0.3803,0.047,739128080
2018-11-20 18:12:07,XBTUSD,long,Limit,26738,0.2209,0.021,589278782
2018-11-20 18:12:25,ETHUSD,long,Limit,77142,0.1673,0.063,1043931785
2018-11-20 18:14:09,XBTUSD,short,Limit,122851,0.2865,0.034,2715252802
2018-11-20 18:21:44,XBTUSD,short,Limit,200000,0.6638,0.102,4432200000
2018-11-20 18:31:19,ETHUSD,short,Limit,1,0.4435,0.315,13470
2018-11-20 18:33:21,XBTUSD,short,Limit,1,1.3649,0.296,22319
2018-11-20 18:34:07,XBTUSD,long,Limit,179654,0.338,0.012,3994119789
2018-11-20 18:34:39,ETHUSD,long,Limit,3113,0.5939,0.055,42181150
2018-11-20 18:38:18,ETHUSD,long,Limit,96886,0.7474,0.116,1314807795
2018-11-20 18:51:34,XBTUSD,short,Limit,200000,0.4286,0.006,4398000000
2018-11-20 20:21:39,XBTZ18,short,Limit,200000,10.6441,1.328,4918200000
2018-11-20 20:22:04,ETHUSD,short,Limit,1,8.0324,1.729,12480
2018-11-20 20:22:58,XBTZ18,short,Limit,1,11.4615,1.343,24823
2018-11-20 20:26:15,XBTZ18,long,Limit,198812,2.0269,0.046,4850813988
2018-11-20 20:26:20,ETHUSD,long,Limit,200000,1.6518,0.069,2542383765
2018-11-20 20:37:52,XBTZ18,short,Limit,1187,-1.0492,0.192,28661302
2018-11-20 20:50:57,XBTUSD,short,Limit,200000,0.5282,0.019,4719800000
2018-11-20 21:02:04,XBTUSD,short,Limit,32511,0.3292,0.02,767032023
2018-11-20 21:04:37,XBTUSD,short,Limit,199999,0.946,0.05,4744976275
2018-11-20 21:11:59,ETHUSD,long,Limit,104272,-0.289,0.035,1353697505
2018-11-20 21:12:33,ETHUSD,long,Limit,95728,-0.0575,0.044,1245661535
2018-11-20 21:14:23,XBTUSD,long,Limit,1,4.8161,0.16,22635
2018-11-20 21:16:10,XBTUSD,short,Limit,199999,0.8035,0.03,4563577182
2018-11-20 21:19:43,XBTUSD,long,Limit,1,-0.3423,0.059,22896
2018-11-20 21:21:18,XBTUSD,short,Limit,199999,-0.726,0.026,4546239797
2018-11-20 21:21:39,XBTUSD,long,Limit,1,0.4206,0.006,22640
2018-11-20 21:27:07,XBTUSD,short,Limit,199999,1.7561,0.091,4610976945
2018-11-21 03:43:43,XBTUSD,long,Limit,200000,0.9773,0.048,4464847759
2018-11-21 04:10:05,XBTUSD,long,Limit,1,-0.4734,0.487,22650
2018-11-21 04:59:47,XBTUSD,short,Limit,143600,-0.9626,0.829,3221522400
2018-11-21 08:56:30,XBTUSD,short,Limit,73634,-4.4612,4.754,1596568042
2018-11-21 08:56:51,XBTUSD,short,Limit,126366,-4.2438,4.454,2742647664
2018-11-21 09:02:37,XBTUSD,short,Limit,200000,-2.6253,4.182,4381200000
2018-11-21 09:13:17,XBTUSD,short,Limit,200000,0.7613,0.429,4383600000
2018-11-21 09:38:24,XBTUSD,short,Limit,200000,1.4094,0.713,4365000000
2018-11-21 11:22:48,XBTUSD,short,Limit,200000,0.7186,2.219,4386400000
2018-11-21 11:24:12,XBTUSD,short,Limit,200000,1.4908,1.884,4405147154
2018-11-21 17:15:39,XBTUSD,short,Limit,1,4.3931,7.742,22691
2018-11-21 17:16:04,XBTUSD,long,Limit,199999,0.3142,0.007,4523777381
2018-11-21 17:22:10,XBTUSD,short,Limit,1,1.097,0.101,22870
2018-11-21 17:25:11,XBTUSD,long,Limit,199999,0.393,0.051,4555777221
2018-11-21 17:50:43,XBTUSD,short,Limit,200000,-0.2264,0.144,4517200000
2018-11-21 18:05:32,XBTUSD,short,Limit,23812,0.7212,0.278,540556212
2018-11-21 18:19:30,XBTUSD,short,Limit,42168,0.0902,0.511,951225744
2018-11-21 18:25:47,XBTUSD,short,Limit,157832,0.4417,0.59,3572842984
2018-11-21 18:44:25,XBTUSD,short,Limit,115993,-0.1126,0.487,2609494521
2018-11-21 19:02:32,XBTUSD,short,Limit,115993,0.8251,0.697,2633157093
2018-11-21 19:09:57,XBTUSD,short,Limit,200000,1.3727,0.509,4548610075
2018-11-21 21:40:36,XBTUSD,short,Limit,1,1.0634,2.967,22627
2018-11-21 21:41:49,XBTUSD,long,Limit,199999,1.2468,0.02,4469241808
2018-11-21 21:42:33,XBTUSD,short,Limit,1,0.4359,0.012,22449
2018-11-21 21:48:33,XBTUSD,long,Limit,200000,-0.1283,0.1,4491800000
2018-11-21 21:50:48,XBTUSD,long,Limit,77750,0.3937,0.095,1742299750
2018-11-21 21:51:46,XBTUSD,long,Limit,122248,0.27,0.111,2742878376
2018-11-22 15:45:38,XBTUSD,long,Limit,200000,0.338,0.914,4481200000
2018-11-22 16:02:16,XBTUSD,long,Limit,400000,-0.1007,0.991,9004800000
2018-11-22 19:17:17,XBTUSD,long,Limit,1,-0.4501,4.004,22609
2018-11-22 19:37:48,XBTUSD,short,Limit,200000,0.4488,0.342,4542177623
2018-11-22 19:39:14,XBTUSD,short,Limit,23150,0.3732,0.329,525528150
2018-11-22 19:40:10,XBTUSD,short,Limit,176848,0.4184,0.328,4016571776
2018-11-22 23:19:39,XBTUSD,short,Limit,200000,1.6987,0.58,4613600000
2018-11-22 23:21:34,XBTUSD,short,Limit,108386,-0.0788,0.016,2487674812
2018-11-22 23:22:10,XBTUSD,short,Limit,200000,-0.016,0.015,4584600000
2018-11-22 23:22:21,XBTUSD,short,Limit,1614,0.0,0.009,36954144
2018-11-22 23:25:56,XBTUSD,short,Limit,1,1.5799,0.069,23264
2018-11-22 23:26:33,XBTUSD,long,Limit,199999,-0.0233,0.011,4653776731
2018-11-22 23:27:55,XBTUSD,short,Limit,1,0.8261,0.021,23463
2018-11-22 23:28:29,XBTUSD,long,Limit,199999,0.61,0.009,4664776676
2018-11-22 23:35:12,XBTUSD,short,Limit,200000,0.2905,0.018,4662000000
2018-11-22 23:43:04,XBTUSD,short,Limit,94880,0.3909,0.094,2213921810
2018-11-22 23:51:47,XBTUSD,short,Limit,195617,0.2905,0.201,4559832270
2018-11-22 23:53:03,XBTUSD,short,Limit,200000,0.635,0.065,4666261757
2018-11-22 23:58:21,XBTZ18,short,Limit,1340,8.0805,39.055,31825300
2018-11-22 23:58:26,XBTZ18,short,Limit,198661,7.945,39.046,4710914386
2018-11-23 00:01:22,XBTZ18,long,Limit,1338,0.8298,0.046,31460394
2018-11-23 00:11:49,XBTUSD,short,Limit,200000,-0.2664,0.086,4652293228
2018-11-23 01:04:50,XBTUSD,short,Limit,200000,1.0103,0.854,4683800000
2018-11-23 01:20:50,XBTUSD,short,Limit,1,4.0223,1.12,24155
2018-11-23 01:21:17,XBTUSD,long,Limit,122993,0.4831,0.008,2956505734
2018-11-23 01:21:53,XBTUSD,long,Limit,66005,0.644,0.016,1584121994
2018-11-23 01:22:09,XBTUSD,long,Limit,11000,0.6646,0.021,263944052
2018-11-23 01:25:04,ETHUSD,long,Limit,200000,0.5348,0.034,2364579900
2018-11-23 01:36:04,ETHUSD,long,Limit,1,1.5306,0.215,11940
2018-11-23 01:39:33,ETHUSD,short,Limit,199999,0.5173,0.058,2375988120
2018-11-23 02:18:32,XBTUSD,long,Limit,1,1.4493,0.96,23810
2018-11-23 02:19:25,XBTUSD,short,Limit,17869,0.2976,0.015,426729589
2018-11-23 02:20:38,XBTUSD,short,Limit,182130,0.1797,0.035,4343618370
2018-11-23 03:27:30,ETHUSD,long,Limit,200000,0.4458,0.295,2460000000
2018-11-23 03:27:43,XBTUSD,long,Limit,136679,0.3432,0.187,3223574215
2018-11-23 03:37:10,ETHUSD,long,Limit,145519,1.5062,0.371,1802980410
2018-11-23 03:37:56,ETHUSD,long,Limit,54481,1.2851,0.382,673929970
2018-11-23 04:20:22,XBTUSD,long,Limit,200000,-0.1909,0.911,4738800000
2018-11-23 04:20:30,ETHUSD,long,Limit,200000,1.052,0.491,2461000000
2018-11-23 04:20:40,XBTUSD,long,Limit,200000,0.3011,0.406,4736388344
2018-11-23 05:25:33,ETHUSD,long,Limit,200000,1.1952,0.041,2428776635
2018-11-23 05:26:29,XBTUSD,long,Limit,200000,0.5043,0.05,4787600000
2018-11-23 05:27:10,XBTUSD,long,Limit,200000,1.1425,0.044,4756200000
2018-11-23 05:27:14,XBTUSD,long,Limit,200000,0.7554,0.036,4767597000
2018-11-23 05:29:07,XBTUSD,long,Limit,200000,0.4862,0.018,4756655407
2018-11-23 05:44:19,XBTUSD,long,Limit,26781,1.0042,0.148,633933051
2018-11-23 05:45:59,XBTUSD,long,Limit,200000,1.144,0.171,4728024611
2018-11-23 05:46:05,ETHUSD,long,Limit,200000,0.9202,0.116,2456000000
2018-11-23 05:46:12,XBTUSD,long,Limit,173220,1.172,0.144,4095094020
2018-11-23 05:46:24,XBTUSD,short,Limit,26780,-0.1182,0.003,632356140
2018-11-23 05:46:32,ETHUSD,long,Limit,1013,1.2331,0.056,12470030
2018-11-23 06:56:59,XBTUSD,long,Limit,200000,0.9416,1.097,4700738630
2018-11-23 06:57:08,XBTUSD,long,Limit,200000,1.1813,1.058,4697933819
2018-11-23 06:57:30,ETHUSD,long,Limit,81074,0.8909,1.06,999170765
2018-11-23 06:57:45,ETHUSD,long,Limit,118926,0.7235,0.958,1461600540
2018-11-23 17:33:56,ETHUSD,long,Limit,200000,0.8088,0.284,2368000000
2018-11-24 00:47:02,XBTUSD,long,Limit,1,3.4462,18.887,22975
2018-11-24 00:50:11,XBTUSD,short,Limit,200000,-0.0903,0.052,4589800000
2018-11-24 00:50:43,XBTUSD,short,Limit,199999,0.3679,0.037,4595063080
2018-11-24 01:03:24,XBTUSD,long,Limit,1,-0.3331,0.211,23052
2018-11-24 03:23:03,XBTUSD,short,Limit,199818,0.8421,2.328,4645310034
2018-11-24 03:23:42,XBTUSD,short,Limit,8611,0.7495,2.301,200024919
2018-11-24 03:24:00,XBTUSD,short,Limit,41570,0.7361,2.305,965486460
2018-11-24 16:17:47,XBTUSD,short,Limit,250000,2.5346,11.808,5942356771
2018-11-24 16:37:36,XBTUSD,short,Limit,46473,0.3554,0.076,1104802629
2018-11-24 16:41:01,XBTUSD,long,Limit,1,0.0832,0.057,23753
2018-11-24 16:54:37,XBTUSD,short,Limit,248260,0.3116,0.226,5915313866
2018-11-24 16:55:14,XBTUSD,short,Limit,1739,0.2138,0.234,41395156
2018-11-24 19:39:37,XBTUSD,long,Limit,1,-0.607,2.74,23949
2018-11-24 19:40:34,XBTUSD,short,Limit,249999,0.5733,0.016,6021855183
2018-11-24 19:41:13,XBTUSD,long,Limit,1,-0.5542,0.011,24228
2018-11-24 19:41:33,XBTUSD,short,Limit,249999,-0.218,0.006,6043725825
2018-11-24 19:41:58,XBTUSD,long,Limit,98472,0.3159,0.005,2372739759
2018-11-24 19:42:45,XBTUSD,long,Limit,151528,0.3753,0.018,3649097296
2018-11-24 19:44:11,XBTUSD,long,Limit,1,0.4472,0.042,24067
2018-11-24 19:51:21,XBTUSD,short,Limit,120537,0.2032,0.118,2906773776
2018-11-24 19:51:21,XBTUSD,short,Limit,120537,0.2407,0.117,2907955125
2018-11-24 19:52:20,XBTUSD,short,Limit,129463,0.4124,0.045,3125236820
2018-11-24 20:09:57,XBTUSD,short,Limit,250000,0.7833,0.238,6068039714
2018-11-24 20:52:49,XBTUSD,short,Limit,135494,0.0178,0.643,3277122473
2018-11-24 21:13:18,XBTUSD,short,Limit,250000,0.805,0.808,6075364870
2018-11-24 21:18:11,XBTUSD,short,Limit,250000,1.6401,0.484,6127632171
2018-11-24 21:21:10,XBTUSD,short,Limit,1,4.5778,0.279,25316
2018-11-24 21:22:35,XBTUSD,long,Limit,249999,0.1286,0.017,6357224571
2018-11-24 21:22:37,XBTUSD,long,Limit,250000,-0.5136,0.022,6372187535
2018-11-24 21:25:09,XBTUSD,short,Limit,1,1.4749,0.041,25810
2018-11-24 21:26:27,XBTUSD,long,Limit,249999,0.6836,0.022,6404474382
2018-11-24 21:27:52,ETHUSD,long,Limit,34524,0.2098,0.081,393055590
2018-11-24 21:28:48,XBTUSD,short,Limit,1,0.538,0.039,25757
2018-11-24 21:30:25,XBTUSD,long,Limit,250000,-0.5626,0.027,6475592131
2018-11-24 21:30:44,XBTUSD,long,Limit,249999,1.2095,0.01,6439224243
2018-11-24 21:34:28,XBTUSD,short,Limit,1,2.3696,0.061,26382
2018-11-24 21:35:45,XBTUSD,long,Limit,249999,0.4318,0.022,6557473770
2018-11-24 21:36:42,XBTUSD,short,Limit,1,0.8262,0.013,26448
2018-11-24 21:40:59,XBTUSD,long,Limit,167336,2.106,0.072,4332329040
2018-11-24 21:41:50,XBTUSD,long,Limit,82662,0.9241,0.085,2162520582
2018-11-24 21:51:20,XBTUSD,long,Limit,250000,-0.6754,0.111,6651421426
2018-11-24 21:51:35,XBTUSD,long,Limit,250000,1.3858,0.098,6597649116
2018-11-24 21:52:22,XBTUSD,long,Limit,250000,0.5472,0.009,6613750000
2018-11-24 21:58:37,ETHUSD,long,Limit,100476,-2.7662,0.587,1105236000
2018-11-24 21:58:38,XBTUSD,long,Limit,250000,0.5582,0.019,6622500000
2018-11-24 21:59:35,XBTUSD,long,Limit,1,1.4506,0.035,26236
2018-11-24 22:00:34,ETHUSD,long,Limit,100000,-1.4537,0.577,1106173135
2018-11-24 22:01:37,XBTUSD,short,Limit,249999,0.9077,0.034,6622473510
2018-11-24 22:02:55,ETHUSD,long,Limit,74689,-0.7188,0.513,825313450
2018-11-24 22:03:25,ETHUSD,long,Limit,3441,-0.4168,0.52,38138690
2018-11-24 22:04:09,ETHUSD,long,Limit,24981,-0.4513,0.532,276783880
2018-11-24 22:04:48,ETHUSD,long,Limit,9280,-0.54,0.543,102681075
2018-11-24 22:05:02,ETHUSD,long,Limit,87609,-0.6733,0.547,968079450
2018-11-24 22:19:38,XBTUSD,long,Limit,1,-0.3179,0.299,26575
2018-11-24 22:22:02,XBTUSD,short,Limit,249999,0.3512,0.035,6676479144
2018-11-24 22:24:20,XBTUSD,long,Limit,1,-0.5873,0.038,26853
2018-11-24 22:24:47,XBTUSD,short,Limit,150000,1.0932,0.008,4073250000
2018-11-24 22:26:17,XBTUSD,short,Limit,250000,0.0571,0.008,6758500000
2018-11-24 22:28:07,XBTUSD,short,Limit,250000,1.2087,0.025,6812000000
2018-11-24 22:31:08,XBTUSD,short,Limit,2206,1.1844,0.075,60093646
2018-11-24 22:31:32,XBTUSD,long,Limit,220600,0.2612,0.007,5994584400
2018-11-24 22:36:44,XBTUSD,long,Limit,29400,0.3578,0.093,797633564
2018-11-24 23:09:59,ETHUSD,long,Limit,200000,0.4812,0.699,2196005700
2018-11-24 23:14:12,ETHUSD,long,Limit,17680,3.477,0.723,197308800
2018-11-24 23:14:37,ETHUSD,long,Limit,182320,3.0757,0.729,2028829955
2018-11-24 23:16:20,XBTUSD,long,Limit,1,2.6087,0.75,26483
2018-11-24 23:19:17,ETHUSD,long,Limit,1,5.1389,0.803,11355
2018-11-24 23:19:49,XBTUSD,short,Limit,250000,-1.3241,0.058,6536006000
2018-11-24 23:20:40,XBTUSD,short,Limit,250000,0.3257,0.051,6536000000
2018-11-24 23:20:52,ETHUSD,short,Limit,15448,1.2448,0.025,173172080
2018-11-24 23:23:14,XBTUSD,short,Limit,249999,1.2591,0.077,6561723753
2018-11-24 23:25:56,XBTUSD,long,Limit,1,0.3281,0.044,26161
2018-11-24 23:30:05,XBTUSD,short,Limit,54205,0.8472,0.069,1430169662
2018-11-24 23:46:17,XBTUSD,long,Limit,1,0.6729,0.27,26212
2018-11-24 23:52:23,XBTUSD,short,Limit,249999,0.8009,0.107,6605972625
2018-11-25 00:09:56,XBTUSD,long,Limit,1,0.7926,0.278,26212
2018-11-25 00:25:59,XBTUSD,short,Limit,249999,0.5898,0.266,6591973632
2018-11-25 01:49:22,XBTUSD,long,Limit,1,0.2769,1.39,26295
2018-11-25 02:04:34,XBTUSD,short,Limit,249999,1.2995,0.254,6660315326
2018-11-25 02:36:58,XBTUSD,long,Limit,1,-0.0799,0.54,26663
2018-11-25 02:41:53,ETHUSD,long,Limit,139580,-2.2596,1.103,1507546620
2018-11-25 02:42:27,ETHUSD,long,Limit,60420,-2.4393,1.107,651944905
2018-11-25 02:48:07,XBTUSD,short,Limit,249999,0.8511,0.186,6723345310
2018-11-25 03:46:27,XBTUSD,long,Limit,250000,0.1381,0.042,6896500000
2018-11-25 04:16:35,XBTUSD,long,Limit,1,1.6715,0.543,27174
2018-11-25 04:17:03,ETHUSD,long,Limit,250000,-1.9455,0.975,2600033055
2018-11-25 04:20:52,ETHUSD,long,Limit,162039,1.0245,0.457,1691940415
2018-11-25 04:22:06,ETHUSD,long,Limit,87961,0.5824,0.474,914813345
2018-11-25 04:22:23,XBTUSD,short,Limit,19061,0.7498,0.097,521881664
2018-11-25 04:22:55,XBTUSD,short,Limit,230938,0.675,0.106,6318552464
2018-11-25 06:10:11,XBTUSD,long,Limit,1,0.8482,1.786,27130
2018-11-25 06:33:22,XBTUSD,short,Limit,249999,0.9264,0.386,6845883075
2018-11-25 06:53:17,XBTUSD,long,Limit,1,0.2053,0.329,27322
2018-11-25 07:33:32,XBTUSD,short,Stop,249999,-1.4364,0.653,6738473046
2018-11-25 07:34:54,XBTUSD,long,Limit,1,-0.2695,0.023,27027
2018-11-25 07:43:32,XBTUSD,short,Limit,249999,0.546,0.146,6794136292
2018-11-25 07:51:12,XBTUSD,long,Limit,1,0.2446,0.124,27108
2018-11-25 07:51:44,XBTUSD,short,Limit,1,-0.0542,0.009,27093
2018-11-25 08:00:51,XBTUSD,short,Limit,208192,-0.1367,0.16,5638255744
2018-11-25 08:01:33,XBTUSD,short,Limit,41806,-0.1492,0.171,1132190092
2018-11-25 08:22:14,XBTUSD,short,Limit,250000,-0.2571,0.423,6747750000
2018-11-25 08:29:45,XBTUSD,short,Limit,250000,0.0188,0.495,6749154668
2018-11-25 08:40:10,XBTUSD,short,Limit,250000,0.2703,0.5,6775000000
2018-11-25 08:43:44,XBTUSD,short,Limit,158128,0.7291,0.386,4286533824
2018-11-25 08:51:01,XBTUSD,short,Limit,250000,0.8809,0.449,6788750000
2018-11-25 09:20:42,XBTUSD,short,Limit,75153,1.4247,0.907,2052170262
2018-11-25 09:21:21,XBTUSD,short,Limit,174847,0.9285,0.676,4773323100
2018-11-25 09:23:47,XBTUSD,short,Limit,250000,1.2692,0.641,6852347455
2018-11-25 09:37:04,ETHUSD,long,Limit,250000,0.1384,0.066,2540948145
2018-11-25 09:48:45,XBTUSD,short,Limit,1,2.4756,1.021,27743
2018-11-25 10:14:22,XBTUSD,long,Limit,6969,-2.0768,0.427,197424801
2018-11-25 10:15:37,XBTUSD,long,Limit,250000,-2.6869,0.444,7129399880
2018-11-25 10:16:58,XBTUSD,long,Limit,250000,-1.5243,0.321,7071609356
2018-11-25 10:32:21,ETHUSD,long,Limit,79489,0.2983,0.704,801646565
2018-11-25 10:34:17,XBTUSD,long,Limit,118710,-0.7124,0.372,3385009566
2018-11-25 10:34:20,ETHUSD,long,Limit,250000,1.3118,0.612,2535920550
2018-11-25 10:41:59,XBTUSD,long,Limit,250000,-1.1343,0.345,7189000000
2018-11-25 10:43:44,XBTUSD,long,Limit,250000,0.1231,0.159,7163248400
2018-11-25 10:50:03,ETHUSD,long,Limit,250000,1.3458,0.203,2538697215
2018-11-25 10:56:33,XBTUSD,long,Limit,250000,0.5646,0.025,7017500000
2018-11-25 11:00:52,XBTUSD,long,Limit,250000,0.8609,0.03,6806194072
2018-11-25 11:02:46,ETHUSD,long,Limit,1,17.7645,0.411,11800
2018-11-25 11:03:22,XBTUSD,long,Limit,1,7.9709,0.072,25413
2018-11-25 11:04:29,ETHUSD,short,Limit,249999,2.2034,0.03,2884988460
2018-11-25 11:04:45,XBTUSD,short,Limit,250000,1.8371,0.021,6472500000
2018-11-25 11:05:57,XBTUSD,short,Limit,250000,1.7399,0.038,6489250000
2018-11-25 11:06:09,XBTUSD,short,Limit,249999,1.8063,0.033,6523223907
2018-11-25 11:07:59,XBTUSD,long,Limit,250000,-0.3916,0.021,6553000000
2018-11-25 11:08:02,XBTUSD,long,Limit,250000,0.0655,0.02,6548750000
2018-11-25 11:08:14,XBTUSD,long,Limit,250000,1.0696,0.014,6536000000
2018-11-25 11:08:24,XBTUSD,long,Limit,1,0.938,0.017,26178
2018-11-25 11:08:36,ETHUSD,long,Limit,99087,-0.5291,0.045,1117701360
2018-11-25 11:09:04,XBTUSD,short,Limit,78096,0.6843,0.011,2058466514
2018-11-25 11:10:32,XBTUSD,long,Limit,1,0.5274,0.024,26230
2018-11-25 11:10:32,ETHUSD,long,Limit,250000,-0.5679,0.066,2800000000
2018-11-25 11:11:27,ETHUSD,long,Limit,150913,0.5822,0.064,1692489295
2018-11-25 11:15:10,XBTUSD,short,Limit,250000,0.9311,0.077,6619000000
2018-11-25 11:15:35,XBTUSD,short,Limit,249999,1.5267,0.075,6628590217
2018-11-25 11:18:22,XBTUSD,long,Limit,1,0.6759,0.046,26330
2018-11-25 11:18:28,ETHUSD,long,Limit,45875,0.8033,0.048,506366715
2018-11-25 11:21:07,ETHUSD,long,Limit,204125,1.2785,0.092,2263746250
2018-11-25 11:22:38,ETHUSD,long,Limit,1,2.2831,0.115,11200
2018-11-25 11:23:36,ETHUSD,short,Limit,82021,1.3009,0.016,905511840
2018-11-25 11:23:42,XBTUSD,short,Limit,67951,-0.5336,0.089,1781131612
2018-11-25 11:26:08,XBTUSD,short,Limit,182049,-0.3955,0.13,4781334936
2018-11-25 11:30:41,XBTUSD,short,Limit,250000,1.0484,0.157,6600750000
2018-11-25 11:31:37,XBTUSD,short,Limit,249999,1.3055,0.158,6591973632
2018-11-25 11:32:14,XBTUSD,long,Limit,1,0.1318,0.01,26333
2018-11-25 11:33:55,XBTUSD,short,Limit,25174,0.4907,0.028,666154388
2018-11-25 11:37:57,XBTUSD,long,Limit,1,-0.172,0.067,26508
2018-11-25 11:39:30,XBTUSD,short,Limit,62083,0.4023,0.027,1652303495
2018-11-25 11:43:48,ETHUSD,long,Limit,175313,1.0129,0.221,1923183610
2018-11-25 11:45:58,XBTUSD,long,Limit,1,0.5988,0.09,26455
2018-11-25 11:46:25,ETHUSD,long,Limit,74688,0.3683,0.268,814099200
2018-11-25 11:47:58,XBTUSD,short,Limit,250000,-0.1222,0.032,6605763696
2018-11-25 11:51:57,XBTUSD,short,Limit,249999,0.804,0.081,6631223475
2018-11-25 11:55:42,XBTUSD,long,Limit,1,0.1326,0.062,26490
2018-11-25 11:57:58,XBTUSD,short,Limit,118964,0.3311,0.038,3161825192
2018-11-25 12:00:16,XBTUSD,short,Limit,131036,0.1987,0.076,3478088548
2018-11-25 12:02:29,XBTUSD,short,Limit,249999,0.8786,0.105,6663530030
2018-11-25 12:02:55,ETHUSD,short,Limit,1,1.2844,0.272,10760
2018-11-25 12:04:43,XBTUSD,long,Limit,250000,0.3434,0.007,6680000000
2018-11-25 12:14:24,ETHUSD,long,Limit,249999,1.2082,0.19,2722489110
2018-11-25 12:14:29,XBTUSD,long,Limit,1,0.9654,0.17,26560
2018-11-25 12:25:16,XBTUSD,short,Limit,50933,-0.2533,0.18,1349404594
2018-11-25 12:27:01,XBTUSD,short,Limit,184965,0.0664,0.234,4915999770
2018-11-25 12:41:15,XBTUSD,short,Limit,131316,-0.697,0.429,3449317072
2018-11-25 12:59:07,XBTUSD,short,Limit,176923,0.1372,0.68,4687744072
2018-11-25 12:59:25,XBTUSD,short,Limit,119464,0.8746,0.391,3165126406
2018-11-25 13:00:10,XBTUSD,short,Limit,3613,0.8005,0.392,95596367
2018-11-25 13:02:17,XBTUSD,short,Limit,180912,0.9868,0.428,4795739856
2018-11-25 13:17:19,XBTUSD,short,Limit,300000,0.7841,0.412,7952400000
2018-11-25 13:35:13,XBTUSD,short,Limit,300000,-0.6476,0.34,7879200000
2018-11-25 13:44:28,XBTUSD,short,Limit,300000,-1.035,0.401,7818953424
2018-11-25 13:46:48,XBTUSD,short,Limit,300000,-0.738,0.218,7787100000
2018-11-25 13:49:11,XBTUSD,short,Limit,300000,-0.3929,0.136,7827900000
2018-11-25 20:21:45,XBTUSD,short,Limit,300000,1.5062,6.639,7893600000
2018-11-25 20:29:33,XBTUSD,short,Limit,36457,1.3185,6.738,955610884
2018-11-25 20:38:41,XBTUSD,short,Limit,41196,0.249,6.891,1068270584
2018-11-25 20:39:39,XBTUSD,short,Limit,258804,-0.859,5.96,6645310748
2018-11-25 20:41:17,XBTUSD,short,Limit,300000,-1.2404,0.064,7668896536
2018-11-25 20:41:17,XBTUSD,short,Limit,300000,0.5732,0.023,7687500000
2018-11-25 20:42:46,XBTUSD,short,Limit,300000,0.2694,0.003,7716900000
2018-11-25 20:43:56,XBTUSD,short,Limit,90919,0.3427,0.007,2336277159
2018-11-25 20:49:59,XBTUSD,short,Limit,289112,-0.4457,0.104,7370832242
2018-11-25 20:52:08,XBTUSD,short,Limit,24935,-1.3019,0.13,630087400
2018-11-25 20:54:03,XBTUSD,short,Limit,100000,-1.5974,0.16,2515700000
2018-11-25 20:54:33,XBTUSD,short,Limit,13615,-1.2863,0.166,343566776
2018-11-25 20:55:14,XBTUSD,short,Limit,15072,-1.0224,0.178,381321600
2018-11-25 20:56:39,XBTUSD,short,Limit,52890,-0.8307,0.201,1340708610
2018-11-25 20:57:07,XBTUSD,short,Limit,300000,-0.6468,0.199,7606309560
2018-11-25 20:57:20,XBTUSD,short,Limit,46532,-0.7011,0.196,1178004112
2018-11-25 20:57:43,XBTUSD,short,Limit,112703,-0.3028,0.171,2857229611
2018-11-25 20:58:31,XBTUSD,short,Limit,159031,0.0,0.139,4028573292
2018-11-25 20:58:55,XBTUSD,short,Limit,258802,1.2711,0.106,6581076058
2018-11-25 20:59:32,XBTUSD,long,Limit,300000,0.34,0.006,7619100000
2018-11-25 21:00:37,XBTUSD,long,Limit,6656,0.2801,0.023,169042432
2018-11-25 21:04:09,XBTUSD,long,Limit,137852,0.0786,0.082,3508195911
2018-11-25 21:07:33,XBTUSD,long,Limit,49038,-0.3202,0.138,1253269835
2018-11-25 21:09:32,XBTUSD,long,Limit,45818,-0.4703,0.173,1173307344
2018-11-25 21:10:18,XBTUSD,long,Limit,250000,-0.3798,0.151,6398000000
2018-11-25 21:10:43,XBTUSD,long,Limit,52054,-0.293,0.149,1330135862
2018-11-25 21:11:53,XBTUSD,long,Limit,294048,0.0619,0.142,7496459712
2018-11-25 21:15:22,XBTUSD,long,Limit,160537,0.3233,0.143,4097589776
2018-11-25 21:16:04,XBTUSD,long,Limit,139463,0.461,0.153,3555469722
2018-11-25 21:16:18,XBTUSD,long,Limit,300000,0.7572,0.116,7643400000
2018-11-25 21:16:33,XBTUSD,long,Limit,5952,0.7572,0.119,151621248
2018-11-25 21:16:47,XBTUSD,long,Limit,1,0.9369,0.123,25429
2018-11-25 21:26:24,XBTUSD,short,Limit,300000,-0.3569,0.159,7601622986
2018-11-25 21:32:19,XBTUSD,short,Limit,300000,-0.0742,0.185,7593922074
2018-11-25 21:34:24,ETHUSD,short,Limit,300000,0.4563,0.117,3452271675
2018-11-25 21:34:34,XBTUSD,short,Limit,300000,0.7101,0.175,7619678862
2018-11-25 21:34:45,ETHUSD,short,Limit,11677,1.0503,0.074,134377105
2018-11-25 21:34:57,ETHUSD,short,Limit,7319,0.9458,0.076,84314880
2018-11-25 21:35:46,XBTUSD,short,Limit,297559,0.6185,0.128,7555023010
2018-11-25 21:35:55,XBTUSD,long,Limit,2440,-0.0127,0.002,61961360
2018-11-25 21:36:37,XBTUSD,long,Limit,1,0.292,0.014,25316
2018-11-25 21:40:27,XBTUSD,short,Limit,109357,0.5186,0.064,2783011385
2018-11-25 21:53:37,XBTUSD,short,Limit,300000,-3.6723,0.282,7324201344
2018-11-25 21:53:49,XBTUSD,short,Limit,300000,-3.7323,0.25,7326059562
2018-11-25 21:54:05,XBTUSD,short,Limit,300000,-2.7098,0.134,7350245034
2018-11-25 21:54:14,XBTUSD,short,Limit,100000,-0.6487,0.111,2448376620
2018-11-25 21:55:56,XBTUSD,short,Limit,300000,-0.1726,0.134,7384500000
2018-11-25 21:59:33,XBTUSD,short,Limit,300000,0.5692,0.167,7416600000
2018-11-25 22:00:12,XBTUSD,short,Limit,300000,1.6078,0.168,7430400000
2018-11-25 22:04:17,XBTUSD,short,Limit,12073,2.0097,0.22,300134780
2018-11-25 22:06:39,XBTUSD,long,Limit,86039,-0.0622,0.04,2140306164
2018-11-25 22:06:53,XBTUSD,long,Limit,254657,0.0516,0.037,6330773020
2018-11-25 22:07:24,XBTUSD,long,Limit,148909,0.4609,0.033,3697261561
2018-11-25 22:07:44,XBTUSD,long,Limit,196435,0.4992,0.036,4877277091
2018-11-25 22:08:24,XBTUSD,short,Limit,3564,-0.1117,0.011,88394328
2018-11-25 22:11:52,ETHUSD,long,Limit,1,0.7812,0.615,11610
2018-11-25 22:16:49,XBTUSD,short,Limit,300000,0.212,0.123,7444200000
2018-11-25 22:28:39,XBTUSD,short,Limit,300000,-0.3614,0.294,7384500000
2018-11-25 22:29:54,XBTUSD,short,Limit,300000,0.0123,0.301,7398300000
2018-11-25 22:31:07,XBTUSD,short,Limit,300000,0.3329,0.102,7404661929
2018-11-25 22:35:05,XBTUSD,short,Limit,300000,1.6296,0.157,7458000000
2018-11-25 22:46:07,XBTUSD,short,Limit,300000,0.1374,0.129,7478100708
2018-11-25 22:50:18,XBTUSD,short,Limit,300000,1.4284,0.154,7556748798
2018-11-25 22:52:20,XBTUSD,short,Limit,300000,2.2807,0.181,7584300000
2018-11-25 22:54:10,XBTUSD,short,Limit,1,2.3486,0.212,25316
2018-11-25 22:55:32,XBTUSD,long,Limit,299999,0.3165,0.022,7571074763
2018-11-25 22:59:07,ETHUSD,short,Limit,300000,1.4171,0.788,3429000000
2018-11-25 22:59:19,XBTUSD,short,Limit,1,0.6309,0.062,25397
2018-11-25 23:00:53,XBTUSD,long,Limit,299999,0.381,0.027,7589974700
2018-11-25 23:22:13,XBTUSD,short,Limit,1,1.0247,0.353,25562
2018-11-25 23:26:51,XBTUSD,long,Limit,162184,0.3926,0.078,4129366824
2018-11-25 23:34:43,XBTUSD,long,Limit,1,0.9329,0.207,25323
2018-11-25 23:36:05,ETHUSD,short,Limit,671,1.6393,1.399,7649400
2018-11-25 23:38:20,XBTUSD,short,Limit,4305,0.1013,0.06,109127445
2018-11-25 23:38:36,XBTUSD,short,Limit,20061,0.0633,0.065,508325679
2018-11-26 02:28:50,XBTUSD,short,Limit,300000,0.1899,2.903,7611300000
2018-11-26 04:04:57,XBTUSD,short,Limit,300000,0.6537,3.958,7592100000
2018-11-26 13:53:28,XBTUSD,short,Limit,300000,3.5807,9.882,7818625518
2018-11-26 14:07:22,XBTUSD,short,Limit,135133,0.5874,0.216,3528436053
2018-11-26 14:07:41,XBTUSD,short,Limit,164868,0.6489,0.226,4307506236
2018-11-26 14:26:29,XBTUSD,long,Limit,300000,-1.3197,0.13,8037600000
2018-11-26 14:29:40,XBTUSD,long,Limit,300000,-1.1692,0.126,8047200000
2018-11-26 14:31:54,XBTUSD,long,Limit,300000,-1.0026,0.126,8113500000
2018-11-26 14:32:23,XBTUSD,long,Limit,300000,-0.2018,0.082,8086200000
2018-11-26 14:34:32,XBTUSD,long,Limit,300000,0.4711,0.066,8037600000
2018-11-26 14:34:50,XBTUSD,long,Limit,300000,1.4247,0.052,8026800000
2018-11-26 14:34:52,XBTUSD,long,Limit,1,1.3433,0.052,26777
2018-11-26 14:35:23,XBTUSD,short,Limit,299999,0.1924,0.008,8048373172
2018-11-26 14:38:38,XBTUSD,long,Limit,1,0.8048,0.054,26613
2018-11-26 14:40:12,XBTUSD,short,Limit,125995,0.3699,0.026,3365601321
2018-11-26 14:40:37,XBTUSD,short,Limit,174005,0.4657,0.05,4652545690
2018-11-26 14:43:48,XBTUSD,short,Limit,14762,0.7309,0.085,395237788
2018-11-26 14:46:29,XBTUSD,short,Limit,300000,0.9042,0.125,8048400000
2018-11-26 14:47:02,XBTUSD,short,Limit,1,0.5344,0.037,26864
2018-11-26 14:48:33,XBTUSD,long,Limit,77312,0.3576,0.025,2069510998
2018-11-26 15:01:15,XBTUSD,long,Limit,1,0.779,0.237,26656
2018-11-26 15:05:06,XBTUSD,short,Limit,299999,0.8831,0.064,8069973100
2018-11-26 15:29:45,XBTUSD,long,Limit,1,0.9415,0.411,26649
2018-11-26 16:07:12,XBTUSD,short,Limit,299999,4.3903,0.624,8362472125
2018-11-26 16:08:08,XBTUSD,long,Limit,1,0.4878,0.014,27739
2018-11-26 16:10:12,XBTUSD,short,Limit,300000,0.0184,0.035,8316000000
2018-11-26 16:19:22,XBTUSD,short,Limit,242726,-0.6879,0.157,6659365663
2018-11-26 16:19:44,XBTUSD,short,Limit,300000,-0.9074,0.131,8203830388
2018-11-26 16:20:41,XBTUSD,short,Limit,60000,-0.6689,0.126,1643274932
2018-11-26 16:24:18,XBTUSD,short,Limit,11,0.1241,0.187,303655
2018-11-26 16:30:03,XBTUSD,long,Limit,159522,0.0277,0.094,4403604810
2018-11-26 16:30:48,XBTUSD,long,Limit,160000,0.1796,0.099,4413760000
2018-11-26 16:33:07,XBTUSD,long,Limit,300000,0.6429,0.008,8385600000
2018-11-26 16:34:24,ETHUSD,short,Limit,1,10.6126,18.371,10360
2018-11-26 16:35:43,XBTUSD,long,Limit,189848,0.7002,0.014,5338647793
2018-11-26 16:36:37,XBTUSD,long,Limit,100000,0.64,0.028,2812814620
2018-11-26 16:44:34,XBTUSD,long,Limit,300000,1.5927,0.069,8408290758
2018-11-26 16:47:40,XBTUSD,long,Limit,300000,0.8431,0.033,8124188776
2018-11-26 16:48:12,ETHUSD,long,Limit,14087,4.6815,0.231,152773515
2018-11-26 16:48:22,XBTUSD,long,Limit,300000,2.2466,0.026,8021400000
2018-11-26 16:51:44,XBTUSD,long,Limit,150000,-0.255,0.043,4056750000
2018-11-26 16:54:14,XBTUSD,long,Limit,300000,0.8692,0.07,8049300372
2018-11-26 16:54:22,ETHUSD,long,Limit,285911,2.9157,0.333,3048400670
2018-11-26 16:54:50,XBTUSD,long,Limit,4493,0.8163,0.069,121270563
2018-11-26 17:01:52,XBTUSD,long,Limit,1,1.7551,0.186,26742
2018-11-26 17:07:02,XBTUSD,short,Limit,329999,0.5912,0.086,8877135222
2018-11-26 17:07:55,XBTUSD,long,Limit,1,0.4032,0.013,26774
2018-11-26 17:09:56,XBTUSD,short,Limit,269104,0.6819,0.033,7254317862
2018-11-26 17:10:13,XBTUSD,short,Limit,60000,0.5556,0.037,1615420000
2018-11-26 17:42:04,XBTUSD,short,Limit,895,-0.9906,0.567,23727345
2018-11-26 18:07:12,XBTUSD,long,Limit,330000,0.0941,0.016,8863800000
2018-11-26 18:53:49,XBTUSD,long,Limit,59136,0.8305,0.059,1545637465
2018-11-26 18:54:20,XBTUSD,long,Limit,104196,0.7379,0.068,2725871556
2018-11-26 18:55:20,XBTUSD,long,Limit,166668,0.5666,0.084,4367534940
2018-11-26 19:07:27,XBTUSD,long,Limit,51728,0.0673,0.03,1366639828
2018-11-26 19:07:44,XBTUSD,long,Limit,26631,0.0661,0.034,703591020
2018-11-26 19:08:28,XBTUSD,long,Limit,137848,-0.0533,0.045,3646300437
2018-11-26 19:08:43,XBTUSD,long,Limit,113793,-0.1718,0.048,3013580019
2018-11-26 19:40:11,XBTUSD,long,Limit,1,0.3569,0.573,26344
2018-11-26 19:56:44,XBTUSD,short,Limit,329999,0.7609,0.276,8760776463
2018-11-26 19:58:04,XBTUSD,long,Limit,1,0.3451,0.022,26455
2018-11-26 20:01:22,XBTUSD,short,Limit,329999,0.4691,0.055,8767514531
2018-11-26 20:53:12,XBTUSD,long,Limit,1,-3.5064,0.864,27529
2018-11-26 20:55:13,XBTUSD,short,Limit,158537,0.633,0.034,4392858433
2018-11-26 20:55:38,XBTUSD,short,Limit,171462,0.6376,0.042,4752926640
2018-11-26 21:53:41,XBTUSD,long,Limit,184424,0.6918,0.114,5072482592
2018-11-26 21:54:19,XBTUSD,long,Limit,145588,0.6079,0.087,4000185060
2018-11-26 23:44:33,XBTUSD,long,Limit,1,1.8936,1.924,27130
2018-11-26 23:50:35,XBTUSD,short,Stop,329999,-1.255,0.1,8842618857
2018-11-27 00:02:11,XBTUSD,long,Limit,1,-0.7904,0.193,27005
2018-11-27 00:05:33,XBTUSD,short,Limit,324644,-0.2357,0.056,8746330915
2018-11-27 00:18:17,XBTUSD,short,Limit,70000,0.5765,0.243,1894480000
2018-11-27 00:46:12,XBTUSD,short,Limit,330000,0.3013,0.685,8896234638
2018-11-27 01:03:14,XBTUSD,short,Limit,330000,0.1613,0.338,8867295066
2018-11-27 01:28:52,XBTUSD,short,Limit,330000,1.8425,0.557,8985570000
2018-11-27 01:29:08,XBTUSD,short,Limit,1513,1.8977,0.56,41220172
2018-11-27 01:31:22,XBTUSD,long,Limit,1,0.3269,0.037,27155
2018-11-27 01:47:02,XBTUSD,short,Limit,329999,0.611,0.261,9016232678
2018-11-27 01:50:23,XBTUSD,long,Limit,1,0.3415,0.055,27229
2018-11-27 02:15:11,XBTUSD,short,Limit,329999,0.5446,0.414,9035042621
2018-11-27 02:17:36,XBTUSD,long,Limit,1,0.4791,0.039,27248
2018-11-27 03:04:13,XBTUSD,short,Limit,330000,-1.5668,0.778,8853240000
2018-11-27 03:06:06,XBTUSD,short,Limit,330000,-0.9485,0.444,8859180000
2018-11-27 03:10:58,XBTUSD,short,Limit,330000,0.2096,0.186,8898450000
2018-11-27 03:26:56,XBTUSD,short,Limit,156690,1.4236,0.421,4255156950
2018-11-27 03:57:37,XBTUSD,short,Limit,112173,1.4965,0.932,3048926718
2018-11-27 03:58:03,XBTUSD,short,Limit,111566,0.8468,0.757,3029849206
2018-11-27 03:59:29,XBTUSD,short,Limit,106261,0.1846,0.561,2885942499
2018-11-27 04:02:13,XBTUSD,short,Limit,246333,0.6252,0.603,6716869818
2018-11-27 04:04:13,XBTUSD,short,Limit,83667,0.5961,0.632,2280678753
2018-11-27 04:47:22,XBTUSD,short,Limit,192418,0.0689,1.178,5204019322
2018-11-27 04:47:48,XBTUSD,short,Limit,402352,0.1469,0.478,10884121260
2018-11-27 04:48:16,XBTUSD,long,Limit,25612,0.0945,0.008,692215524
2018-11-27 06:59:53,XBTUSD,short,Limit,330000,-2.0432,2.19,8730150000
2018-11-27 07:00:59,XBTUSD,short,Limit,40000,-1.7977,0.957,1057360000
2018-11-27 07:01:58,XBTUSD,short,Limit,96924,-1.7411,0.973,2564135536
2018-11-27 07:06:52,XBTUSD,short,Limit,230000,-1.3566,0.94,6100814548
2018-11-27 07:07:10,XBTUSD,short,Limit,4170,-0.3863,0.346,110655120
2018-11-27 07:13:26,XBTUSD,short,Limit,26807,0.0452,0.45,714411264
2018-11-27 07:15:59,XBTUSD,short,Limit,46706,0.1844,0.493,1246460668
2018-11-27 07:36:34,XBTUSD,short,Limit,90000,0.8315,0.8,2419650000
2018-11-27 07:36:41,XBTUSD,short,Limit,388,0.5478,0.716,10424396
2018-11-27 07:48:57,XBTUSD,short,Limit,330000,0.9821,0.679,8886570000
2018-11-27 08:26:37,XBTUSD,short,Limit,330000,1.3136,1.026,8957577292
2018-11-27 18:18:25,XBTUSD,short,Limit,237566,1.5825,10.868,6470636004
2018-11-27 18:19:11,XBTUSD,short,Limit,24253,1.6476,10.849,659948383
2018-11-27 18:20:43,XBTUSD,short,Limit,38651,1.4983,10.87,1049877113
2018-11-27 18:20:59,XBTUSD,short,Limit,4838,1.4047,10.875,131288806
2018-11-27 18:21:18,XBTUSD,short,Limit,24692,1.2709,10.88,669153200
2018-11-27 21:56:24,XBTUSD,short,Limit,200000,-1.4237,0.302,5298654000
2018-11-27 21:56:33,XBTUSD,short,Limit,130000,-1.6129,0.296,3439150000
2018-11-27 21:57:25,XBTUSD,short,Limit,1,-1.371,0.31,26518
2018-11-27 22:20:35,XBTUSD,long,Limit,330000,-0.3004,0.387,8776680000
2018-11-27 22:33:56,XBTUSD,long,Limit,58190,0.6072,0.413,1543387149
2018-11-27 22:35:43,XBTUSD,long,Limit,271809,0.8273,0.441,7193596394
2018-11-27 22:46:36,XBTUSD,short,Limit,1,-0.3706,0.177,26375
2018-11-27 22:51:47,XBTUSD,long,Limit,329999,0.6168,0.086,8649933788
2018-11-27 22:59:03,XBTUSD,short,Limit,1,0.7602,0.121,26413
2018-11-27 23:00:26,XBTUSD,long,Limit,234161,0.2464,0.024,6170142350
2018-11-27 23:00:52,XBTUSD,long,Limit,95837,0.3143,0.031,2523675721
2018-11-27 23:07:18,XBTUSD,long,Limit,330000,-0.0264,0.039,8724540000
2018-11-27 23:29:46,XBTUSD,long,Limit,281969,0.4107,0.384,7443713419
2018-11-27 23:30:04,XBTUSD,long,Limit,48031,0.2963,0.389,1269423629
2018-11-27 23:57:27,XBTUSD,long,Limit,312501,0.1325,0.697,8272838973
2018-11-28 00:10:20,XBTUSD,long,Limit,330000,0.8176,0.516,8704972590
2018-11-28 00:19:46,XBTUSD,long,Limit,17499,1.1305,0.651,460258698
2018-11-28 01:05:02,XBTUSD,long,Limit,84474,0.3307,0.125,2227410432
2018-11-28 01:12:53,XBTUSD,long,Limit,112571,0.4859,0.192,2963658275
2018-11-28 03:49:13,XBTUSD,long,Limit,1,2.0503,2.783,25924
2018-11-28 03:49:47,XBTUSD,short,Limit,115607,0.3395,0.009,3006706856
2018-11-28 03:49:55,XBTUSD,short,Limit,99,0.4277,0.011,2577465
2018-11-28 04:28:12,XBTUSD,long,Limit,1,0.755,0.638,25840
2018-11-28 04:36:06,XBTUSD,short,Limit,330000,-0.0299,0.046,8423580000
2018-11-28 04:36:15,XBTUSD,short,Limit,330000,-0.8748,0.099,8413932775
2018-11-28 04:39:27,XBTUSD,short,Limit,330000,-0.6836,0.063,8328210000
2018-11-28 04:42:39,XBTUSD,short,Limit,330000,-1.2706,0.088,8281020000
2018-11-28 04:43:58,XBTUSD,short,Limit,330000,-0.6707,0.085,8286300000
2018-11-28 04:46:22,XBTUSD,short,Limit,330000,-0.5358,0.135,8240099517
2018-11-28 04:48:43,XBTUSD,short,Limit,228850,-0.6086,0.152,5699966950
2018-11-28 04:52:09,XBTUSD,short,Limit,131357,-0.2296,0.187,3292227800
2018-11-28 04:54:55,XBTUSD,short,Limit,330000,0.8201,0.213,8286300000
2018-11-28 04:55:39,XBTUSD,short,Limit,39474,0.1973,0.183,990049940
2018-11-28 05:00:35,XBTUSD,short,Limit,330000,-0.6817,0.257,8188078712
2018-11-28 05:01:04,XBTUSD,short,Limit,29256,0.1658,0.239,726865320
2018-11-28 05:03:15,XBTUSD,short,Limit,125443,-0.7735,0.276,3093950278
2018-11-28 05:04:32,XBTUSD,short,Limit,330000,-0.7725,0.184,8158260000
2018-11-28 05:06:04,XBTUSD,short,Limit,330000,-0.2242,0.126,8193570000
2018-11-28 05:10:26,XBTUSD,short,Limit,100000,0.2486,0.184,2492200000
2018-11-28 05:16:09,XBTUSD,short,Limit,5618,0.2486,0.278,140011796
2018-11-28 05:26:50,XBTUSD,short,Limit,250000,0.9938,0.418,6211848932
2018-11-28 05:27:02,XBTUSD,short,Limit,15411,1.0008,0.422,382949526
2018-11-28 05:44:12,XBTUSD,short,Limit,330000,1.4384,0.633,8281615551
2018-11-28 05:45:05,XBTUSD,short,Limit,330000,1.4848,0.372,8304883632
2018-11-28 05:59:05,XBTUSD,short,Limit,330000,0.5629,0.313,8301810000
2018-11-28 06:00:55,XBTUSD,short,Limit,1,0.2502,0.343,25078
2018-11-28 06:13:59,XBTUSD,long,Limit,9369,0.5016,0.219,233784657
2018-11-28 06:28:08,XBTUSD,long,Limit,330000,0.3761,0.403,8242871382
2018-11-28 12:55:12,XBTUSD,long,Limit,1,3.6295,6.626,24155
2018-11-28 12:58:25,XBTUSD,short,Limit,330000,-0.129,0.054,7999860000
2018-11-28 13:00:54,XBTUSD,short,Limit,329999,0.8558,0.056,8024255684
2018-11-28 13:14:28,XBTUSD,long,Limit,1,0.6079,0.224,24169
2018-11-28 13:15:44,XBTUSD,short,Limit,330000,-0.0604,0.028,7971150000
2018-11-28 13:20:55,XBTUSD,short,Limit,329999,0.9685,0.093,8009891512
2018-11-28 13:24:13,XBTUSD,long,Limit,1,0.2549,0.055,24213
2018-11-28 20:07:00,XBTUSD,short,Limit,330000,-3.1274,6.711,7747924904
2018-11-28 20:49:37,XBTUSD,short,Limit,15751,-2.63,6.414,366935296
2018-11-28 21:02:52,XBTUSD,short,Limit,223933,-2.2326,6.634,5237118574
2018-11-28 21:03:39,XBTUSD,short,Limit,80314,-2.2116,6.646,1878705088
2018-11-28 21:04:57,XBTUSD,short,Limit,300000,-0.0071,2.159,7038000000
2018-11-28 21:17:08,XBTUSD,short,Limit,160845,0.758,2.113,3780179190
2018-11-28 21:24:25,XBTUSD,short,Limit,330000,0.7259,1.819,7742778855
2018-11-28 21:47:10,XBTUSD,short,Limit,74886,0.3497,1.531,1751733312
2018-11-28 21:47:43,XBTUSD,short,Limit,10000,0.2914,1.539,233780000
2018-11-28 21:48:36,XBTUSD,short,Limit,330000,1.1149,1.293,7742491776
2018-11-28 21:54:33,XBTUSD,short,Limit,330000,1.3411,0.83,7787670000
2018-11-28 21:57:22,XBTUSD,short,Limit,310420,1.3475,0.441,7340735681
2018-11-28 21:57:57,XBTUSD,short,Limit,19580,1.352,0.451,462655820
2018-11-28 21:59:37,XBTUSD,short,Limit,330000,1.581,0.433,7824630000
2018-11-28 22:09:07,XBTUSD,short,Limit,330000,0.419,0.039,7871435319
2018-11-28 22:10:44,XBTUSD,short,Limit,1,0.6532,0.066,23909
2018-11-28 22:11:58,XBTUSD,long,Limit,164128,0.2989,0.021,3912483264
2018-11-28 22:40:11,XBTUSD,short,Limit,1,0.4768,0.469,23952
2018-11-28 23:00:35,XBTUSD,long,Limit,330000,0.3697,0.338,7875203864
2018-11-28 23:43:23,XBTUSD,long,Limit,330000,0.8993,1.051,7843110000
2018-11-28 23:43:54,XBTUSD,long,Limit,68766,1.0854,0.414,1626496041
2018-11-28 23:45:27,XBTUSD,long,Limit,261232,1.0759,0.438,6179442960
2018-11-29 00:01:34,XBTUSD,long,Limit,200000,0.3597,0.126,4728008459
2018-11-29 00:02:37,XBTUSD,long,Limit,326184,0.7308,0.113,7688349659
2018-11-29 00:03:07,XBTUSD,long,Limit,3817,0.7797,0.09,89959056
2018-11-29 00:14:45,XBTUSD,short,Limit,309596,0.568,0.07,7362502476
2018-11-29 00:16:04,XBTUSD,short,Limit,404,0.3428,0.086,9583688
2018-11-29 00:32:57,XBTUSD,short,Limit,115186,0.3948,0.313,2741262347
2018-11-29 01:25:25,XBTUSD,short,Limit,192998,1.0875,1.159,4631927195
2018-11-29 01:25:59,XBTUSD,short,Limit,148573,1.102,0.957,3565009135
2018-11-29 01:26:28,XBTUSD,short,Limit,8429,1.1134,0.882,202253855
2018-11-29 01:33:49,XBTUSD,short,Limit,47110,0.2401,0.022,1133796370
2018-11-29 01:35:44,XBTUSD,short,Limit,1,0.9244,0.047,24234
2018-11-29 01:40:05,XBTUSD,long,Limit,349999,-0.1761,0.072,8492917985
2018-11-29 01:55:15,XBTUSD,short,Limit,350000,1.1218,0.143,8560413261
2018-11-29 02:10:26,XBTUSD,short,Limit,350000,-0.4253,0.18,8469300000
2018-11-29 02:16:03,XBTUSD,short,Limit,350000,0.1211,0.248,8484700000
2018-11-29 02:17:07,XBTUSD,short,Limit,350000,0.378,0.151,8485014100
2018-11-29 03:13:39,XBTUSD,short,Limit,62634,-0.0714,0.43,1510919982
2018-11-29 03:22:28,XBTUSD,short,Limit,274445,0.0,0.581,6625102300
2018-11-29 03:24:48,XBTUSD,short,Limit,12921,-0.0483,0.616,311719125
2018-11-29 03:36:48,XBTUSD,short,Limit,263998,0.2885,0.634,6364463784
2018-11-29 03:45:17,XBTUSD,short,Limit,350000,0.4909,0.333,8455131694
2018-11-29 04:13:01,XBTUSD,short,Limit,1,1.1418,0.65,24316
2018-11-29 05:17:11,XBTUSD,long,Limit,349999,1.8544,1.282,8358326119
2018-11-29 09:14:43,XBTUSD,short,Limit,93979,-1.5954,0.698,2202679802
2018-11-29 09:25:27,XBTUSD,short,Limit,270000,-2.5961,0.849,6264540000
2018-11-29 09:26:09,XBTUSD,short,Limit,302326,-1.87,0.414,7020093099
2018-11-29 09:32:12,XBTUSD,short,Limit,350000,-1.7499,0.365,8032150000
2018-11-29 09:35:25,XBTUSD,short,Limit,104139,-1.0272,0.351,2403632259
2018-11-29 09:35:34,XBTUSD,short,Limit,350000,-0.5064,0.321,8078792482
2018-11-29 09:40:25,XBTUSD,short,Limit,1000000,-0.4175,0.292,23041000000
2018-11-29 09:40:28,XBTUSD,short,Limit,152071,-0.2297,0.16,3502031742
2018-11-29 09:41:32,XBTUSD,short,Limit,350000,0.6799,0.172,8097250000
2018-11-29 09:42:14,XBTUSD,short,Limit,200000,1.394,0.175,4636219445
2018-11-29 09:44:25,XBTUSD,short,Limit,132003,0.7827,0.13,3062733606
2018-11-29 10:15:25,XBTUSD,short,Limit,151832,1.137,0.645,3535433477
2018-11-29 10:17:24,XBTUSD,short,Limit,7044,1.1855,0.678,164097024
2018-11-29 11:16:32,XBTUSD,short,Limit,290048,-0.5066,1.373,6679225344
2018-11-29 11:17:06,XBTUSD,short,Limit,70000,-0.9367,0.922,1614200000
2018-11-29 11:29:32,XBTUSD,short,Limit,350000,-1.6685,0.966,7985134328
2018-11-29 11:30:38,XBTUSD,short,Limit,348566,-0.6739,0.067,7958110346
2018-11-29 11:38:15,XBTUSD,long,Limit,200000,0.1131,0.12,4568800000
2018-11-29 11:39:04,XBTUSD,long,Limit,18313,0.2374,0.132,417824070
2018-11-29 11:39:33,XBTUSD,long,Limit,330000,0.4368,0.102,7520370000
2018-11-29 11:39:50,XBTUSD,long,Limit,622,0.4237,0.079,14184710
2018-11-29 11:49:07,XBTUSD,short,Limit,220000,0.333,0.143,5037442800
2018-11-29 11:53:03,XBTUSD,short,Limit,350000,0.7486,0.17,8033738183
2018-11-29 11:54:22,XBTUSD,short,Limit,5740,1.1945,0.173,132180720
2018-11-29 11:55:25,XBTUSD,long,Limit,344260,0.1647,0.018,7911439060
2018-11-29 12:33:26,XBTUSD,short,Limit,200000,1.1215,0.584,4643000000
2018-11-29 21:45:09,XBTUSD,short,Limit,40587,4.5105,9.777,975630306
2018-11-29 21:45:16,XBTUSD,short,Limit,4710,4.4542,9.779,113154420
2018-11-29 21:45:36,XBTUSD,short,Limit,41226,4.3383,9.786,989217870
2018-11-29 21:46:10,XBTUSD,short,Limit,72612,4.2732,9.791,1741308372
2018-11-29 21:46:48,XBTUSD,short,Limit,350000,3.9602,9.731,8380634258
2018-11-29 21:46:54,XBTUSD,short,Limit,43163,4.047,9.694,1033501316
2018-11-29 21:47:05,XBTUSD,short,Limit,66111,3.9744,9.697,1581766488
2018-11-29 21:57:33,XBTUSD,long,Limit,77361,0.2642,0.153,1846297626
2018-11-29 23:12:43,XBTUSD,short,Limit,350000,-0.8713,0.424,8259650000
2018-11-30 00:24:45,XBTUSD,short,Limit,32327,0.9084,1.34,769770524
2018-11-30 00:39:07,XBTUSD,short,Limit,45119,1.2048,1.58,1077486839
2018-11-30 03:07:11,XBTUSD,short,Limit,350000,-0.4658,4.035,8214850000
2018-11-30 05:33:30,XBTUSD,short,Limit,4881,-0.7063,6.412,114108018
2018-11-30 06:55:11,XBTUSD,short,Limit,350000,-0.5626,7.547,8206450000
2018-11-30 07:06:43,XBTUSD,short,Limit,350000,2.4122,4.133,8398274000
2018-11-30 08:49:33,XBTUSD,short,Limit,301053,2.4689,3.32,7228282530
2018-11-30 08:52:53,XBTUSD,short,Limit,48947,2.3302,3.363,1173651166
2018-11-30 10:04:59,XBTUSD,short,Limit,63403,1.2651,2.945,1536272784
2018-11-30 10:07:22,XBTUSD,short,Limit,286597,0.4785,2.983,6889218686
2018-11-30 10:07:45,XBTUSD,short,Limit,350000,0.4484,2.383,8431129622
2018-11-30 10:09:53,XBTUSD,short,Limit,1,1.1871,2.413,24269
2018-11-30 10:10:43,XBTUSD,long,Limit,97114,0.3403,0.015,2348604976
2018-11-30 10:11:07,XBTUSD,long,Limit,91801,0.4011,0.021,2218738369
2018-11-30 10:17:34,XBTUSD,long,Limit,122506,0.274,0.017,3000784470
2018-11-30 10:18:16,XBTUSD,long,Limit,227494,0.0594,0.029,5582702760
2018-11-30 10:19:44,XBTUSD,long,Limit,350000,0.3887,0.006,8610000000
2018-11-30 10:27:16,XBTUSD,long,Limit,350000,0.2717,0.005,8652700000
2018-11-30 10:33:53,XBTUSD,long,Limit,1,0.5576,0.115,24646
2018-11-30 10:36:05,XBTUSD,short,Limit,120507,0.2465,0.034,2977366449
2018-11-30 10:39:50,XBTUSD,short,Limit,49284,0.4677,0.005,1218842844
2018-11-30 11:00:29,XBTUSD,short,Limit,1,1.92,0.348,25097
2018-11-30 11:00:51,XBTUSD,long,Limit,349999,0.2516,0.007,8760824969
2018-11-30 11:05:08,XBTUSD,short,Limit,1,0.6133,0.067,25186
2018-11-30 11:07:34,XBTUSD,long,Limit,350000,-0.5023,0.041,8855000000
2018-11-30 11:28:55,XBTUSD,long,Limit,349999,0.381,0.363,8854974700
2018-11-30 11:51:17,XBTUSD,short,Limit,350000,0.5119,0.028,8878348818
2018-11-30 12:02:09,XBTUSD,short,Limit,1,0.8328,0.204,25449
2018-11-30 12:14:18,XBTUSD,long,Limit,349999,0.7716,0.202,8838524747
2018-11-30 12:50:35,XBTUSD,short,Limit,1,0.404,0.605,25355
2018-11-30 12:53:20,XBTUSD,long,Limit,350000,0.3393,0.046,8843213839
2018-11-30 13:13:48,XBTUSD,long,Limit,72793,0.6984,0.365,1835912253
2018-11-30 13:15:20,XBTUSD,long,Limit,39680,0.5079,0.391,1002634240
2018-11-30 13:16:46,XBTUSD,long,Limit,237526,0.5714,0.415,5998244078
2018-11-30 13:45:56,XBTUSD,short,Limit,42080,0.8448,0.038,1054524800
2018-11-30 14:04:52,XBTUSD,short,Limit,1,2.0375,0.354,25365
2018-11-30 16:58:32,XBTUSD,long,Limit,349999,1.3316,2.895,8760824969
2018-11-30 22:54:07,XBTUSD,short,Stop,350000,-1.152,0.196,8881712554
2018-11-30 22:58:22,XBTUSD,short,Limit,350000,-1.0994,0.228,8883762320
2018-11-30 22:58:55,XBTUSD,short,Limit,85959,-0.5717,0.116,2181923718
2018-11-30 22:59:04,XBTUSD,short,Limit,125365,-0.635,0.121,3179975181
2018-11-30 23:00:04,XBTUSD,short,Limit,309561,-0.4435,0.109,7848101382
2018-11-30 23:00:22,XBTUSD,short,Limit,187616,-0.3284,0.095,4751178846
2018-11-30 23:01:05,XBTUSD,long,Limit,33339,0.4939,0.012,840309495
2018-11-30 23:01:22,XBTUSD,long,Limit,129044,0.311,0.017,3258460096
2018-11-30 23:01:35,XBTUSD,long,Limit,1,0.304,0.02,25253
2018-11-30 23:07:30,XBTUSD,short,Limit,349999,0.5314,0.099,8885517598
2018-11-30 23:20:50,XBTUSD,long,Limit,1,0.4062,0.222,25284
2018-12-01 00:25:08,XBTUSD,short,Limit,225680,0.2528,1.074,5720762320
2018-12-01 00:26:45,XBTUSD,short,Limit,3176,0.1138,1.098,80394088
2018-12-01 00:29:31,XBTUSD,short,Limit,76725,0.1011,1.149,1941909750
2018-12-01 02:15:10,XBTUSD,short,Limit,350000,0.2195,1.868,8849400000
2018-12-01 03:05:49,XBTUSD,short,Limit,1,0.4921,2.549,25358
2018-12-01 03:15:43,XBTUSD,long,Limit,349999,0.2916,0.157,8849374716
2018-12-01 16:11:45,XBTUSD,short,Limit,330000,-7.3422,7.011,7767228342
2018-12-01 16:41:31,XBTUSD,short,Limit,4010,-7.2132,7.507,94495650
2018-12-01 16:41:51,XBTUSD,short,Limit,271528,-5.0802,6.493,6396385096
2018-12-01 16:42:36,XBTUSD,short,Limit,160000,-3.5948,4.114,3771360000
2018-12-01 16:43:26,XBTUSD,short,Limit,2595,-1.7386,0.772,61166745
2018-12-01 17:29:00,XBTUSD,short,Limit,110517,-0.1493,1.489,2624123922
2018-12-01 17:29:32,XBTUSD,short,Limit,239483,0.4665,1.425,5682931590
2018-12-01 20:42:42,XBTUSD,short,Limit,350000,2.352,4.433,8453200000
2018-12-02 05:01:34,XBTUSD,short,Limit,350000,1.0918,0.221,8563056300
2018-12-02 05:02:48,XBTUSD,short,Limit,1,1.4519,0.241,24555
2018-12-02 05:04:10,XBTUSD,long,Limit,349999,0.1842,0.022,8578475490
2018-12-02 05:18:34,XBTUSD,short,Limit,27407,0.2202,0.055,673718874
2018-12-02 06:07:58,XBTUSD,short,Limit,325658,0.7065,0.289,8029799270
2018-12-02 06:08:06,XBTUSD,short,Limit,48684,0.7948,0.286,1200304020
2018-12-02 07:05:28,XBTUSD,short,Limit,300000,0.4155,0.464,7362900000
2018-12-02 07:07:44,XBTUSD,short,Limit,1,0.5255,0.501,24570
2018-12-02 07:24:33,XBTUSD,long,Limit,95993,1.0442,0.281,2334165788
2018-12-02 07:25:33,XBTUSD,long,Limit,204005,1.0442,0.298,4960585580
2018-12-02 07:34:02,XBTUSD,long,Limit,1,1.4619,0.438,24216
2018-12-02 08:00:40,XBTUSD,short,Limit,299999,0.8822,0.444,7329453489
2018-12-02 08:07:34,XBTUSD,long,Limit,1,0.1832,0.115,24375
2018-12-02 08:08:02,XBTUSD,short,Limit,1361,0.1921,0.008,33238725
2018-12-02 10:36:50,XBTUSD,short,Limit,300000,1.2667,2.452,7405800504
2018-12-02 12:35:28,XBTUSD,short,Limit,300000,2.3582,3.493,7367435676
2018-12-02 12:49:21,XBTUSD,short,Limit,2992,-1.0078,1.529,72870160
2018-12-02 12:54:17,XBTUSD,short,Limit,300000,-0.6692,1.596,7330500000
2018-12-02 14:51:43,XBTUSD,short,Limit,37640,-0.4274,2.15,915254240
2018-12-02 14:56:03,XBTUSD,short,Limit,300000,-0.3345,2.199,7300200000
2018-12-02 15:08:33,XBTUSD,short,Limit,300000,-0.0366,1.986,7309800000
2018-12-02 15:12:05,XBTUSD,short,Limit,1,0.7767,0.526,24462
2018-12-02 15:16:56,XBTUSD,long,Limit,300000,-0.1957,0.096,7353000000
2018-12-02 15:36:19,XBTUSD,long,Limit,299999,0.6135,0.347,7316975610
2018-12-02 22:15:54,XBTUSD,short,Limit,174035,0.4106,6.339,4221044890
2018-12-02 22:16:35,XBTUSD,short,Limit,125965,0.4227,6.351,3055533005
2018-12-03 02:11:44,XBTUSD,short,Limit,350000,2.886,5.249,8675436672
2018-12-03 02:13:07,XBTUSD,short,Limit,1,3.8228,3.657,25237
2018-12-03 02:13:45,XBTUSD,long,Limit,349999,0.3785,0.012,8799324859
2018-12-03 02:31:37,XBTUSD,short,Limit,213844,0.3787,0.179,5428184878
2018-12-03 02:33:03,XBTUSD,short,Limit,60894,0.1849,0.203,1542702630
2018-12-03 02:33:45,XBTUSD,short,Limit,75262,0.1897,0.214,1906838032
2018-12-03 02:34:17,XBTUSD,short,Limit,15160,0.404,0.212,384381800
2018-12-03 02:34:59,XBTUSD,short,Limit,334840,0.3409,0.222,8484510760
2018-12-03 02:48:50,XBTUSD,short,Limit,95237,0.6808,0.022,2434859064
2018-12-03 02:50:51,XBTUSD,short,Limit,620605,-0.8797,0.024,15770734119
2018-12-03 02:52:37,XBTUSD,short,Limit,79396,-0.7024,0.049,2013879540
2018-12-03 03:18:30,XBTUSD,long,Limit,221866,0.2536,0.431,5613209800
2018-12-03 03:32:05,XBTUSD,long,Limit,164824,0.3114,0.646,4174186248
2018-12-03 03:34:23,XBTUSD,long,Limit,8555,0.3559,0.679,216715260
2018-12-03 03:39:18,XBTUSD,long,Limit,305358,0.4035,0.742,7729527054
2018-12-03 03:47:25,XBTUSD,long,Limit,1,0.5083,0.825,25284
2018-12-03 06:16:07,XBTUSD,short,Limit,78499,0.5057,2.479,1994895087
2018-12-03 07:15:22,XBTUSD,short,Limit,351499,0.4902,3.217,8923505113
2018-12-03 08:55:17,XBTUSD,short,Limit,350000,0.5302,3.705,8873200000
2018-12-03 11:32:28,XBTUSD,short,Limit,350000,0.1924,2.517,8821750000
2018-12-03 15:03:36,XBTUSD,short,Limit,100000,0.3094,0.01,2605900000
2018-12-03 15:05:53,XBTUSD,short,Limit,350000,0.1802,0.048,9109089426
2018-12-03 15:12:55,XBTUSD,short,Limit,350000,0.7779,0.136,9150400000
2018-12-03 15:13:32,XBTUSD,short,Limit,350000,1.4999,0.095,9234977397
2018-12-03 15:13:51,XBTUSD,short,Limit,5559,1.4165,0.098,146557476
2018-12-03 15:16:11,XBTUSD,short,Limit,350000,-0.1412,0.032,9185050000
2018-12-03 15:18:11,XBTUSD,short,Limit,23315,0.2778,0.022,611638964
2018-12-03 15:18:42,XBTUSD,short,Limit,179989,0.2307,0.031,4719605766
2018-12-03 15:19:28,XBTUSD,short,Limit,83463,0.1962,0.047,2187732156
2018-12-03 15:28:48,XBTUSD,short,Limit,3233,-0.1308,0.199,84468591
2018-12-03 15:43:41,XBTUSD,short,Limit,350000,1.1692,0.287,9244673218
2018-12-03 15:48:49,XBTUSD,short,Limit,1,0.2609,0.339,26161
2018-12-03 15:50:17,XBTUSD,long,Limit,338931,0.2616,0.025,8843726583
2018-12-03 16:02:58,XBTUSD,long,Limit,11067,-0.0654,0.232,289711926
2018-12-03 16:03:12,XBTUSD,long,Limit,350000,-0.0011,0.144,9162300000
2018-12-03 18:00:22,XBTUSD,long,Limit,1,0.4581,2.087,26059
2018-12-04 00:11:21,XBTUSD,short,Limit,336392,1.3895,6.183,8889422965
2018-12-04 00:12:18,XBTUSD,short,Limit,13606,0.8208,6.198,357484044
2018-12-04 00:15:22,XBTUSD,short,Limit,1,0.5212,6.249,26195
2018-12-04 00:16:22,XBTUSD,long,Limit,84330,0.262,0.017,2203289910
2018-12-04 02:34:19,XBTUSD,long,Limit,43179,0.222,0.025,1125201561
2018-12-04 06:05:04,XBTUSD,long,Limit,137903,1.8568,0.021,3591269926
2018-12-04 06:06:41,XBTUSD,long,Limit,2097,1.3926,0.048,54859617
2018-12-04 06:07:17,XBTUSD,long,Limit,350000,1.7067,0.047,9090245276
2018-12-04 06:14:34,XBTUSD,long,Limit,350000,0.3884,0.081,9026500000
2018-12-04 06:44:04,XBTUSD,long,Limit,1,1.5016,0.57,25507
2018-12-04 06:46:40,XBTUSD,short,Limit,207562,0.4474,0.044,5318776250
2018-12-04 09:24:51,XBTUSD,short,Limit,51405,-0.727,2.687,1301883030
2018-12-04 09:35:34,XBTUSD,short,Limit,298595,-1.0389,2.766,7532233449
2018-12-04 09:36:39,XBTUSD,short,Limit,20942,-0.4436,2.604,528513254
2018-12-04 09:37:01,XBTUSD,short,Limit,77980,-0.4689,2.613,1967435400
2018-12-04 09:38:31,XBTUSD,short,Limit,251078,-0.6201,2.634,6325211246
2018-12-04 09:43:01,XBTUSD,short,Limit,349999,-0.0505,0.642,8839574744
2018-12-04 10:05:13,XBTUSD,long,Limit,1,0.8966,0.358,25031
2018-12-04 10:17:54,XBTUSD,short,Limit,105661,1.2127,0.211,2677309525
2018-12-04 10:26:20,XBTUSD,short,Limit,244339,1.214,0.36,6191305921
2018-12-04 11:06:11,XBTUSD,short,Limit,168105,0.5044,0.941,4261293645
2018-12-04 11:10:12,XBTUSD,short,Limit,88950,0.5422,1.008,2255594100
2018-12-04 16:20:06,XBTUSD,short,Limit,349999,1.1041,5.797,8945624441
2018-12-05 00:53:54,XBTUSD,long,Limit,54092,0.7598,4.343,1382699704
2018-12-05 00:57:16,XBTUSD,long,Limit,123892,0.6566,4.397,3170258176
2018-12-05 01:00:52,XBTUSD,long,Limit,172016,0.5864,4.457,4404711810
2018-12-05 02:56:05,XBTUSD,long,Limit,350000,-0.4139,1.246,9090900000
2018-12-05 02:57:32,XBTUSD,long,Limit,350000,-0.1809,0.798,9079000000
2018-12-05 05:25:37,XBTUSD,long,Limit,350000,-0.0651,3.049,9114700000
2018-12-05 05:26:59,XBTUSD,long,Limit,350000,-0.13,2.4,9114700000
2018-12-05 05:27:32,XBTUSD,long,Limit,174892,1.024,1.262,4545617972
2018-12-05 05:30:25,XBTUSD,long,Limit,174892,0.7198,1.034,4548591136
2018-12-05 05:30:36,XBTUSD,long,Limit,217,0.6941,1.023,5644387
2018-12-06 00:03:11,XBTUSD,short,Limit,178188,-0.6018,0.159,4796729429
2018-12-06 00:03:28,XBTUSD,short,Limit,127532,-0.8611,0.161,3424352778
2018-12-06 00:04:29,XBTUSD,short,Limit,44281,-0.671,0.175,1191218363
2018-12-06 00:09:51,XBTUSD,long,Limit,116563,0.4227,0.09,3122705990
2018-12-06 00:10:31,XBTUSD,long,Limit,189156,0.2825,0.102,5074677168
2018-12-06 02:14:44,XBTUSD,short,Limit,135411,0.5231,2.07,3651899259
2018-12-06 02:16:29,XBTUSD,short,Limit,214589,0.3431,2.033,5785534029
2018-12-06 02:18:07,XBTUSD,short,Limit,350000,0.5533,1.921,9459450000
2018-12-06 02:58:34,XBTUSD,short,Limit,198888,0.9977,2.32,5382704832
2018-12-06 02:59:49,XBTUSD,short,Limit,150000,1.2324,2.337,4068900000
2018-12-06 03:01:58,XBTUSD,short,Limit,350000,1.0022,0.595,9518545171
2018-12-06 04:46:48,XBTUSD,short,Limit,121796,0.4123,0.418,3298479272
2018-12-06 05:06:21,XBTUSD,short,Limit,1,-0.5262,0.625,26842
2018-12-06 05:07:19,XBTUSD,long,Limit,349999,1.4206,0.016,9255774745
2018-12-06 05:08:19,XBTUSD,short,Limit,1,0.463,0.016,26578
2018-12-06 05:12:36,XBTUSD,long,Limit,350000,0.598,0.071,9247000000
2018-12-06 05:13:05,XBTUSD,long,Limit,7900,1.559,0.067,207296000
2018-12-06 05:13:56,XBTUSD,long,Limit,73,1.7322,0.082,1912235
2018-12-06 05:16:19,XBTUSD,short,Limit,343000,0.4904,0.028,9020214000
2018-12-06 05:31:27,XBTUSD,short,Limit,350000,0.5211,0.049,9174200000
2018-12-06 05:33:33,XBTUSD,short,Limit,496,0.7171,0.083,13026944
2018-12-06 06:02:09,XBTUSD,long,Limit,349504,0.6566,0.476,9119607872
2018-12-06 10:35:31,XBTUSD,short,Limit,145092,0.465,0.269,3843487080
2018-12-06 10:37:07,XBTUSD,short,Limit,205000,0.4087,0.279,5427580000
2018-12-06 14:44:33,XBTUSD,short,Limit,350000,0.4352,0.028,9742600000
2018-12-06 14:46:49,XBTUSD,short,Limit,350000,0.2079,0.059,9722300000
2018-12-06 14:50:33,XBTUSD,short,Limit,198328,1.2612,0.076,5567073200
2018-12-06 14:51:14,XBTUSD,short,Limit,150000,-0.082,0.086,4154587218
2018-12-06 14:52:54,XBTUSD,short,Limit,2076,-2.0097,0.113,56413224
2018-12-06 14:54:59,XBTUSD,long,Limit,279670,0.2296,0.035,7582350916
2018-12-06 14:55:27,XBTUSD,long,Limit,68000,0.012,0.042,1847621836
2018-12-06 15:28:16,XBTUSD,long,Limit,254,-1.7663,0.59,7026402
2018-12-06 15:31:54,XBTUSD,short,Limit,41615,0.6916,0.061,1159185825
2018-12-06 15:33:01,XBTUSD,short,Limit,86000,0.6824,0.079,2395311817
2018-12-06 16:16:38,XBTUSD,short,Limit,352,0.2075,0.806,9757440
2018-12-06 16:57:28,XBTUSD,long,Limit,15000,0.8947,0.019,419077940
2018-12-06 23:36:42,XBTUSD,long,Limit,617,0.2114,6.667,17355593
2018-12-06 23:38:49,XBTUSD,short,Limit,349383,0.8439,0.035,9911646327
2018-12-06 23:50:54,XBTUSD,long,Limit,350000,1.0786,0.012,10146500000
2018-12-06 23:54:46,XBTUSD,long,Limit,617,0.7326,0.073,17949147
2018-12-07 00:00:42,XBTUSD,short,Limit,350000,0.5762,0.074,10210200000
2018-12-07 00:32:46,XBTUSD,short,Limit,103980,0.4333,0.22,3043504399
2018-12-07 00:44:35,XBTUSD,short,Limit,250000,1.1706,0.39,7375050856
2018-12-07 00:49:18,XBTUSD,short,Limit,350000,1.6692,0.42,10347400000
2018-12-07 00:54:12,XBTUSD,short,Limit,2871,2.5872,0.501,85676382
2018-12-07 00:54:41,XBTUSD,long,Limit,347129,0.4178,0.008,10315979622
2018-12-07 00:56:44,XBTUSD,short,Limit,2871,1.2184,0.034,86371164
2018-12-07 00:57:54,XBTUSD,long,Limit,347129,0.3031,0.021,10408663065
2018-12-07 00:58:42,XBTUSD,short,Limit,350000,0.4124,0.009,10542000000
2018-12-07 00:59:32,XBTUSD,short,Limit,2871,0.6599,0.023,86684103
2018-12-07 01:01:43,XBTUSD,long,Limit,347129,-0.3623,0.036,10519050087
2018-12-07 01:02:04,XBTUSD,short,Limit,2871,-0.3761,0.006,86674887
2018-12-07 01:02:54,XBTUSD,long,Limit,347129,0.8158,0.013,10394586386
2018-12-07 01:05:16,XBTUSD,short,Limit,350000,0.7304,0.012,10439800000
2018-12-07 01:09:24,XBTUSD,short,Limit,350000,0.6826,0.051,10447850000
2018-12-07 01:10:36,XBTUSD,short,Limit,2500,0.7264,0.07,74660075
2018-12-07 01:26:57,XBTUSD,short,Limit,350000,0.2749,0.174,10539374703
2018-12-07 01:29:11,XBTUSD,short,Limit,176901,1.064,0.179,5360631003
2018-12-07 02:32:13,XBTUSD,short,Limit,350000,0.0626,1.194,10487050000
2018-12-07 02:37:05,XBTUSD,short,Limit,13770,0.5984,1.234,414449460
2018-12-07 02:38:53,XBTUSD,short,Limit,340000,-0.0469,1.147,10210200000
2018-12-07 03:21:54,XBTUSD,short,Limit,350000,1.261,1.52,10550050000
2018-12-07 05:27:07,XBTUSD,short,Limit,350000,-1.5823,2.219,10385900000
2018-12-07 05:43:49,XBTUSD,short,Limit,350000,-1.4177,2.154,10332816456
2018-12-07 06:28:07,BCHZ18,short,Limit,500,2.2082,1.027,1550000000
2018-12-07 08:03:53,XBTUSD,short,Limit,93178,-0.4256,3.405,2769063804
2018-12-07 08:05:27,XBTUSD,short,Limit,11472,-0.373,3.41,341074032
2018-12-07 08:06:32,XBTUSD,short,Limit,180425,-0.4044,3.427,5362518222
2018-12-07 08:35:05,XBTUSD,short,Limit,64925,-0.4327,3.903,1929116525
2018-12-07 09:06:17,XBTUSD,short,Limit,296160,1.3388,3.713,8880357600
2018-12-07 09:06:36,XBTUSD,short,Limit,53840,1.2114,3.698,1613907840
2018-12-07 11:27:43,XBTUSD,short,Limit,350000,0.6735,5.781,10341032124
2018-12-07 11:28:21,XBTUSD,short,Limit,180110,0.2581,3.792,5336942512
2018-12-07 12:02:10,XBTUSD,short,Limit,350000,0.0375,3.582,10401458856
2018-12-07 15:52:21,XBTUSD,short,Limit,350000,0.8448,5.248,10496712043
2018-12-07 15:56:16,XBTUSD,short,Limit,231277,1.8144,3.767,6961893614
2018-12-07 15:57:29,XBTUSD,short,Limit,110000,1.8845,3.786,3314286940
2018-12-07 16:14:59,XBTUSD,short,Limit,40000,0.618,1.107,1209360000
2018-12-07 16:15:28,XBTUSD,short,Limit,350000,0.8537,0.218,10628125940
2018-12-07 16:21:00,XBTUSD,short,Limit,4874,3.0112,0.224,150572482
2018-12-07 16:23:01,XBTUSD,long,Limit,345126,0.8613,0.034,10578457026
2018-12-07 16:34:21,XBTUSD,short,Limit,4874,1.3027,0.189,151367004
2018-12-07 16:35:42,XBTUSD,long,Limit,86209,0.6713,0.022,2658685560
2018-12-07 16:42:02,XBTUSD,long,Limit,120992,0.8435,0.128,3725706656
2018-12-07 16:43:52,XBTUSD,long,Limit,217925,0.7328,0.142,6715794725
2018-12-07 16:48:49,XBTUSD,short,Limit,342075,0.5233,0.054,10525305675
2018-12-07 16:49:58,XBTUSD,long,Limit,7000,0.1077,0.019,215152000
2018-12-07 17:03:13,XBTUSD,long,Limit,925,-0.0154,0.24,28465950
2018-12-07 17:06:19,XBTUSD,short,Limit,10000,0.5232,0.051,309360000
2018-12-07 17:42:09,XBTUSD,short,Limit,765,0.0,0.646,23542110
2018-12-07 17:45:14,ETHUSD,long,Limit,1,-19.305,265.179,8360
2018-12-07 17:45:21,ETHUSD,short,Limit,1,0.0,0.002,8360
2018-12-07 18:45:43,XBTUSD,long,Limit,350000,-0.1536,1.06,10787350000
2018-12-07 19:12:28,XBTUSD,long,Limit,349235,5.8823,1.49,10174263255
2018-12-08 00:23:48,XBTUSD,short,Limit,30000,0.5365,0.252,886260000
2018-12-08 10:54:56,XBTUSD,short,Limit,984,0.3674,10.641,29027016
2018-12-08 15:32:32,XBTUSD,long,Limit,153477,-0.5752,4.631,4553509113
2018-12-08 15:33:31,XBTUSD,long,Limit,176971,-0.5809,4.625,5251437454
2018-12-08 15:33:46,XBTUSD,long,Limit,20000,-0.649,4.599,593820000
2018-12-09 00:14:11,XBTUSD,long,Limit,350000,-0.7751,0.59,10318350000
2018-12-09 07:56:51,XBTUSD,long,Limit,350000,0.4579,7.864,10286500000
2018-12-09 12:02:51,XBTUSD,long,Limit,350000,-0.291,0.397,10218950000
2018-12-09 13:53:36,XBTUSD,long,Limit,350000,1.0204,2.234,10101000000
2018-12-09 14:00:52,XBTUSD,long,Limit,350000,1.8351,2.198,10063494732
2018-12-09 14:06:13,XBTUSD,long,Limit,27,1.902,2.28,775305
2018-12-09 14:24:29,XBTUSD,short,Limit,350000,-0.5025,0.301,9999850000
2018-12-09 14:24:58,XBTUSD,short,Limit,5667,0.4415,0.051,162144204
2018-12-09 15:19:20,XBTUSD,short,Limit,350000,0.5723,0.955,10028550000
2018-12-09 15:55:05,XBTUSD,short,Limit,350000,-1.1357,1.232,9873150000
2018-12-09 16:05:17,XBTUSD,short,Limit,350000,-0.608,0.33,9901150000
2018-12-09 16:05:31,XBTUSD,short,Limit,350000,0.2085,0.235,9902497032
2018-12-09 17:10:39,ETHUSD,long,Limit,1,15.7297,47.422,9675
2018-12-09 17:30:24,XBTUSD,short,Limit,350000,-0.8546,1.632,9754850000
2018-12-09 17:31:28,XBTUSD,short,Limit,350000,-0.9613,1.572,9754850000
2018-12-09 17:32:09,XBTUSD,short,Limit,350000,-1.0053,1.174,9769550000
2018-12-09 17:32:37,XBTUSD,short,Limit,350000,0.415,0.553,9790200000
2018-12-09 17:52:32,XBTUSD,short,Limit,350000,1.3356,0.753,9824635908
2018-12-09 17:57:47,XBTUSD,short,Limit,344306,0.6974,0.369,9671555540
2018-12-09 17:59:05,ETHUSD,short,Limit,300000,1.6337,0.792,2849866495
2018-12-09 17:59:21,ETHUSD,short,Limit,94468,1.6641,0.777,897446000
2018-12-09 18:02:17,XBTUSD,long,Limit,350000,0.4527,0.055,9803850000
2018-12-09 18:10:53,XBTUSD,long,Limit,5694,0.6188,0.197,159181464
2018-12-09 18:50:42,XBTUSD,short,Limit,16161,0.4054,0.663,453639270
2018-12-09 18:59:32,XBTUSD,short,Limit,31547,0.3449,0.81,884978634
2018-12-09 19:00:15,XBTUSD,short,Limit,143105,0.2965,0.821,4012641811
2018-12-09 19:24:08,XBTUSD,short,Limit,350000,0.7775,0.75,9860102924
2018-12-09 19:28:45,ETHUSD,short,Limit,100000,1.1494,1.3,946000000
2018-12-09 19:29:08,ETHUSD,short,Limit,100000,1.3266,1.232,945000000
2018-12-09 19:29:14,ETHUSD,short,Limit,100000,1.3888,1.042,944000000
2018-12-09 19:29:21,ETHUSD,short,Limit,100000,1.3584,1.004,944000000
2018-12-09 19:58:09,XBTUSD,short,Limit,3493,0.5311,0.952,98160286
2018-12-09 21:56:57,XBTUSD,long,Limit,68591,0.425,0.047,1944486259
2018-12-09 21:57:46,XBTUSD,long,Limit,210000,0.427,0.057,5953290000
2018-12-09 21:59:54,XBTUSD,long,Limit,4700,0.2705,0.092,133447100
2018-12-10 05:05:41,ETHUSD,short,Limit,1,3.7618,10.584,9210
2018-12-10 06:11:36,XBTUSD,long,Limit,28174,0.2857,0.022,806706142
2018-12-10 06:15:19,XBTUSD,long,Limit,236160,-0.1354,0.07,6790478428
2018-12-10 06:18:16,XBTUSD,long,Limit,85000,-0.2154,0.12,2446045000
2018-12-10 06:19:14,XBTUSD,long,Limit,714,-0.1436,0.135,20531784
2018-12-10 06:22:23,XBTUSD,short,Limit,349286,0.1582,0.05,10060135372
2018-12-10 07:06:03,XBTUSD,long,Limit,714,-0.1296,0.728,20591046
2018-12-10 07:33:31,XBTUSD,short,Limit,162724,-0.4275,0.457,4673219504
2018-12-10 07:40:41,XBTUSD,short,Limit,248057,-0.7109,0.567,7108572918
2018-12-10 07:42:23,XBTUSD,short,Limit,75698,-0.6946,0.575,2168974794
2018-12-10 07:43:29,XBTUSD,short,Limit,132285,-0.7615,0.595,3788774685
2018-12-10 07:45:02,XBTUSD,short,Limit,246309,-0.2764,0.322,7058461291
2018-12-10 07:46:51,XBTUSD,short,Limit,34737,-0.2437,0.21,993617148
2018-12-10 08:20:26,XBTUSD,long,Limit,263,-0.6007,0.56,7568351
2018-12-10 09:06:20,XBTUSD,short,Limit,350000,0.9353,0.724,10167150000
2018-12-10 09:07:40,XBTUSD,short,Limit,125739,0.8756,0.69,3650380100
2018-12-10 09:07:55,XBTUSD,short,Limit,69912,0.8206,0.693,2028201208
2018-12-10 09:08:32,XBTUSD,short,Limit,154086,0.8627,0.697,4469572602
2018-12-10 16:05:11,XBTUSD,long,Limit,350000,2.0665,1.504,9931950000
2018-12-10 16:10:33,XBTUSD,long,Limit,350000,-0.5213,0.085,10093650000
2018-12-10 16:30:51,XBTUSD,long,Limit,263504,-0.8065,0.408,7643460528
2018-12-10 17:46:23,XBTUSD,long,Limit,220037,-1.3726,1.635,6437983485
2018-12-10 17:56:07,XBTUSD,long,Limit,222347,-0.9836,1.767,6494772250
2018-12-10 17:58:01,XBTUSD,long,Limit,18277,-0.8918,1.725,534657081
2018-12-10 17:58:28,XBTUSD,long,Limit,280621,-0.752,1.692,8207603008
2018-12-10 18:36:41,XBTUSD,long,Limit,320000,-0.3415,2.195,9342606036
2018-12-10 18:56:21,XBTUSD,long,Limit,320000,-0.5405,1.652,9386973151
2018-12-10 18:56:35,XBTUSD,long,Limit,30000,-0.6965,1.653,881421955
2018-12-10 18:56:39,XBTUSD,long,Limit,1000,-0.7002,1.654,29382000
2018-12-10 19:25:38,XBTUSD,long,Limit,350000,-1.0632,0.303,10374092946
2018-12-10 19:27:15,XBTUSD,long,Limit,350000,-0.344,0.167,10378200000
2018-12-10 19:27:38,XBTUSD,long,Limit,2800,0.1479,0.153,82717600
2018-12-11 01:31:13,XBTUSD,long,Limit,77,0.0,6.212,2278122
2018-12-11 02:36:59,XBTUSD,short,Limit,250049,0.0011,1.096,7398021130
2018-12-11 04:03:53,XBTUSD,short,Limit,145660,-0.0551,2.171,4303087720
2018-12-11 04:04:43,XBTUSD,short,Limit,204263,-0.2649,1.373,6009454970
2018-12-11 06:08:31,XBTUSD,long,Limit,73744,0.2874,2.05,2158118160
2018-12-11 06:10:18,XBTUSD,long,Limit,270000,0.4255,2.075,7890210000
2018-12-11 09:13:07,XBTUSD,long,Limit,350000,0.1282,5.086,10279150000
2018-12-11 16:12:11,XBTUSD,long,Limit,350000,-2.5465,9.877,10534300000
2018-12-11 16:12:32,XBTUSD,long,Limit,6900,-2.3757,9.832,207303600
2018-12-11 16:12:49,XBTUSD,long,Limit,350000,0.6969,0.034,10533458375
2018-12-11 16:15:30,XBTUSD,long,Limit,350000,0.0804,0.034,10558100000
2018-12-11 16:39:55,XBTUSD,long,Limit,93,0.5585,0.441,2791953
2018-12-11 23:43:12,XBTUSD,short,Limit,278119,-0.4967,7.03,8321719470
2018-12-11 23:46:32,XBTUSD,short,Limit,126646,-0.2351,5.622,3788995028
2018-12-12 00:01:51,XBTUSD,short,Limit,350000,0.8029,0.888,10485300000
2018-12-12 05:39:54,XBTUSD,short,Limit,350000,-0.0454,5.719,10451000000
2018-12-12 10:34:08,XBTUSD,short,Limit,350000,-0.2395,0.137,10249050000
2018-12-12 11:58:24,XBTUSD,short,Limit,350000,-0.2152,1.321,10241350000
2018-12-12 12:11:33,XBTUSD,short,Limit,24691,0.8483,1.065,725668490
2018-12-12 12:11:45,XBTUSD,short,Limit,326239,0.828,1.045,9583859725
2018-12-12 13:30:27,XBTUSD,long,Limit,23000,-0.2056,1.313,676959000
2018-12-12 13:41:02,XBTUSD,long,Limit,761,0.0587,1.488,22339916
2018-12-12 15:45:22,XBTUSD,short,Limit,165478,-1.1882,2.064,4800711914
2018-12-12 15:45:44,XBTUSD,short,Limit,100912,-1.277,2.058,2925035232
2018-12-12 15:46:09,XBTUSD,short,Limit,287246,-1.1503,0.786,8317368509
2018-12-12 15:46:33,XBTUSD,short,Limit,350000,-0.8008,0.242,10112550000
2018-12-12 15:46:49,XBTUSD,short,Limit,145603,-0.3628,0.222,4211275569
2018-12-12 15:54:07,XBTUSD,long,Limit,176856,-0.0705,0.121,5118808944
2018-12-12 15:56:17,XBTUSD,long,Limit,181678,-0.3254,0.134,5268823352
2018-12-12 16:06:43,XBTUSD,short,Limit,350000,-0.1988,0.134,10136000000
2018-12-12 16:07:21,XBTUSD,short,Limit,192382,-0.0756,0.118,5573716950
2018-12-12 16:08:00,XBTUSD,short,Limit,154331,-0.1704,0.119,4464950161
2018-12-12 17:06:55,XBTUSD,long,Limit,208182,-0.6516,0.826,6038735274
2018-12-12 18:29:28,XBTUSD,long,Limit,119394,-0.7925,2.198,3468276306
2018-12-12 18:30:17,XBTUSD,long,Limit,230606,-0.4487,1.932,6699796118
2018-12-12 18:31:25,XBTUSD,long,Limit,4735,-0.3474,1.887,137547015
2018-12-12 18:32:21,XBTUSD,long,Limit,350000,-0.0829,1.714,10168550000
2018-12-12 18:34:28,XBTUSD,long,Limit,337178,0.2863,1.45,9779261672
2018-12-12 20:42:44,XBTUSD,short,Limit,350000,0.1479,2.126,10171350000
2018-12-13 12:55:22,XBTUSD,short,Limit,350000,-1.1589,6.546,10295003144
2018-12-13 12:56:05,XBTUSD,short,Limit,2771,-1.2649,6.46,81439690
2018-12-13 13:20:49,XBTUSD,long,Limit,350000,-0.1351,0.411,10303300000
2018-12-13 13:22:02,XBTUSD,long,Limit,103839,-0.3514,0.343,3056075831
2018-12-13 13:23:16,XBTUSD,long,Limit,243390,-0.3666,0.361,7163697870
2018-12-13 13:28:52,XBTUSD,short,Limit,350000,0.2046,0.094,10307850000
2018-12-13 13:32:26,XBTUSD,short,Limit,350000,0.255,0.135,10324650000
2018-12-13 13:33:05,XBTUSD,short,Limit,2700,0.2502,0.119,79668900
2018-12-13 17:06:58,XBTUSD,short,Limit,350000,0.7892,1.394,10385797286
2018-12-13 19:42:39,XBTUSD,short,Limit,350000,2.488,3.559,10554368945
2018-12-13 19:44:01,XBTUSD,short,Limit,350000,1.7265,2.419,10575556860
2018-12-13 20:23:12,XBTUSD,short,Limit,350000,1.5379,0.516,10714102976
2018-12-13 20:28:04,XBTUSD,short,Limit,200000,0.6244,0.081,6126086590
2018-12-13 20:28:59,XBTUSD,short,Limit,11000,0.8676,0.092,337788000
2018-12-13 21:00:27,XBTUSD,short,Limit,350000,0.3998,0.13,10819200000
2018-12-13 21:45:05,XBTUSD,short,Limit,350000,0.3309,0.58,10788436134
2018-12-14 05:41:28,XBTUSD,short,Limit,350000,0.177,8.318,10769150000
2018-12-14 12:03:07,XBTUSD,short,Limit,350000,-0.091,14.236,10785950000
2018-12-14 12:04:58,XBTUSD,short,Limit,109340,0.4518,7.2,3366906620
2018-12-14 12:05:49,XBTUSD,short,Limit,509284,0.5169,6.107,15672401366
2018-12-14 12:06:49,XBTUSD,short,Limit,80000,0.2446,5.222,2452480000
2018-12-14 12:07:04,XBTUSD,short,Limit,2762,0.2446,5.226,84671872
2018-12-14 12:09:29,XBTUSD,long,Limit,238,0.092,0.04,7289464
2018-12-14 17:25:54,XBTUSD,short,Limit,350000,2.7042,5.252,11019070710
2018-12-14 18:13:19,XBTUSD,short,Limit,2800,2.711,6.038,88160800
2018-12-14 18:40:51,XBTUSD,short,Limit,87,2.7411,6.497,2740137
2018-12-14 18:42:36,XBTUSD,long,Limit,249581,0.0248,0.029,7860060031
2018-12-14 18:43:39,XBTUSD,long,Limit,100000,-0.0379,0.047,3150100000
2018-12-14 18:52:06,XBTUSD,long,Limit,264000,0.0787,0.09,8308344000
2018-12-14 18:53:42,XBTUSD,long,Limit,943,0.189,0.087,29645091
2018-12-14 20:52:49,XBTUSD,short,Limit,13429,0.6913,0.793,424974134
2018-12-14 21:17:28,XBTUSD,short,Limit,349772,0.7531,1.048,11077629012
2018-12-14 22:24:57,XBTUSD,long,Limit,228,1.9794,1.125,7080768
2018-12-14 23:08:34,XBTUSD,short,Limit,349772,0.5435,0.727,10921980472
2018-12-15 00:46:22,XBTUSD,long,Limit,228,0.2342,1.63,7102884
2018-12-15 02:04:29,XBTUSD,short,Limit,349772,0.3894,1.302,10938769528
2018-12-15 03:51:05,XBTUSD,long,Limit,228,0.5629,1.776,7090572
2018-12-15 10:37:26,XBTUSD,short,Limit,349772,2.177,6.783,11119601652
2018-12-15 11:10:44,XBTUSD,long,Limit,228,0.2702,0.539,7228968
2018-12-15 11:11:53,XBTUSD,short,Limit,349772,-0.5489,0.019,11029319142
2018-12-15 11:13:19,XBTUSD,long,Limit,228,-0.2196,0.024,7202748
2018-12-15 13:22:38,XBTUSD,short,Limit,350000,0.9665,2.161,11164650450
2018-12-15 13:53:10,XBTUSD,short,Limit,349772,0.503,2.429,11140491704
2018-12-15 14:36:16,XBTUSD,long,Limit,228,0.3981,0.703,7232388
2018-12-15 15:58:27,XBTUSD,short,Limit,349772,0.3551,1.369,11134618374
2018-12-15 16:11:26,XBTUSD,long,Limit,228,0.1591,0.216,7243788
2018-12-15 16:28:08,XBTUSD,short,Limit,349772,0.0635,0.278,11119601652
2018-12-16 02:26:37,XBTUSD,long,Limit,228,2.7341,9.975,7055460
2018-12-16 02:44:32,XBTUSD,short,Limit,349772,0.4695,0.301,10879308288
2018-12-16 03:19:13,XBTUSD,long,Limit,228,0.4355,0.574,7060932
2018-12-16 07:17:42,XBTUSD,short,Limit,349772,-0.1548,3.992,10815300012
2018-12-16 08:22:43,XBTUSD,long,Limit,350000,-0.1554,0.708,10878000000
2018-12-16 09:49:57,XBTUSD,long,Limit,350000,0.1709,2.064,10867850000
2018-12-16 10:18:30,XBTUSD,long,Limit,262773,0.6695,1.248,8129145528
2018-12-16 10:18:55,XBTUSD,long,Limit,87000,0.654,1.208,2691867000
2018-12-16 10:21:10,XBTUSD,long,Limit,455,0.6384,1.241,14079975
2018-12-16 12:59:13,XBTUSD,short,Limit,350000,0.0474,2.632,10836000000
2018-12-16 14:17:52,XBTUSD,short,Limit,349545,1.3727,1.755,10890066120
2018-12-16 14:32:32,XBTUSD,long,Limit,350000,-0.0003,0.108,10929100000
2018-12-16 14:34:45,XBTUSD,long,Limit,350000,0.2187,0.078,10922100000
2018-12-16 14:35:01,XBTUSD,long,Limit,350000,0.2189,0.061,10920350000
2018-12-16 15:30:31,XBTUSD,long,Limit,350000,0.3126,0.754,10903550000
2018-12-16 16:01:53,XBTUSD,long,Limit,455,0.4688,1.275,14152320
2018-12-16 19:25:05,XBTUSD,short,Limit,130000,-0.4666,3.386,4024800000
2018-12-16 19:29:49,XBTUSD,short,Limit,76000,-0.4666,3.465,2352960000
2018-12-16 19:29:59,XBTUSD,short,Limit,1000,-0.451,3.468,30965000
2018-12-16 21:19:41,XBTUSD,short,Limit,350000,0.3345,3.367,10898300000
2018-12-16 22:09:37,XBTUSD,short,Limit,151268,1.3451,2.866,4750117736
2018-12-16 22:55:33,XBTUSD,short,Limit,219889,1.2388,3.254,6893080372
2018-12-16 23:27:14,XBTUSD,short,Limit,194142,-0.2146,1.234,6076450458
2018-12-16 23:44:28,XBTUSD,short,Limit,350000,0.0158,1.374,10971800000
2018-12-16 23:51:59,XBTUSD,short,Limit,350000,0.229,1.05,10980550000
2018-12-17 00:50:04,XBTUSD,short,Limit,350000,-0.3687,1.804,10910200000
2018-12-17 01:17:45,XBTUSD,short,Limit,152162,-0.2345,2.247,4746845752
2018-12-17 01:30:40,XBTUSD,short,Limit,197838,-0.2343,2.145,6172743438
2018-12-17 01:53:14,XBTUSD,short,Limit,350000,0.2288,1.501,10952900000
2018-12-17 02:22:07,XBTUSD,short,Limit,343348,0.7227,1.843,10755832769
2018-12-17 02:22:29,XBTUSD,short,Limit,6700,0.6221,1.846,209703300
2018-12-17 02:22:55,XBTUSD,short,Limit,68,0.6687,1.853,2129352
2018-12-17 02:23:27,XBTUSD,long,Limit,32,0.2505,0.009,999520
2018-12-17 08:10:33,XBTUSD,short,Limit,350000,-1.2321,5.785,10802400000
2018-12-17 12:16:12,XBTUSD,short,Limit,350000,-3.2333,4.197,10439800000
2018-12-17 12:18:06,XBTUSD,short,Limit,350000,-3.5011,0.175,10432100000
2018-12-17 12:18:47,XBTUSD,short,Limit,350000,1.1095,0.065,10471300000
2018-12-17 12:31:37,XBTUSD,short,Limit,700000,0.0861,0.229,20836145756
2018-12-17 13:01:53,XBTUSD,short,Stop,1000000,-1.3642,0.484,29418274926
2018-12-17 13:01:53,XBTUSD,short,Stop,1050000,-1.1811,0.31,30868518874
2018-12-17 13:14:52,XBTUSD,short,Limit,350000,0.406,0.24,10316950000
2018-12-17 13:33:21,XBTUSD,short,Limit,100000,0.8634,0.505,2953800000
2018-12-17 13:38:52,XBTUSD,short,Limit,350000,0.9692,0.472,10361050000
2018-12-17 13:49:58,XBTUSD,short,Limit,350000,0.5967,0.365,10368750000
2018-12-17 14:47:02,XBTUSD,short,Limit,350000,0.1486,0.744,10347400000
2018-12-17 14:47:14,XBTUSD,short,Limit,350000,0.2796,0.659,10347400000
2018-12-17 16:00:48,XBTUSD,short,Limit,355195,-0.2507,1.861,10447813678
2018-12-17 16:01:20,XBTUSD,short,Limit,150546,0.28,1.532,4428369944
2018-12-17 16:02:15,XBTUSD,short,Limit,545443,-0.4523,1.254,15994505993
2018-12-17 16:04:17,XBTUSD,long,Limit,4557,-0.22,0.034,133948458
2018-12-17 16:05:54,XBTUSD,short,Limit,183556,0.0601,0.027,5398814120
2018-12-17 16:10:17,XBTUSD,short,Limit,131935,0.1176,0.109,3882715115
2018-12-17 16:12:34,XBTUSD,short,Limit,350000,0.0356,0.135,10288900141
2018-12-17 16:13:51,XBTUSD,short,Limit,379952,-0.0799,0.15,11165269472
2018-12-17 16:26:47,XBTUSD,long,Limit,48,0.7934,0.216,1399440
2018-12-17 16:31:17,ETHUSD,long,Limit,1,-1.0858,179.427,9110
2018-12-17 16:51:43,XBTUSD,short,Limit,11062,0.6209,0.418,324636514
2018-12-17 18:49:59,XBTUSD,short,Limit,1000000,-2.7834,2.306,28465342460
2018-12-17 18:50:50,XBTUSD,short,Limit,917885,-2.3862,1.929,26217189312
2018-12-17 18:51:43,XBTUSD,short,Limit,49300,-2.3117,1.675,1405654200
2018-12-17 18:57:49,ETHUSD,short,Limit,400000,-4.6865,2.433,3814774650
2018-12-17 18:57:55,ETHUSD,short,Limit,201050,-1.8162,0.223,1916006500
2018-12-17 18:59:24,ETHUSD,short,Limit,198949,-2.4167,0.244,1907164755
2018-12-17 19:03:19,XBTUSD,short,Limit,100000,-3.4427,1.863,2820500000
2018-12-17 19:03:35,XBTUSD,short,Limit,350000,-3.7669,1.61,9880150000
2018-12-17 19:03:51,XBTUSD,short,Limit,1000000,-1.9329,0.334,28266855048
2018-12-17 19:04:03,XBTUSD,short,Limit,1000000,-0.5464,0.12,28240214172
2018-12-17 19:12:39,XBTUSD,short,Limit,350000,0.0157,0.195,9891700056
2018-12-17 19:12:49,XBTUSD,short,Limit,350000,0.2263,0.191,9894150000
2018-12-17 19:12:59,XBTUSD,short,Limit,350000,0.5485,0.153,9899622172
2018-12-17 19:13:19,XBTUSD,short,Limit,500000,0.4201,0.094,14118838888
2018-12-17 19:13:38,XBTUSD,short,Limit,78837,0.4779,0.098,2226751065
2018-12-17 19:19:40,XBTUSD,long,Limit,350000,0.1927,0.07,9903950000
2018-12-17 19:27:13,XBTUSD,long,Limit,350000,0.2266,0.075,9913750000
2018-12-17 19:28:46,XBTUSD,long,Limit,350000,0.2073,0.09,9908150000
2018-12-17 19:29:50,XBTUSD,long,Limit,209686,0.3217,0.084,5926840774
2018-12-17 19:41:55,XBTUSD,short,Limit,14603,0.1979,0.198,413629975
2018-12-17 19:58:37,XBTUSD,long,Limit,350000,0.17,0.275,9896992872
2018-12-17 19:59:55,XRPZ18,long,Limit,9394,0.7618,0.059,88219054
2018-12-17 20:03:26,XBTUSD,long,Limit,350000,0.2572,0.286,9895550000
2018-12-17 20:05:18,XBTUSD,long,Limit,350000,0.4987,0.259,9887150000
2018-12-17 20:06:27,XBTUSD,long,Limit,109897,0.5686,0.193,3106678293
2018-12-17 20:16:14,XBTUSD,long,Limit,230000,1.1169,0.345,6466612388
2018-12-17 20:18:08,XBTUSD,long,Limit,77764,0.3793,0.313,2195199956
2018-12-17 20:20:39,XBTUSD,long,Limit,277000,0.255,0.346,7827189000
2018-12-17 20:22:04,XBTUSD,long,Limit,736,0.4391,0.366,20758880
2018-12-17 21:07:28,XBTUSD,short,Limit,350000,0.5013,0.752,9922150000
2018-12-17 21:08:05,XBTUSD,short,Limit,350000,0.4939,0.712,9923550960
2018-12-17 21:10:22,XBTUSD,short,Limit,217491,1.7421,0.439,6181734831
2018-12-17 21:10:57,XBTUSD,short,Limit,302348,1.2805,0.438,8583357372
2018-12-17 21:13:40,XBTUSD,short,Limit,184477,1.0119,0.475,5238593369
2018-12-17 21:24:14,XBTUSD,long,Limit,350000,-0.0479,0.157,9985850000
2018-12-17 21:25:32,XBTUSD,long,Limit,350000,0.4087,0.121,9983050000
2018-12-17 21:26:05,XBTUSD,long,Limit,523,0.4153,0.126,14917529
2018-12-17 21:27:05,XRPZ18,long,Limit,200000,-1.5903,1.503,1834200000
2018-12-17 21:27:11,XRPZ18,long,Limit,42912,-1.4555,1.487,393545422
2018-12-17 21:27:27,XRPZ18,long,Limit,318397,-1.5335,0.868,2913787728
2018-12-17 21:29:42,XBTUSD,short,Limit,350000,0.1997,0.059,10003000000
2018-12-17 21:30:51,XBTUSD,short,Limit,349477,0.6039,0.074,10028409675
2018-12-17 21:33:13,XRPZ18,long,Limit,40745,-0.9771,0.395,371635145
2018-12-17 21:48:46,XBTUSD,long,Limit,350000,0.3685,0.299,10007200000
2018-12-17 21:51:28,XBTUSD,long,Limit,350000,0.2867,0.281,9999850000
2018-12-17 21:52:09,XBTUSD,long,Limit,350000,0.4037,0.165,9995650000
2018-12-18 00:08:17,XBTUSD,long,Limit,350000,0.8607,1.365,9964500000
2018-12-18 00:09:12,XBTUSD,long,Limit,350000,1.2229,1.201,9957500000
2018-12-18 05:12:46,XBTUSD,long,Limit,350000,-0.1422,0.087,9999850000
2018-12-18 06:04:35,XBTUSD,long,Limit,350000,-0.0735,0.723,10028550000
2018-12-18 06:08:57,XBTUSD,long,Limit,350000,0.0376,0.738,10017000000
2018-12-18 06:31:52,XBTUSD,long,Limit,350000,0.0713,0.955,10021550000
2018-12-18 06:38:50,XBTUSD,long,Limit,350000,0.1308,0.874,10021550000
2018-12-18 06:47:35,XBTUSD,long,Limit,289274,0.0183,0.589,8287158594
2018-12-18 06:49:47,XBTUSD,long,Limit,414054,0.0198,0.545,11867615748
2018-12-18 08:30:29,XBTUSD,short,Limit,946,1.0461,1.673,27400890
2018-12-18 08:31:23,XBTUSD,long,Limit,349054,0.256,0.015,10083821006
2018-12-18 08:50:01,XBTUSD,short,Limit,946,0.4767,0.31,27460488
2018-12-18 08:50:31,XBTUSD,long,Limit,10000,0.1016,0.008,289980000
2018-12-18 08:55:16,XBTUSD,long,Limit,200000,0.2177,0.086,5793000000
2018-12-18 09:24:18,XBTUSD,long,Limit,702,0.0871,0.567,20359404
2018-12-18 11:06:32,XBTUSD,short,Limit,350000,-0.2047,1.547,10123050000
2018-12-18 11:06:50,XBTUSD,short,Limit,350000,-0.0722,0.759,10123050000
2018-12-18 11:12:48,XBTUSD,short,Limit,350000,0.058,0.815,10128650000
2018-12-18 11:13:52,XBTUSD,short,Limit,350000,0.1736,0.608,10133200000
2018-12-18 11:15:22,XBTUSD,short,Limit,170604,0.5054,0.602,4952292912
2018-12-18 11:16:35,XBTUSD,short,Limit,178694,0.4332,0.621,5183376858
2018-12-18 13:23:17,XBTUSD,long,Limit,1200,1.7404,2.11,34212000
2018-12-18 13:32:56,XBTUSD,long,Limit,250000,0.2858,0.05,7107250000
2018-12-18 13:33:39,XBTUSD,long,Limit,3000,0.4847,0.055,85119000
2018-12-18 13:50:18,XBTUSD,long,Limit,117,0.8553,0.332,3307473
2018-12-18 13:53:04,XBTUSD,short,Limit,349883,0.3392,0.045,9924431295
2018-12-18 14:19:15,XBTUSD,long,Limit,109325,0.8521,0.231,3079575925
2018-12-18 14:19:59,XBTUSD,long,Limit,215911,0.7812,0.245,6086315179
2018-12-18 14:21:32,XBTUSD,long,Limit,185185,0.8155,0.215,5219040953
2018-12-18 14:21:53,XBTUSD,long,Limit,189500,0.6823,0.187,5343331500
2018-12-18 14:30:26,XBTUSD,long,Limit,196,1.1356,0.326,5501720
2018-12-18 14:45:19,XBTUSD,short,Limit,125798,0.1404,0.246,3536181780
2018-12-18 14:45:51,XBTUSD,short,Limit,223500,0.0561,0.252,6277221000
2018-12-18 14:50:32,XBTUSD,short,Limit,506,0.6316,0.329,14293994
2018-12-18 14:51:52,XBTUSD,long,Limit,349494,0.1412,0.023,9858876246
2018-12-18 15:14:32,XBTUSD,short,Limit,506,0.5501,0.374,14352690
2018-12-18 15:29:27,XBTUSD,long,Limit,349494,0.1276,0.248,9900815526
2018-12-18 15:46:22,XBTUSD,short,Limit,506,0.3824,0.282,14389122
2018-12-18 19:17:02,XBTUSD,long,Limit,350000,-0.469,3.505,9999850000
2018-12-18 19:23:09,XBTUSD,long,Limit,350000,-0.0998,3.597,9981300000
2018-12-18 19:41:11,XBTUSD,long,Limit,350000,0.1137,3.869,9957500000
2018-12-18 22:48:28,XBTUSD,long,Limit,281929,0.5966,5.617,7975489481
2018-12-18 22:49:22,XBTUSD,long,Limit,350000,0.9267,5.452,9888186888
2018-12-18 22:50:57,XBTUSD,long,Limit,70000,1.5341,5.436,1976870000
2018-12-18 22:52:29,XBTUSD,long,Limit,350000,2.6457,4.945,9784120795
2018-12-18 22:59:32,XBTUSD,long,Limit,3300,2.0516,4.785,92789400
2018-12-18 23:11:52,XBTUSD,long,Limit,161,3.802,4.991,4450523
2018-12-18 23:12:36,XBTUSD,short,Limit,350000,0.1383,0.012,9688700000
2018-12-18 23:14:10,XBTUSD,short,Limit,313087,0.2895,0.029,8655611957
2018-12-18 23:14:48,XBTUSD,short,Limit,36752,0.1241,0.039,1014391952
2018-12-18 23:17:37,XBTUSD,long,Limit,13248,1.7113,0.047,359510976
2018-12-18 23:18:12,XBTUSD,short,Limit,350000,0.6759,0.01,9562700000
2018-12-18 23:18:14,XBTUSD,short,Limit,323615,0.6789,0.008,8847957715
2018-12-18 23:25:51,XBTUSD,long,Limit,350000,-0.0575,0.092,9595600000
2018-12-18 23:27:18,XBTUSD,long,Limit,30000,0.0685,0.101,821370000
2018-12-18 23:31:19,XBTUSD,long,Limit,350000,0.3183,0.169,9562700000
2018-12-18 23:31:33,XBTUSD,long,Limit,346385,0.5491,0.151,9457696040
2018-12-18 23:40:07,XBTUSD,short,Limit,3615,0.273,0.143,98975085
2018-12-19 01:12:37,XBTUSD,long,Limit,350000,2.2631,0.988,9396100000
2018-12-19 01:12:38,XBTUSD,long,Limit,2246,2.3336,0.984,60255688
2018-12-19 04:10:34,XBTUSD,short,Limit,158634,-0.4388,2.966,4237188138
2018-12-19 04:11:16,XBTUSD,short,Limit,200000,-0.2646,2.893,5351200000
2018-12-19 04:11:23,XBTUSD,short,Limit,350000,-0.1969,1.429,9364600000
2018-12-19 04:24:53,XBTUSD,short,Limit,32447,0.2008,1.652,870488116
2018-12-19 04:38:11,XBTUSD,short,Limit,310000,0.0007,1.87,8299940000
2018-12-19 04:41:44,XBTUSD,short,Limit,350000,0.4484,1.883,9405900000
2018-12-19 04:43:27,XBTUSD,short,Limit,346870,1.1595,0.866,9337046660
2018-12-19 04:44:31,XBTUSD,long,Limit,3130,0.0673,0.014,84197000
2018-12-19 04:57:11,XBTUSD,short,Limit,346870,0.1345,0.214,9343290320
2018-12-19 05:10:14,XBTUSD,long,Limit,3130,0.3771,0.213,83993550
2018-12-19 05:22:01,XBTUSD,short,Limit,346870,0.1878,0.202,9325599950
2018-12-19 05:25:39,XBTUSD,long,Limit,3000,-0.0807,0.052,80721000
2018-12-19 06:00:48,XBTUSD,long,Limit,130,0.4705,0.637,3478670
2018-12-19 06:21:48,XBTUSD,short,Limit,349870,-0.0268,0.35,9359722240
2018-12-19 10:40:20,XBTUSD,long,Limit,130,1.0968,4.306,3440060
2018-12-19 12:03:12,EOSZ18,short,Limit,19807,0.7929,0.225,1409664190
2018-12-19 12:09:38,EOSZ18,short,Limit,5421,0.4607,0.333,386517300
2018-12-19 12:13:21,XBTUSD,short,Limit,350000,-0.0794,1.55,9254350000
2018-12-19 12:47:32,EOSZ18,short,Limit,30106,1.4373,0.988,2137526000
2018-12-19 13:02:28,BCHZ18,short,Limit,262,2.1538,0.091,833160000
2018-12-19 13:45:54,XBTUSD,short,Limit,350000,-2.3858,2.644,9020582000
2018-12-19 13:49:53,XBTUSD,short,Limit,350000,-1.7705,2.665,9020550000
2018-12-19 13:51:23,XBTUSD,short,Limit,350000,-1.4287,1.942,9052165724
2018-12-19 13:56:54,XBTUSD,short,Limit,350000,-1.8427,1.673,9061500000
2018-12-19 14:25:57,XBTUSD,short,Limit,350000,0.4594,1.273,9139629906
2018-12-19 14:28:24,XBTUSD,short,Limit,350000,0.9696,1.103,9156350000
2018-12-19 14:29:12,XBTUSD,short,Limit,350000,1.696,0.918,9168250000
2018-12-19 14:29:16,XBTUSD,short,Limit,2073,1.7639,0.918,54337476
2018-12-19 14:43:19,XBTUSD,long,Limit,1000000,-0.1959,0.178,26365979080
2018-12-19 14:44:37,XBTUSD,long,Limit,47927,0.1982,0.119,1263739136
2018-12-19 14:47:33,XBTUSD,short,Limit,350000,0.2805,0.045,9254350000
2018-12-19 14:48:39,XBTUSD,short,Limit,2073,0.5536,0.059,54951084
2018-12-19 14:51:09,XBTUSD,long,Limit,350000,0.4073,0.041,9239716908
2018-12-19 15:01:17,XBTUSD,long,Limit,347927,0.3089,0.211,9192231340
2018-12-19 15:20:03,XBTUSD,short,Limit,344556,-0.1337,0.147,9061133688
2018-12-19 15:25:46,XBTUSD,short,Limit,350000,-0.0014,0.236,9210600000
2018-12-19 15:27:20,XBTUSD,short,Limit,350000,0.508,0.258,9251626724
2018-12-19 15:34:21,XBTUSD,short,Limit,350000,1.0726,0.357,9298248602
2018-12-19 15:34:32,XBTUSD,short,Limit,7517,1.3009,0.36,200162721
2018-12-19 15:58:13,XBTUSD,long,Limit,350000,0.2256,0.394,9296000000
2018-12-19 16:07:44,XBTUSD,long,Limit,342483,0.4391,0.527,9074772051
2018-12-19 16:08:12,XBTUSD,short,Limit,7400,-0.106,0.006,195870600
2018-12-19 16:15:28,XBTUSD,short,Limit,350000,0.3306,0.068,9288650000
2018-12-19 16:16:09,XBTUSD,short,Limit,117,0.3439,0.08,3105531
2018-12-19 16:48:38,XBTUSD,long,Limit,350000,0.5341,0.539,9240715268
2018-12-19 16:49:26,XBTUSD,long,Limit,349883,0.664,0.532,9231662955
2018-12-19 17:01:57,XBTUSD,short,Limit,350000,0.4547,0.106,9261174736
2018-12-19 17:30:44,BCHZ18,short,Limit,500,-0.5571,0.273,1805000000
2018-12-19 17:34:14,XBTUSD,short,Limit,350000,-0.3185,0.329,9186450000
2018-12-19 17:34:39,BCHZ18,short,Limit,500,3.4759,0.169,1805000000
2018-12-19 17:38:56,XBTUSD,short,Limit,180000,0.6972,0.1,4751280000
2018-12-19 17:45:27,XBTUSD,short,Limit,1825,0.8389,0.19,48249350
2018-12-19 17:55:26,XBTUSD,long,Limit,350000,0.3318,0.143,9265550000
2018-12-19 23:31:40,XBTUSD,long,Limit,350000,-0.3941,3.464,9426684680
2018-12-20 00:12:48,XBTUSD,long,Limit,350000,-1.0868,3.842,9524878632
2018-12-20 00:13:01,XBTUSD,long,Limit,350000,-0.8233,3.836,9525250000
2018-12-20 00:14:11,XBTUSD,long,Limit,350000,-0.4876,2.813,9525250000
2018-12-20 00:15:03,XBTUSD,long,Limit,350000,-0.346,0.533,9513350000
2018-12-20 00:15:29,XBTUSD,long,Limit,350000,0.352,0.241,9485000000
2018-12-20 00:15:58,XBTUSD,long,Limit,350000,0.8184,0.213,9472400000
2018-12-20 00:18:22,XBTUSD,long,Limit,175,0.8186,0.251,4736200
2018-12-20 00:29:01,XBTUSD,short,Limit,86690,0.0869,0.15,2341570500
2018-12-20 00:30:06,XBTUSD,short,Limit,263461,-0.0784,0.168,7104857959
2018-12-20 00:40:11,XBTUSD,long,Limit,305000,0.2201,0.115,8220970000
2018-12-20 00:59:04,XBTUSD,long,Limit,350000,0.2028,0.178,9446850000
2018-12-20 01:03:26,XBTUSD,long,Limit,48335,0.4735,0.189,1303884960
2018-12-20 01:07:24,XBTUSD,long,Limit,301812,0.4184,0.25,8146207692
2018-12-20 01:08:24,XBTUSD,short,Limit,48188,-0.0675,0.017,1299726736
2018-12-20 01:20:37,XBTUSD,long,Limit,1812,0.7417,0.204,48514488
2018-12-20 01:22:31,XBTUSD,short,Limit,348188,0.2949,0.031,9349892364
2018-12-20 01:31:42,XBTUSD,long,Limit,350000,0.0943,0.139,9382100000
2018-12-20 01:33:58,XBTUSD,long,Limit,350000,0.2541,0.118,9377200000
2018-12-20 01:34:26,XBTUSD,long,Limit,14000,0.3626,0.118,374682000
2018-12-20 02:00:27,XBTUSD,long,Limit,108972,0.0678,0.098,2919577824
2018-12-20 02:02:51,XBTUSD,long,Limit,50000,0.0804,0.135,1339400000
2018-12-20 02:04:19,XBTUSD,long,Limit,350000,0.1815,0.161,9371950000
2018-12-20 02:05:33,XBTUSD,long,Limit,349983,0.2679,0.045,9351545760
2018-12-20 02:20:47,XBTUSD,short,Limit,350000,0.08,0.189,9344650000
2018-12-20 02:37:14,XBTUSD,short,Limit,350000,0.5675,0.417,9373423582
2018-12-20 02:44:35,XBTUSD,short,Limit,17,0.6658,0.539,455770
2018-12-20 02:57:13,XBTUSD,long,Limit,80473,0.067,0.21,2156032616
2018-12-20 03:22:53,XBTUSD,long,Limit,350000,-0.2219,0.608,9408700000
2018-12-20 03:23:12,XBTUSD,long,Limit,350000,-0.0176,0.51,9404850000
2018-12-20 03:24:50,XBTUSD,long,Limit,350000,0.0196,0.386,9404850000
2018-12-20 03:26:44,XBTUSD,long,Limit,350000,0.1711,0.408,9398550000
2018-12-20 03:28:16,XBTUSD,long,Limit,23500,0.2805,0.374,630458000
2018-12-20 03:31:34,XBTUSD,long,Limit,447,0.3096,0.193,11995245
2018-12-20 03:47:07,XBTUSD,short,Limit,115571,-0.0537,0.264,3099614220
2018-12-20 03:48:40,XBTUSD,short,Limit,230000,-0.0268,0.286,6170440000
2018-12-20 03:55:57,XBTUSD,short,Limit,234218,0.8731,0.371,6310983851
2018-12-20 04:00:41,XBTUSD,short,Limit,235000,0.8301,0.426,6334190000
2018-12-20 05:31:42,XBTUSD,short,Limit,350000,0.455,1.794,9423144703
2018-12-20 05:37:52,XBTUSD,short,Limit,350000,0.2606,1.625,9443686862
2018-12-20 05:44:54,XBTUSD,short,Limit,350000,0.8426,1.211,9465750000
2018-12-20 05:45:12,XBTUSD,short,Limit,4500,1.1803,1.008,122148000
2018-12-20 06:43:36,XBTUSD,short,Limit,131300,0.2706,0.084,3549564200
2018-12-20 08:10:44,XBTUSD,short,Limit,1400045,-1.5087,0.43,36756802532
2018-12-20 08:19:27,XBTUSD,long,Limit,350000,1.4997,0.042,8953941909
2018-12-20 08:25:21,XBTUSD,long,Limit,295774,-0.0962,0.048,7497575126
2018-12-20 08:27:07,XBTUSD,long,Limit,400000,-0.0203,0.073,10132800000
2018-12-20 08:33:38,XBTUSD,long,Limit,350000,0.5103,0.165,8842750000
2018-12-20 08:34:48,XBTUSD,long,Limit,350000,1.2008,0.18,8799350000
2018-12-20 08:36:22,XBTUSD,long,Limit,14181,2.7354,0.206,351235008
2018-12-20 08:38:42,XBTUSD,short,Limit,335819,1.1022,0.037,8410251036
2018-12-20 08:46:51,XBTUSD,long,Limit,350000,0.0568,0.044,8804950000
2018-12-20 09:27:32,XBTUSD,long,Limit,4000,1.7873,0.718,98924000
2018-12-20 09:35:01,XBTUSD,long,Limit,181,1.1957,0.842,4502556
2018-12-20 09:36:31,XBTUSD,short,Limit,349819,0.1244,0.025,8712941833
2018-12-20 09:59:43,XBTUSD,long,Limit,181,1.4321,0.387,4444455
2018-12-20 10:14:49,XBTUSD,short,Limit,349819,0.8594,0.25,8664316992
2018-12-20 11:22:27,XBTUSD,long,Limit,181,0.8669,1.127,4444455
2018-12-20 11:26:15,XBTUSD,short,Limit,349819,0.3683,0.065,8621639074
2018-12-20 16:36:07,XBTUSD,long,Limit,181,0.3697,5.162,4444455
2018-12-20 16:37:57,XBTUSD,short,Limit,349819,0.1228,0.031,8600300115
2018-12-20 16:49:11,XBTUSD,long,Limit,181,0.4302,0.184,4430880
2018-12-20 17:23:57,XBTUSD,short,Limit,100000,0.4039,0.579,2457900000
2018-12-20 17:49:27,XBTUSD,short,Limit,100000,0.918,1.004,2470700000
2018-12-20 17:50:19,XBTUSD,short,Limit,100000,1.2485,1.018,2478900000
2018-12-20 17:51:26,XBTUSD,short,Limit,249819,1.7815,0.756,6192664572
2018-12-20 17:54:24,XBTUSD,long,Limit,181,0.3098,0.049,4471967
2018-12-20 17:57:31,XBTUSD,short,Limit,100000,0.0865,0.052,2472800000
2018-12-20 18:04:03,XBTUSD,short,Limit,349819,0.1676,0.162,8653472603
2018-12-20 18:06:01,XBTUSD,long,Limit,181,0.1855,0.03,4469071
2018-12-20 18:36:51,XBTUSD,short,Limit,225000,0.1976,0.514,5566500000
2018-12-20 18:43:51,XBTUSD,short,Limit,225000,0.3701,0.613,5572800000
2018-12-20 18:44:34,XBTUSD,short,Limit,224819,0.4321,0.123,5575286381
2018-12-20 18:56:44,XBTUSD,long,Limit,181,0.496,0.201,4466356
2018-12-20 19:03:32,XBTUSD,short,Limit,224819,0.3085,0.108,5564719888
2018-12-20 19:35:17,XBTUSD,long,Limit,181,0.2351,0.529,4469614
2018-12-20 20:09:08,XBTUSD,short,Limit,350000,2.6423,0.559,8877750000
2018-12-20 20:09:21,XBTUSD,short,Limit,99819,3.0127,0.562,2541491559
2018-12-20 20:10:10,XBTUSD,long,Limit,7256,0.6365,0.014,183576800
2018-12-20 20:10:36,XBTUSD,long,Limit,242925,0.4795,0.021,6155722440
2018-12-20 20:17:05,XBTUSD,short,Limit,449819,0.6631,0.094,11464304633
2018-12-20 20:17:24,XBTUSD,long,Limit,181,0.2676,0.005,4599753
2018-12-20 20:43:03,XBTUSD,short,Limit,449819,-0.0566,0.43,11424053143
2018-12-20 20:44:11,XBTUSD,long,Limit,181,-0.3175,0.016,4611518
2018-12-20 20:45:09,XBTUSD,short,Limit,344983,0.114,0.016,8801920242
2018-12-20 20:45:58,XBTUSD,short,Limit,63778,0.3059,0.03,1630931016
2018-12-20 20:47:14,XBTUSD,long,Limit,450000,0.1914,0.016,11538450000
2018-12-20 20:47:26,XBTUSD,long,Limit,450000,0.4205,0.013,11535788902
2018-12-20 20:52:33,XBTUSD,long,Limit,1001,0.4891,0.099,25643618
2018-12-20 21:02:18,XBTUSD,long,Limit,221,0.8495,0.261,5641246
2018-12-20 21:15:59,XBTUSD,short,Limit,263983,-0.2042,0.229,6724702942
2018-12-20 21:16:23,XBTUSD,short,Limit,92445,-0.2553,0.234,2353742145
2018-12-20 21:18:08,XBTUSD,short,Limit,93572,-0.3821,0.263,2379442388
2018-12-20 22:02:12,XBTUSD,short,Limit,450000,-1.958,0.868,11228850000
2018-12-20 22:28:42,XBTUSD,short,Limit,450000,-0.3734,0.465,11159550000
2018-12-20 22:33:31,XBTUSD,short,Limit,450000,-1.2156,0.389,11066355549
2018-12-20 22:45:05,XBTUSD,short,Limit,450000,0.0745,0.448,11140200000
2018-12-20 22:45:07,XBTUSD,short,Limit,450000,0.7207,0.222,11145600000
2018-12-20 23:05:54,XBTUSD,short,Limit,450000,0.8765,0.498,11126994501
2018-12-21 00:02:28,XBTUSD,short,Limit,450000,0.4431,1.236,11159550000
2018-12-21 01:52:46,XBTUSD,short,Limit,450000,-1.8324,2.711,10877582028
2018-12-21 01:53:16,BCHZ18,short,Limit,221,-11.1976,1.393,1155220000
2018-12-21 01:53:42,BCHZ18,short,Limit,279,-12.6955,1.393,1477050000
2018-12-21 02:17:05,BCHZ18,short,Limit,500,3.0631,0.194,2604870000
2018-12-21 02:18:31,BCHZ18,short,Limit,14,3.1716,0.177,72660000
2018-12-21 02:26:01,XBTUSD,short,Limit,450000,0.8787,2.257,11223450000
2018-12-21 02:30:49,XBTUSD,short,Limit,180461,3.3495,0.477,4515094804
2018-12-21 02:32:18,BCHZ18,short,Limit,328,2.261,0.123,1650790000
2018-12-21 02:53:49,XBTUSD,short,Limit,431054,1.492,0.701,10705907522
2018-12-21 02:58:29,XBTUSD,short,Limit,20000,-0.4488,0.514,496460000
2018-12-21 03:00:33,BCHZ18,short,Limit,200,-2.5421,0.511,1049700000
2018-12-21 03:00:44,BCHZ18,short,Limit,3,-3.3465,0.281,15750000
2018-12-21 03:07:52,BCHZ18,short,Limit,474,0.1735,0.331,2418900000
2018-12-21 03:08:11,BCHZ18,short,Limit,26,1.1561,0.227,133380000
2018-12-21 03:10:39,XBTUSD,short,Limit,450000,-0.1559,0.68,11202300000
2018-12-21 03:12:59,BCHZ18,short,Limit,1,1.9268,0.307,5090000
2018-12-21 03:17:39,XBTUSD,short,Limit,260000,1.064,0.603,6525875402
2018-12-21 08:21:08,XBTUSD,short,Limit,364889,0.0562,5.526,9066074662
2018-12-21 08:23:58,XBTUSD,short,Limit,80000,0.0993,5.429,1987600000
2018-12-21 08:35:29,XBTUSD,short,Limit,450000,-0.312,5.455,11181650909
2018-12-21 09:44:55,XBTUSD,short,Limit,48574,1.4455,1.843,1219060271
2018-12-21 09:46:16,XBTUSD,short,Limit,59782,1.4091,1.646,1499033650
2018-12-21 09:49:44,XBTUSD,short,Limit,15499,1.4462,1.707,388792415
2018-12-21 09:52:38,XBTUSD,short,Limit,100000,1.4957,1.75,2509700000
2018-12-21 09:54:12,XBTUSD,short,Limit,100000,2.1456,1.771,2526418630
2018-12-21 12:12:29,XBTUSD,short,Limit,200000,1.4025,3.936,5017000000
2018-12-21 12:32:22,XBTUSD,short,Limit,250000,0.4708,4.019,6217370111
2018-12-21 12:35:17,XBTUSD,short,Limit,200000,-0.6973,3.575,4941812242
2018-12-21 12:37:22,XBTUSD,short,Limit,72578,-2.2628,2.392,1781064120
2018-12-21 12:38:28,XBTUSD,short,Limit,370000,-2.0868,1.065,9089790000
2018-12-21 12:41:06,XBTUSD,short,Limit,349541,0.1372,0.02,8609544371
2018-12-21 12:43:28,XBTUSD,short,Limit,100000,0.3813,0.051,2469400000
2018-12-21 12:46:23,XBTUSD,short,Limit,84183,0.3832,0.029,2082434871
2018-12-21 12:46:24,XBTUSD,short,Limit,221148,0.2906,0.021,5466278499
2018-12-21 12:50:31,XBTUSD,long,Limit,105438,-0.1924,0.065,2614167477
2018-12-21 13:10:09,XBTUSD,short,Limit,450000,-0.5948,0.324,11096100000
2018-12-21 13:34:06,XBTUSD,short,Limit,376484,0.3229,0.697,9343326776
2018-12-21 13:34:37,XBTUSD,short,Limit,75000,0.2814,0.665,1859925000
2018-12-21 14:40:54,XBTUSD,short,Limit,450000,0.1708,1.345,11118150000
2018-12-21 15:44:04,XBTUSD,short,Limit,443078,2.0532,1.106,11176433721
2018-12-21 15:45:23,XBTUSD,long,Limit,6922,0.1892,0.019,174247506
2018-12-21 20:40:42,XBTUSD,short,Limit,450000,4.3887,4.849,11855009325
2018-12-21 20:43:06,XBTUSD,short,Limit,253933,0.8506,0.254,6700340613
2018-12-21 20:44:07,XBTUSD,short,Limit,200000,0.8367,0.195,5273600000
2018-12-21 20:45:08,XBTUSD,short,Limit,3000,0.8629,0.198,79125000
2018-12-21 20:46:48,XBTUSD,short,Limit,536,1.1636,0.226,14179880
2018-12-21 20:52:15,XBTUSD,long,Limit,450000,0.2008,0.09,11881350000
2018-12-21 21:06:55,XBTUSD,long,Limit,4849,0.2013,0.312,128023947
2018-12-21 21:46:26,XBTUSD,short,Limit,1350000,-0.8398,0.462,35151300000
2018-12-21 21:55:40,XBTUSD,short,Limit,322775,-0.0687,0.245,8394732200
2018-12-21 21:57:02,XBTUSD,short,Limit,130000,-0.1298,0.261,3378830000
2018-12-21 22:04:25,XBTUSD,short,Limit,180000,0.2246,0.286,4692420000
2018-12-21 22:08:03,XBTUSD,short,Limit,150000,0.0854,0.346,3906300000
2018-12-21 22:08:34,XBTUSD,short,Limit,287306,0.4655,0.321,7489429008
2018-12-21 22:09:06,XBTUSD,short,Limit,450000,0.4682,0.239,11726550000
2018-12-21 22:13:29,XBTUSD,short,Limit,11300,0.4537,0.206,294274600
2018-12-21 22:21:06,XBTUSD,short,Limit,292105,0.1772,0.211,7610795775
2018-12-21 22:34:31,XBTUSD,long,Limit,47576,0.1723,0.156,1240591776
2018-12-21 22:41:59,XBTUSD,long,Limit,21241,0.0064,0.268,555056150
2018-12-21 22:46:34,XBTUSD,long,Limit,300000,0.1318,0.144,7838100000
2018-12-21 22:50:02,XBTUSD,long,Limit,447652,0.3142,0.157,11688193720
2018-12-22 01:16:20,XBTUSD,short,Limit,39102,0.4473,1.901,1022126280
2018-12-22 01:19:09,XBTUSD,short,Limit,410000,0.4813,1.915,10719040000
2018-12-22 02:11:29,XBTUSD,short,Limit,87379,0.9863,2.769,2294922056
2018-12-22 03:21:05,XBTUSD,short,Limit,10605,0.3381,3.924,276716265
2018-12-22 03:22:42,XBTUSD,short,Limit,215340,0.2768,3.946,5615391411
2018-12-22 03:23:10,XBTUSD,short,Limit,220000,-0.0147,2.915,5733250927
2018-12-22 03:30:55,XBTUSD,short,Limit,108247,0.1362,0.745,2821273117
2018-12-22 03:31:24,XBTUSD,short,Limit,143583,-0.0563,0.578,3739188486
2018-12-22 03:33:33,XBTUSD,short,Limit,199905,-0.0208,0.571,5205126390
2018-12-22 04:00:56,XBTUSD,long,Limit,95,-0.69,0.455,2490805
2018-12-22 04:52:41,XBTUSD,short,Limit,116684,0.3149,0.863,3069042953
2018-12-22 04:55:55,XBTUSD,short,Limit,224969,0.1828,0.916,5910727161
2018-12-22 04:56:31,XBTUSD,short,Limit,100000,0.0968,0.926,2625166617
2018-12-22 05:00:22,XBTUSD,short,Limit,450000,0.2348,0.988,11830202245
2018-12-22 05:00:52,XBTUSD,short,Limit,174587,0.2466,0.931,4588320947
2018-12-22 05:01:15,XBTUSD,short,Limit,162640,0.1988,0.934,4272187480
2018-12-22 05:01:42,XBTUSD,short,Limit,121000,0.0918,0.941,3175040000
2018-12-22 13:53:51,XBTUSD,short,Limit,29335,0.5328,0.341,767931630
2018-12-22 13:55:05,XBTUSD,short,Limit,420000,0.495,0.353,10990694904
2018-12-22 16:15:51,XBTUSD,short,Limit,450000,0.2811,1.334,11788605513
2018-12-22 19:24:54,XBTUSD,short,Limit,450000,-0.0658,2.712,11680650000
2018-12-22 20:16:38,XBTUSD,short,Limit,450000,-0.7118,0.978,11553300000
2018-12-22 22:20:40,XBTUSD,short,Limit,112866,0.5369,2.782,2935605457
2018-12-22 22:21:11,XBTUSD,short,Limit,147367,0.5355,2.77,3830913845
2018-12-22 22:38:45,XBTUSD,short,Limit,450000,1.3395,2.741,11730518642
2018-12-22 23:10:39,XBTUSD,short,Limit,899192,-1.7005,1.036,22895779369
2018-12-22 23:11:28,XBTUSD,long,Limit,808,1.1207,0.014,20352712
2018-12-22 23:12:13,XBTUSD,short,Limit,43255,-0.2528,0.013,1086804845
2018-12-22 23:13:14,XBTUSD,short,Limit,405937,-0.3149,0.029,10193078070
2018-12-22 23:39:24,XBTUSD,long,Limit,215599,-0.2988,0.416,5447755532
2018-12-22 23:40:13,XBTUSD,long,Limit,63810,-0.275,0.425,1613335536
2018-12-22 23:40:48,XBTUSD,long,Limit,164654,-0.2826,0.437,4162959261
2018-12-22 23:56:32,XBTUSD,short,Limit,355267,0.2516,0.095,8965873279
2018-12-23 00:11:01,XBTUSD,short,Limit,128000,0.1482,0.295,3225344000
2018-12-23 01:05:46,XBTUSD,short,Limit,450000,-0.2883,1.051,11278350000
2018-12-23 07:26:46,XBTUSD,short,Limit,450000,0.6118,6.45,11319300000
2018-12-23 08:27:26,XBTUSD,short,Limit,374768,0.3146,0.327,9444903136
2018-12-23 08:30:28,XBTUSD,short,Limit,75000,0.2387,0.354,1888725000
2018-12-23 14:57:18,XBTUSD,short,Limit,217,0.3015,6.801,5467966
2018-12-23 14:57:31,XBTUSD,short,Limit,383784,0.5632,5.662,9667135176
2018-12-23 14:58:00,XBTUSD,short,Limit,66000,0.5636,5.659,1662474000
2018-12-23 15:02:59,XBTUSD,short,Limit,704,1.5153,5.741,17904128
2018-12-23 15:04:59,XBTUSD,long,Limit,413278,-0.0419,0.033,10514979881
2018-12-23 15:09:38,XBTUSD,long,Limit,450000,-0.1416,0.06,11479500000
2018-12-23 15:09:51,XBTUSD,long,Limit,450000,0.2491,0.029,11472300000
2018-12-23 15:10:40,XBTUSD,long,Limit,35600,0.2556,0.038,907586400
2018-12-23 15:19:45,XBTUSD,long,Limit,20151,0.3706,0.19,513145215
2018-12-23 15:21:36,XBTUSD,long,Limit,268291,0.1926,0.219,6844047571
2018-12-23 15:22:26,XBTUSD,long,Limit,161000,0.2173,0.235,4106144000
2018-12-23 16:36:52,XBTUSD,long,Limit,976,1.3419,1.472,24615696
2018-12-23 16:37:50,XBTUSD,short,Limit,62400,0.1892,0.016,1576723200
2018-12-23 17:13:45,XBTUSD,short,Limit,51,0.6305,0.615,1294431
2018-12-23 17:45:04,XBTUSD,long,Limit,449949,0.2538,0.52,11390908884
2018-12-23 20:00:27,XBTUSD,short,Limit,103365,0.5654,1.144,2613894120
2018-12-23 20:01:20,XBTUSD,short,Limit,345000,0.616,1.161,8728500000
2018-12-23 23:10:27,XBTUSD,short,Limit,1500,0.9806,4.297,38091000
2018-12-24 02:13:35,XBTUSD,short,Limit,186,-4.6643,7.349,4468464
2018-12-24 05:43:16,XBTUSD,long,Limit,449814,1.5616,3.494,10640350170
2018-12-24 10:18:17,XBTUSD,short,Limit,186,1.8924,4.583,4484646
2018-12-24 11:07:25,XBTUSD,long,Limit,449814,-0.5425,0.825,10904390988
2018-12-24 15:02:08,XBTUSD,short,Limit,450000,0.4429,0.092,10725750000
2018-12-24 15:02:46,XBTUSD,short,Limit,186,0.6528,0.101,4444470
2018-12-24 15:32:18,XBTUSD,long,Limit,14268,0.4779,0.492,339307308
2018-12-24 15:51:58,XBTUSD,short,Limit,435732,0.9512,0.328,10461925320
2018-12-24 15:56:39,XBTUSD,long,Limit,360000,-1.7755,0.06,8855987970
2018-12-24 15:58:04,XBTUSD,long,Limit,8077,-1.3897,0.077,197967270
2018-12-24 16:00:18,XBTUSD,short,Limit,441923,0.6495,0.037,10902240410
2018-12-24 16:01:56,XBTUSD,long,Limit,109978,0.3829,0.013,2720525786
2018-12-24 16:24:27,BCHZ18,short,Limit,500,1.8007,0.302,2300000000
2018-12-24 16:24:47,XBTUSD,short,Limit,450000,-0.1807,0.378,11104200000
2018-12-24 16:32:32,XBTUSD,short,Limit,450000,-0.1445,0.49,11056500000
2018-12-24 16:39:50,XBTUSD,short,Limit,450000,0.3658,0.53,11097450000
2018-12-24 18:06:27,XBTUSD,short,Limit,450000,0.5992,1.666,11137050000
2018-12-24 19:20:09,XBTUSD,short,Limit,450000,2.4204,2.149,11284583945
2018-12-24 19:31:08,XBTUSD,short,Limit,450000,0.2207,0.187,11263950000
2018-12-25 00:31:39,XBTUSD,short,Limit,450000,4.7496,4.953,11720174193
2018-12-25 00:39:09,XBTUSD,short,Limit,186000,1.0241,0.578,4847714700
2018-12-25 02:07:29,XBTUSD,short,Limit,270499,0.1957,0.013,7044334958
2018-12-25 02:07:56,XBTUSD,short,Limit,180000,0.1689,0.014,4686300000
2018-12-25 03:28:18,XBTUSD,short,Limit,450000,0.4748,0.331,11812043385
2018-12-25 03:29:33,XBTUSD,short,Limit,19722,0.6142,0.328,518649156
2018-12-25 03:30:41,XBTUSD,long,Limit,278,0.1972,0.019,7296666
2018-12-25 03:43:07,XBTUSD,short,Limit,450000,0.2706,0.184,11835900000
2018-12-25 04:28:24,XBTUSD,short,Limit,542,1.5748,0.926,14453514
2018-12-25 04:42:54,XBTUSD,long,Limit,449458,0.2667,0.242,11953784968
2018-12-25 06:19:23,XBTUSD,short,Limit,542,-0.4787,1.6,14346198
2018-12-25 07:01:02,XBTUSD,long,Limit,77867,0.3176,0.694,2054520795
2018-12-25 07:02:41,XBTUSD,long,Limit,117661,0.3044,0.725,3104956129
2018-12-25 07:05:31,XBTUSD,long,Limit,254472,0.3186,0.769,6714243720
2018-12-25 07:55:53,XBTUSD,long,Limit,449458,0.3825,1.223,11905930618
2018-12-25 08:01:07,XBTUSD,short,Limit,542,0.7952,0.083,14482240
2018-12-25 08:01:59,XBTUSD,long,Limit,364791,0.2742,0.016,9720637700
2018-12-25 08:23:27,XBTUSD,short,Limit,5209,-0.2665,0.354,138444802
2018-12-25 12:53:14,XBTUSD,long,Limit,450000,0.4962,4.46,11903149519
2018-12-25 13:31:51,XBTUSD,long,Limit,242000,1.8206,2.059,6410580000
2018-12-25 14:18:39,XBTUSD,long,Limit,450000,-0.0215,1.918,12047164075
2018-12-25 14:32:43,XBTUSD,long,Limit,51777,0.4064,0.595,1374176907
2018-12-25 15:23:31,XBTUSD,long,Limit,450000,-1.1123,1.396,12137400000
2018-12-25 15:23:47,XBTUSD,long,Limit,17559,-0.2031,1.103,472653162
2018-12-25 17:23:35,XBTUSD,long,Limit,105087,-0.2302,3.1,2829519535
2018-12-25 17:25:26,XBTUSD,long,Limit,340830,-0.3779,2.978,9186387217
2018-12-25 17:49:44,XBTUSD,long,Limit,10000,0.8958,2.518,269030000
2018-12-25 18:37:55,XBTUSD,long,Limit,22147,1.1854,3.324,594159716
2018-12-25 18:41:04,XBTUSD,long,Limit,427500,1.0409,3.331,11473245000
2018-12-25 20:02:32,XBTUSD,long,Limit,450000,2.029,2.038,11904271152
2018-12-25 20:09:31,XBTUSD,long,Limit,60000,0.4316,0.071,1586280000
2018-12-25 20:10:22,XBTUSD,long,Limit,2000,0.4512,0.043,52848000
2018-12-25 20:38:47,XBTUSD,long,Limit,288509,0.1726,0.053,7673185364
2018-12-25 20:39:03,XBTUSD,long,Limit,733413,-0.0032,0.019,19508827406
2018-12-25 20:39:38,XBTUSD,long,Limit,328200,-0.1208,0.018,8745077173
2018-12-25 20:45:43,XBTUSD,long,Limit,57,0.0931,0.12,1515573
2018-12-26 01:23:11,XBTUSD,short,Limit,205179,-1.7141,1.705,5360711733
2018-12-26 01:23:11,XBTUSD,short,Limit,450000,-1.2445,1.018,11757150000
2018-12-26 01:48:52,XBTUSD,short,Limit,224989,-0.744,0.647,5875137757
2018-12-26 02:49:12,XBTUSD,short,Limit,450000,0.351,1.454,11760300000
2018-12-26 03:12:17,XBTUSD,short,Limit,66742,0.0451,1.816,1740742614
2018-12-26 03:13:15,XBTUSD,short,Limit,106583,-0.0763,1.83,2777818761
2018-12-26 03:15:30,XBTUSD,short,Limit,13366,-0.0913,1.865,348304594
2018-12-26 03:15:57,XBTUSD,short,Limit,256634,-0.0594,1.513,6691988184
2018-12-26 04:04:27,XBTUSD,short,Limit,450000,0.968,1.759,11788629253
2018-12-26 07:03:21,XBTUSD,short,Limit,14821,1.4932,4.369,391318863
2018-12-26 07:04:09,XBTUSD,short,Limit,440000,1.2901,4.075,11617320000
2018-12-26 07:30:29,XBTUSD,short,Limit,450000,0.7702,0.106,11988900000
2018-12-26 14:06:50,XBTUSD,short,Limit,200000,1.1237,6.29,5347600000
2018-12-26 14:08:09,XBTUSD,short,Limit,250000,0.9839,6.26,6684500000
2018-12-26 14:08:15,XBTUSD,short,Limit,3000,0.9665,6.251,80214000
2018-12-26 14:44:53,XBTUSD,short,Limit,411,2.1051,6.861,11117139
2018-12-26 14:46:27,XBTUSD,long,Limit,450000,0.2841,0.027,12137400000
2018-12-26 14:48:18,XBTUSD,long,Limit,450000,0.5344,0.044,12122064515
2018-12-26 14:48:24,XBTUSD,long,Limit,449589,0.4604,0.045,12120020262
2018-12-26 14:48:55,XBTUSD,short,Limit,411,0.0674,0.008,11087136
2018-12-26 14:54:20,XBTUSD,long,Limit,449589,0.1484,0.091,12110129304
2018-12-26 16:31:53,XBTUSD,short,Limit,27000,0.1823,0.033,720468000
2018-12-26 19:27:01,XBTUSD,short,Limit,218137,-0.0683,0.323,5755545277
2018-12-26 19:27:17,XBTUSD,short,Limit,57688,-0.1226,0.32,1521240226
2018-12-26 19:27:38,XBTUSD,short,Limit,174500,-0.287,0.326,4594113503
2018-12-26 19:38:02,XBTUSD,short,Limit,450000,0.1988,0.084,11834100000
2018-12-26 19:38:31,XBTUSD,short,Limit,5000,0.2101,0.085,131580000
2018-12-26 21:24:49,XBTUSD,short,Limit,917,1.5362,1.857,24456390
2018-12-26 21:42:18,XBTUSD,long,Limit,42252,0.7496,0.287,1118424308
2018-12-26 21:44:01,XBTUSD,long,Limit,406207,0.613,0.315,10760423430
2018-12-26 21:45:39,XBTUSD,short,Limit,3500,0.0,0.004,92715000
2018-12-27 19:06:56,XBTUSD,short,Limit,450000,3.1514,0.647,12438679019
2018-12-27 19:14:36,XBTUSD,short,Limit,450000,0.7931,0.1,12517479008
2018-12-27 19:14:55,XBTUSD,short,Limit,6500,0.5394,0.058,180784500
2018-12-27 23:29:03,XBTUSD,short,Limit,306,1.1203,4.294,8560656
2018-12-27 23:33:17,XBTUSD,long,Limit,24000,0.2933,0.071,669456000
2018-12-28 09:01:27,XBTUSD,long,Limit,363,1.3846,9.54,10015170
2018-12-28 09:14:02,XBTUSD,short,Limit,449637,0.5104,0.214,12469333284
2018-12-28 15:36:58,XBTUSD,long,Limit,363,6.0039,6.369,9496443
2018-12-28 15:40:01,XBTUSD,short,Limit,450000,0.131,0.051,11787750000
2018-12-28 15:42:48,XBTUSD,short,Limit,450000,-0.1265,0.073,11726550000
2018-12-28 16:06:54,XBTUSD,short,Limit,400000,-0.6237,0.421,10357068048
2018-12-29 09:37:44,XBTUSD,short,Limit,35321,-1.2246,17.935,909162540
2018-12-29 09:39:45,XBTUSD,short,Limit,364679,-0.1907,17.692,9378449843
2018-12-29 10:17:34,XBTUSD,short,Limit,400000,1.1246,5.25,10410021700
2018-12-29 19:21:19,XBTUSD,short,Limit,197119,1.0453,9.531,5148748280
2018-12-29 19:28:05,XBTUSD,short,Limit,302881,0.5191,9.209,7903073933
2018-12-29 21:21:11,XBTUSD,short,Limit,88362,-0.869,1.07,2269754694
2018-12-29 21:21:35,XBTUSD,short,Limit,352638,-0.8032,1.059,9064207152
2018-12-29 23:44:07,XBTUSD,short,Limit,400000,1.9652,2.472,10464400000
2018-12-29 23:45:45,XBTUSD,short,Limit,400000,1.7093,0.315,10675818686
2018-12-29 23:46:21,XBTUSD,short,Limit,49544,1.9737,0.019,1330058224
2018-12-29 23:48:22,XBTUSD,long,Limit,400000,-0.3106,0.032,10788800000
2018-12-29 23:49:15,XBTUSD,long,Limit,350000,1.2916,0.035,9396100000
2018-12-29 23:53:54,XBTUSD,long,Limit,456,1.1693,0.112,12256368
2018-12-29 23:59:22,XBTUSD,short,Limit,449544,0.4278,0.092,12133642104
2018-12-30 00:03:11,XBTUSD,long,Limit,456,0.6748,0.062,12225360
2018-12-30 00:15:34,XBTUSD,short,Limit,450000,0.954,0.188,12186900000
2018-12-30 06:06:35,XBTUSD,short,Limit,17139,-0.8511,5.817,456737211
2018-12-30 06:07:06,XBTUSD,short,Limit,358335,-0.9338,5.798,9543510886
2018-12-30 09:24:26,XBTUSD,short,Stop,450000,-2.4867,6.186,11760168124
2018-12-30 09:26:52,XBTUSD,short,Limit,69070,-2.6187,4.618,1797962387
2018-12-30 09:28:39,XBTUSD,short,Limit,250000,-2.5329,3.176,6504701756
2018-12-30 09:29:59,XBTUSD,short,Limit,393154,-1.0621,1.106,10206851759
2018-12-30 09:30:49,XBTUSD,short,Limit,61451,-0.0386,0.09,1598636946
2018-12-30 09:34:47,XBTUSD,long,Limit,549,-0.2212,0.066,14315724
2018-12-30 09:35:22,XBTUSD,short,Limit,246729,0.3718,0.01,6457698145
2018-12-30 19:52:29,XBTUSD,short,Limit,450000,1.6339,10.214,11944427766
2018-12-31 23:59:28,XBTUSD,short,Limit,346024,2.8482,28.24,9377569760
2018-12-31 23:59:43,XBTUSD,short,Limit,108500,2.7781,28.098,2938831000
2019-01-01 13:04:13,XBTUSD,short,Limit,449809,0.0027,4.443,12116150316
2019-01-01 13:05:20,XBTUSD,short,Limit,600,-0.0135,4.405,16159200
2019-01-01 13:53:46,XBTUSD,long,Limit,191,0.6195,0.796,5113070
2019-01-01 13:57:23,XBTUSD,short,Limit,221000,0.5935,0.06,5951972000
2019-01-02 00:21:05,XBTUSD,short,Limit,412500,0.221,0.161,10816987500
2019-01-02 16:47:04,XBTUSD,short,Limit,450000,0.4151,0.032,11652227394
2019-01-04 13:30:52,XBTUSD,short,Limit,423,2.5854,44.745,11196387
2019-01-04 13:51:36,XBTUSD,long,Limit,449577,-0.1456,0.347,11917387116
2019-01-04 14:07:30,XBTUSD,short,Limit,423,-0.159,0.262,11195118
2019-01-04 14:44:28,XBTUSD,long,Limit,179700,-0.88,0.501,4795114800
2019-01-04 14:45:54,XBTUSD,long,Limit,270300,-0.8968,0.489,7212685200
2019-01-04 14:47:50,XBTUSD,long,Limit,447980,0.5905,0.062,11953898320
2019-01-04 14:48:20,XBTUSD,long,Limit,1597,0.4697,0.071,42667049
2019-01-05 02:44:38,ETHUSD,short,Limit,450000,0.6078,0.572,7164000000
2019-01-05 03:28:49,ETHUSD,short,Limit,1,1.1868,1.291,15820
2019-01-05 08:12:39,XBTUSD,short,Limit,450000,0.4009,6.118,11757150000
2019-01-07 05:14:50,XBTUSD,short,Limit,403,-4.8009,51.141,10006087
2019-01-07 05:29:05,XBTUSD,long,Limit,136304,0.1738,0.241,3378430944
2019-01-07 09:21:57,XBTUSD,long,Limit,450000,-0.6938,1.54,11230200000
2019-01-07 10:02:08,XBTUSD,long,Limit,283573,1.3165,0.153,7023516308
2019-01-07 10:02:32,XBTUSD,long,Limit,165000,1.0732,0.157,4096520829
2019-01-07 10:03:01,XBTUSD,long,Limit,1307,1.1669,0.165,32420135
2019-01-07 14:39:03,XBTUSD,long,Limit,237719,0.5609,3.983,5894567088
2019-01-07 14:40:21,XBTUSD,long,Limit,42570,0.4481,3.941,1056208923
2019-01-07 14:41:47,XBTUSD,long,Limit,171430,0.4171,3.959,4254378310
2019-01-08 03:47:19,XBTUSD,long,Limit,450000,0.3269,1.41,11298150000
2019-01-08 21:01:52,XBTH19,short,Limit,119922,-6.0193,160.897,3060916018
2019-01-08 21:09:47,XBTH19,short,Limit,107977,-6.1528,160.885,2755057660
2019-01-08 21:16:39,XBTH19,short,Limit,222100,-6.4589,161.239,5656148889
2019-01-08 21:36:25,XBTH19,short,Limit,2,-6.2665,161.238,51000
2019-01-09 02:02:44,XBTH19,short,Limit,4588,-0.0176,0.088,116542963
2019-01-10 05:45:39,TRXH19,long,Limit,159991,-0.1458,0.576,109593835
2019-01-10 06:37:54,XBTUSD,long,Limit,450000,-2.2752,0.103,11757150000
2019-01-10 06:38:31,XBTUSD,long,Limit,412133,0.6957,0.022,10753786369
2019-01-10 06:42:29,XBTUSD,long,Limit,38113,0.762,0.088,993834588
2019-01-10 06:45:53,XBTUSD,short,Limit,150000,0.7171,0.039,3939600000
2019-01-10 07:00:12,TRXH19,long,Limit,792156,-8.309,1.816,498266124
2019-01-10 07:00:19,TRXH19,long,Limit,207844,-8.6006,1.818,130318188
2019-01-10 07:01:53,TRXH19,short,Limit,792156,0.4785,0.022,494305344
2019-01-10 14:48:38,XBTUSD,short,Limit,193244,0.2094,2.606,5115958838
2019-01-10 14:49:38,XBTUSD,short,Limit,250000,0.1717,2.569,6616500000
2019-01-10 14:49:48,XBTUSD,short,Limit,700,0.1717,2.559,18526200
2019-01-10 14:49:59,XBTUSD,short,Limit,6300,0.1717,2.562,166735800
2019-01-10 16:10:44,XBTUSD,short,Limit,716,4.8217,3.908,19875444
2019-01-10 16:16:17,XBTUSD,long,Limit,450000,-0.1358,0.096,12508650000
2019-01-10 16:34:41,XBTUSD,long,Limit,439771,1.8388,0.343,12215958838
2019-01-10 16:36:12,XBTUSD,long,Limit,9513,2.0368,0.367,263738412
2019-01-10 17:10:18,XBTUSD,short,Limit,487,0.402,0.568,13556132
2019-01-10 17:25:27,XBTUSD,long,Limit,449513,0.3053,0.254,12474435263
2019-01-10 19:17:28,XBTUSD,short,Limit,487,0.7215,1.864,13612624
2019-01-11 01:13:05,XBTUSD,long,Limit,231997,1.761,5.942,6372725593
2019-01-11 01:20:11,XBTUSD,long,Limit,217516,1.6073,6.054,5983865160
2019-01-11 08:51:45,XBTUSD,short,Limit,352269,-0.7646,1.973,9643363875
2019-01-11 10:43:51,XBTUSD,short,Limit,450000,0.2627,3.073,12406950000
2019-01-11 10:50:44,XBTUSD,short,Limit,35809,0.6044,2.976,989760760
2019-01-11 17:00:07,XBTUSD,short,Limit,138628,0.4628,8.681,3808942928
2019-01-11 22:59:06,XBTUSD,short,Limit,450000,1.4012,13.134,12491550000
2019-01-11 23:34:07,XBTUSD,short,Limit,450000,1.6111,10.246,12552300000
2019-01-11 23:34:09,XBTH19,short,Limit,150000,11.556,69.52,4310400000
2019-01-11 23:34:21,XBTUSD,short,Limit,450000,2.8183,3.13,12613950000
2019-01-11 23:34:26,XBTH19,short,Limit,150000,11.8058,69.474,4322700000
2019-01-11 23:34:41,XBTH19,short,Limit,150000,12.06,69.478,4335300000
2019-01-12 04:56:33,XBTUSD,short,Limit,90000,1.1436,7.575,2478960000
2019-01-12 06:34:51,XBTUSD,short,Limit,2241,1.2117,9.206,61768683
2019-01-12 06:36:49,XBTH19,short,Limit,741,10.4715,76.526,21036249
2019-01-13 09:05:54,XBTUSD,long,Limit,2759,-0.5237,26.518,76449131
2019-01-13 16:08:44,XBTUSD,short,Limit,447241,2.8578,7.048,12760232971
2019-01-13 16:37:12,XBTUSD,long,Limit,450000,0.8069,0.465,12817836316
2019-01-13 17:03:16,XBTUSD,long,Limit,63451,0.7231,0.077,1806449970
2019-01-13 17:03:40,XBTUSD,long,Limit,380000,0.6305,0.046,10827758824
2019-01-13 17:04:04,XBTUSD,long,Limit,8600,0.5591,0.052,245220400
2019-01-14 03:41:45,XBTUSD,long,Limit,450000,0.4289,8.762,12793050000
2019-01-14 12:36:18,XBTUSD,long,Limit,450000,1.3167,15.581,12717450000
2019-01-14 15:34:52,XBTUSD,long,Limit,450000,2.4203,3.71,12473993804
2019-01-14 15:35:19,XBTUSD,long,Limit,708,3.1498,3.664,19477080
2019-01-14 15:36:39,XBTUSD,short,Limit,450000,-0.3427,0.024,12337200000
2019-01-14 16:05:33,XBTUSD,short,Limit,450000,-0.1337,0.499,12270150000
2019-01-15 00:09:37,XBTUSD,short,Limit,100886,-0.0611,8.566,2751017157
2019-01-15 09:24:09,XBTUSD,short,Limit,500000,0.3323,17.676,13668500000
2019-01-15 09:36:03,XBTUSD,short,Limit,500000,1.1124,16.426,13721000000
2019-01-15 15:08:49,XBTUSD,short,Limit,500000,2.27,18.442,13804500000
2019-01-15 15:18:05,XBTUSD,short,Limit,500000,1.0604,0.261,13807477304
2019-01-16 05:12:49,XBTUSD,short,Limit,500000,1.307,13.998,13918000000
2019-01-16 13:23:14,XBTUSD,short,Limit,362762,-0.2456,2.126,10000260054
2019-01-16 13:26:37,XBTUSD,short,Limit,138000,-0.2073,2.059,3805902000
2019-01-16 13:51:38,XBTUSD,short,Limit,500000,1.2229,1.718,13860828210
2019-01-16 22:51:46,XBTUSD,short,Limit,500000,0.5696,8.924,13910000000
2019-01-20 14:48:38,XBTUSD,short,Limit,500000,1.8049,80.001,14202500000
2019-01-20 15:44:42,XBTUSD,short,Limit,215503,5.3205,21.535,6165971836
2019-01-21 17:16:08,XBTUSD,short,Limit,500000,2.1072,37.536,14134637652
2019-01-21 21:38:11,XBTUSD,short,Limit,500000,0.4595,23.964,14201441200
2019-01-21 22:25:13,XBTUSD,short,Limit,749,1.4423,24.63,21491806
2019-01-21 22:25:57,XBTUSD,long,Limit,499251,0.4304,0.013,14264100321
2019-01-23 10:24:02,XBTUSD,short,Limit,749,-1.7571,35.967,21030422
2019-01-23 17:01:34,XBTUSD,long,Limit,36062,0.1825,6.632,1010709674
2019-01-23 17:07:36,XBTUSD,long,Limit,463189,0.1123,6.73,12991061883
2019-01-27 00:29:21,XBTUSD,short,Limit,500000,0.7194,7.91,14192500000
2019-01-27 10:44:58,XBTUSD,short,Limit,134852,0.5066,17.97,3817525268
2019-01-27 10:51:39,XBTUSD,short,Limit,365148,0.4366,18.051,10329671772
2019-01-27 13:40:52,XBTUSD,short,Limit,500000,0.6186,11.497,14152500000
2019-01-27 18:08:30,XBTUSD,short,Limit,400000,-0.1643,6.641,11277200000
2019-01-28 03:01:49,XBTUSD,short,Limit,500000,1.5024,10.814,14306370632
2019-01-28 03:02:54,XBTUSD,short,Limit,100000,1.6336,9.557,2863300000
2019-01-28 03:16:29,XBTUSD,short,Limit,222000,0.4363,0.469,6367227232
2019-01-28 08:07:00,XBTUSD,short,Limit,301988,0.4558,0.971,8818351588
2019-01-28 11:32:42,XBTUSD,short,Limit,400000,0.6541,4.377,11704400000
2019-01-28 12:43:08,XBTUSD,short,Limit,100000,0.9593,5.541,2935100000
2019-01-29 03:15:06,XBTUSD,short,Limit,500000,0.3793,18.629,14620000000
2019-01-29 05:03:33,XBTUSD,short,Limit,500000,0.7293,6.382,14695000000
2019-01-29 09:09:19,XBTUSD,short,Limit,73651,1.659,9.942,2180290553
2019-01-29 10:03:22,XBTUSD,short,Limit,425000,1.5138,10.841,12563000000
2019-01-29 15:31:31,XBTUSD,short,Limit,500000,0.1501,0.871,14727500000
2019-01-29 16:35:23,XBTUSD,short,Limit,500000,-0.0009,0.345,14663000000
2019-01-29 17:40:54,XBTUSD,short,Limit,500000,0.6577,1.267,14727500000
2019-01-29 17:41:44,XBTUSD,short,Limit,1477,0.673,1.27,43510943
2019-01-29 17:44:02,XBTUSD,long,Limit,523,0.3241,0.038,15357372
2019-01-29 22:16:05,XBTUSD,short,Limit,500000,0.6753,4.533,14782000000
2019-01-30 13:53:04,XBTUSD,short,Limit,326000,-0.6585,8.814,9469974000
2019-01-31 14:14:51,XBTUSD,short,Limit,500000,0.8152,27.486,14645500000
2019-02-01 02:30:15,XBTUSD,short,Limit,361,2.0701,36.702,10672604
2019-02-01 12:13:40,XBTUSD,long,Limit,499639,1.4195,9.725,14564693999
2019-02-01 12:56:37,XBTUSD,short,Limit,361,0.1166,0.704,10537229
2019-02-01 21:45:23,XBTUSD,long,Limit,500000,0.456,8.192,14514000000
2019-02-02 23:29:58,XBTUSD,long,Limit,500000,0.5391,32.897,14493000000
2019-02-02 23:38:29,XBTUSD,long,Limit,500000,0.8159,9.942,14451000000
2019-02-03 10:11:58,XBTUSD,long,Limit,500000,-1.0272,9.663,14620000000
2019-02-03 10:14:51,XBTUSD,long,Limit,500000,-0.7252,8.682,14609000000
2019-02-08 02:36:33,XBTUSD,long,Limit,468399,-0.239,2.978,13982178549
2019-02-08 09:04:19,XBTUSD,long,Limit,113000,0.383,8.772,3352597000
2019-02-08 09:11:14,XBTUSD,long,Limit,500000,0.769,8.195,14780183978
2019-02-08 21:46:10,XBTUSD,long,Limit,500000,-0.2313,0.282,13860000000
2019-02-08 23:53:29,XBTUSD,long,Limit,500000,0.5329,2.38,13802500000
2019-02-09 00:03:15,XBTUSD,long,Limit,500000,0.7837,2.052,13791000000
2019-02-10 06:55:11,XBTUSD,long,Limit,1000000,-0.2646,30.132,27735591480
2019-02-10 10:04:17,XBTUSD,long,Limit,652,-0.2766,32.753,18085828
2019-02-10 22:29:39,XBTUSD,short,Limit,999348,-0.3405,12.365,27607712644
2019-02-10 23:28:00,XBTUSD,long,Limit,140495,0.8287,0.973,3849141515
2019-02-10 23:29:27,XBTUSD,long,Limit,360000,0.6399,1.001,9883440000
2019-02-10 23:39:47,XBTUSD,long,Limit,500000,0.8365,1.169,13696303698
2019-02-11 00:07:40,XBTUSD,long,Limit,157,-0.0276,1.634,4336968
2019-02-11 00:10:28,XBTUSD,short,Limit,500000,0.4753,0.046,13878239347
2019-02-12 00:11:12,XBTUSD,short,Limit,43,1.1346,24.053,1203656
2019-02-12 00:25:25,XBTUSD,long,Limit,500000,-0.2099,0.244,14025000000
2019-02-12 18:41:15,XBTUSD,long,Limit,500000,1.3342,18.408,13860000000
2019-02-13 06:23:42,XBTUSD,long,Limit,57,0.5859,17.206,1581123
2019-02-13 06:33:56,XBTUSD,short,Limit,499943,-0.3051,0.171,13825923665
2019-02-13 06:46:45,XBTUSD,long,Limit,57,-0.4425,0.212,1583346
2019-02-13 08:54:36,XBTUSD,short,Limit,500000,0.4305,2.144,13949000000
2019-02-17 10:38:43,XBTUSD,short,Limit,1000000,-1.604,60.813,27551644232
2019-02-17 10:40:51,XBTUSD,short,Limit,500000,-0.9882,21.128,13781500000
2019-02-17 10:46:47,XBTUSD,short,Limit,500000,0.432,0.033,13908000000
2019-02-17 12:27:35,XBTUSD,short,Limit,500000,1.037,1.71,13990000000
2019-02-17 13:00:06,XBTUSD,short,Limit,330547,1.3635,2.252,9278454290
2019-02-17 13:00:34,XBTUSD,short,Limit,169000,1.3591,2.259,4744506000
2019-02-18 01:10:55,XBTUSD,short,Limit,219938,-1.8181,11.094,6050494380
2019-02-18 01:11:40,XBTUSD,short,Limit,194343,-1.8207,11.099,5346375930
2019-02-18 01:17:54,XBTUSD,short,Limit,500000,-0.2657,3.244,13793000000
2019-02-18 01:17:56,XBTUSD,short,Limit,85719,0.0,1.583,2364644334
2019-02-18 01:18:22,XBTUSD,short,Limit,500000,0.7057,0.318,13795000000
2019-02-18 05:22:29,XBTUSD,short,Limit,506,-0.3288,4.384,13817342
2019-02-18 12:18:39,XBTUSD,long,Limit,500000,1.037,6.927,13513500000
2019-02-18 13:19:26,XBTUSD,long,Limit,94,1.1663,2.353,2520140
2019-02-18 13:41:38,XBTUSD,short,Limit,500000,-1.2507,0.369,13239274879
2019-02-18 14:29:39,XBTUSD,short,Limit,500000,-1.6644,1.115,13097500000
2019-02-18 15:05:45,XBTUSD,short,Limit,269703,0.1446,1.374,7121777418
2019-02-18 15:08:02,XBTUSD,short,Limit,230000,0.0659,1.388,6068550000
2019-02-19 00:05:26,XBTUSD,short,Limit,500000,-1.396,7.969,12858500000
2019-02-19 00:06:26,XBTUSD,short,Limit,500000,-1.1706,7.723,12853500000
2019-02-19 00:06:38,XBTUSD,short,Limit,500000,-0.5435,7.668,12858500000
2019-02-19 00:06:57,XBTUSD,short,Limit,500000,0.1922,7.595,12870000000
2019-02-19 00:25:23,XBTUSD,short,Limit,153957,0.3193,0.086,3955155330
2019-02-19 00:50:27,XBTUSD,short,Limit,237084,-0.3912,0.372,6044219496
2019-02-19 01:00:23,XBTUSD,short,Limit,262963,-0.3836,0.394,6699771314
2019-02-19 01:02:37,XBTUSD,short,Limit,500000,0.5963,0.386,12796000000
2019-02-19 01:10:59,XBTUSD,short,Limit,500000,-0.2443,0.063,12801000000
2019-02-19 01:34:43,XBTUSD,short,Limit,500000,0.6286,0.443,12910000000
2019-02-19 01:44:52,XBTUSD,short,Limit,500000,1.1267,0.598,12950000000
2019-02-19 02:25:40,XBTUSD,short,Limit,77000,0.22,0.156,1992760000
2019-02-19 08:48:11,XBTUSD,short,Limit,500000,-0.4381,4.76,12863634712
2019-02-19 09:44:39,XBTUSD,short,Limit,500000,0.309,5.454,12923000000
2019-02-19 09:52:06,XBTUSD,short,Limit,470094,0.6305,2.701,12176844882
2019-02-19 09:54:04,XBTUSD,short,Limit,30000,0.5792,2.724,776700000
2019-02-19 15:26:42,XBTUSD,short,Limit,183390,-1.2877,3.213,4663424310
2019-02-19 17:17:58,XBTUSD,short,Limit,500000,-0.7383,4.645,12742000000
2019-02-20 01:21:36,XBTUSD,short,Limit,500000,1.4198,11.785,12887371576
2019-02-20 14:39:52,XBTUSD,short,Limit,500000,1.1677,24.049,12778000000
2019-02-20 15:41:35,XBTUSD,short,Limit,338,1.052,23.87,8658884
2019-02-21 09:23:35,XBTUSD,long,Limit,500000,0.2304,17.671,12779500000
2019-02-21 11:27:20,XBTUSD,long,Limit,500000,0.4523,0.066,12870000000
2019-02-21 13:17:16,XBTUSD,long,Limit,62,0.8403,1.896,1589742
2019-02-21 16:18:58,XBTUSD,short,Limit,500000,0.4487,3.032,12878500000
2019-02-22 07:19:17,XBTUSD,short,Limit,500000,0.2806,7.095,12847000000
2019-02-22 08:23:54,XBTUSD,short,Limit,500000,-0.0982,6.331,12750626964
2019-02-22 08:33:52,XBTUSD,short,Limit,76,-0.1021,6.497,1938000
2019-02-22 12:39:07,XBTUSD,long,Limit,12910,0.4974,4.063,327500880
2019-02-22 12:40:50,XBTUSD,long,Limit,164938,0.5609,4.091,4181508176
2019-02-22 12:41:23,XBTUSD,long,Limit,322152,0.5099,4.1,8171385480
2019-02-22 13:34:19,XBTUSD,long,Limit,124,0.6373,4.977,3141168
2019-02-23 05:53:50,XBTUSD,short,Limit,76,0.7093,16.325,1938988
2019-02-23 22:18:17,XBTUSD,long,Limit,124,4.9751,16.407,3013696
2019-02-24 14:02:21,XBTUSD,short,Limit,241012,1.1543,15.726,5925280020
2019-02-24 14:02:55,XBTUSD,short,Limit,258900,1.2758,15.738,6372823500
2019-02-24 14:05:13,XBTUSD,short,Limit,164,1.932,15.774,4063920
2019-02-24 14:06:53,XBTUSD,long,Limit,499836,-0.4121,0.028,12420364191
2019-02-24 14:09:42,XBTUSD,short,Limit,164,0.0994,0.047,4080156
2019-02-24 14:11:08,ETHUSD,short,Limit,1000000,1.0089,0.052,14970000000
2019-02-24 14:17:53,XBTUSD,long,Limit,500000,-4.7775,0.108,13168500000
2019-02-24 14:18:14,XBTUSD,long,Limit,500000,-1.5643,0.076,13132000000
2019-02-24 14:18:39,XBTUSD,long,Limit,500000,0.1711,0.057,13092234718
2019-02-24 14:19:49,XBTUSD,long,Limit,500000,2.3944,0.064,13063500000
2019-02-24 14:20:59,XBTUSD,long,Limit,500000,2.8603,0.065,13093500315
2019-02-24 14:22:19,XBTUSD,long,Limit,36,3.2323,0.087,939348
2019-02-24 14:26:33,XBTUSD,short,Limit,500000,0.5947,0.047,13123500000
2019-02-24 14:27:43,XBTUSD,short,Limit,83,1.8787,0.052,2207136
2019-02-24 14:28:50,XBTUSD,long,Limit,362800,0.7807,0.019,9553612400
2019-02-24 14:30:07,XBTUSD,long,Limit,103,0.7958,0.039,2710548
2019-02-24 14:30:47,XBTUSD,short,Limit,162000,0.3289,0.011,4277286000
2019-02-24 14:54:52,XBTUSD,short,Limit,452571,0.9822,0.257,11980912083
2019-02-24 14:56:33,XBTUSD,short,Limit,48000,0.9699,0.284,1270512000
2019-02-24 15:16:22,XBTUSD,short,Limit,600000,-0.3102,0.194,15789600000
2019-02-24 16:01:40,XBTUSD,short,Limit,880,1.7094,0.853,23545280
2019-02-24 16:05:08,XBTUSD,long,Limit,195668,0.8027,0.058,5193615724
2019-02-24 16:05:46,XBTUSD,long,Limit,308794,0.8696,0.069,8190760850
2019-02-24 16:06:23,XBTUSD,long,Limit,94000,0.9365,0.078,2491752000
2019-02-24 17:19:03,XBTUSD,long,Limit,658,0.6288,1.289,17495562
2019-02-24 22:44:34,ETHUSD,short,Limit,94489,0.3618,5.421,1301113530
2019-02-24 22:45:31,ETHUSD,short,Limit,300000,0.4385,5.416,4129500000
2019-02-24 22:46:36,ETHUSD,short,Limit,111838,0.5785,5.409,1537772500
2019-02-24 22:48:01,ETHUSD,short,Limit,5737,0.5423,5.433,78912435
2019-02-24 22:49:47,ETHUSD,short,Limit,45166,0.5423,5.465,621258330
2019-02-24 22:50:34,ETHUSD,short,Limit,48000,0.437,5.472,660939025
2019-02-24 22:51:08,ETHUSD,short,Limit,57193,0.368,5.481,788068315
2019-02-24 22:53:21,ETHUSD,short,Limit,109336,0.5061,5.518,1504463360
2019-02-24 22:54:05,ETHUSD,short,Limit,175487,0.47,5.539,2415578555
2019-02-24 22:59:13,ETHUSD,short,Limit,78000,0.4338,5.617,1074060000
2019-02-24 23:56:01,ETHUSD,short,Limit,1000000,4.4387,2.667,13378526795
2019-02-24 23:59:48,ETHUSD,short,Limit,343,5.7857,2.715,4524170
2019-02-25 00:36:07,XBTUSD,short,Limit,600000,0.3457,7.284,16008600000
2019-02-25 08:53:52,ETHUSD,short,Limit,995519,-0.3845,6.184,13633776785
2019-02-25 08:54:11,ETHUSD,short,Limit,4482,-0.513,6.187,61470630
2019-02-25 08:59:26,XBTUSD,short,Limit,600000,0.1557,15.397,15915390920
2019-02-25 16:30:53,XBTUSD,short,Limit,600000,-1.1675,15.343,15768600000
2019-02-25 17:25:32,ETHUSD,short,Limit,707171,-1.079,1.125,9773103220
2019-02-25 18:10:03,XBTUSD,short,Limit,600000,-1.2642,4.117,15648683817
2019-02-26 05:26:29,ETHUSD,short,Limit,300000,0.132,13.097,4098000000
2019-02-26 05:39:06,ETHUSD,short,Limit,992829,3.0546,12.676,13487693125
2019-02-26 05:39:18,ETHUSD,long,Limit,7171,-0.0736,0.003,97346325
2019-02-26 12:30:28,XBTUSD,short,Limit,176425,0.798,20.048,4661854200
2019-02-26 12:38:27,XBTUSD,short,Limit,423575,0.7208,20.189,11183650725
2019-02-28 02:42:12,XBTUSD,short,Limit,600000,0.928,56.657,15768600000
2019-02-28 02:47:38,XBTUSD,short,Limit,342,1.0286,56.69,8998704
2019-02-28 15:34:45,XBTUSD,long,Limit,41401,1.3203,0.082,1085948230
2019-02-28 15:36:45,XBTUSD,long,Limit,133000,1.1281,0.064,3490851000
2019-02-28 15:39:18,XBTUSD,long,Limit,82,2.7074,0.105,2119126
2019-02-28 15:40:28,XBTUSD,short,Limit,599918,0.6571,0.02,15602667344
2019-02-28 15:42:59,ETHUSD,short,Limit,35000,0.0,0.017,481250000
2019-02-28 15:43:26,ETHUSD,short,Limit,5000,0.1091,0.022,68675000
2019-02-28 19:57:11,ETHUSD,short,Limit,372073,1.4913,4.251,5039709345
2019-02-28 19:58:01,ETHUSD,short,Limit,87927,1.3226,4.264,1193005530
2019-03-01 22:07:16,XBTUSD,long,Limit,82,-0.4811,30.445,2142988
2019-03-01 22:58:46,XBTUSD,short,Limit,600000,0.4311,0.829,15745800000
2019-03-01 23:02:48,XBTUSD,short,Limit,311539,0.5233,0.779,8192852622
2019-03-01 23:06:08,XBTUSD,short,Limit,143831,0.5886,0.835,3785056596
2019-03-01 23:07:53,XBTUSD,short,Limit,144000,0.5563,0.861,3788224812
2019-03-04 04:49:32,XBTUSD,short,Limit,385000,0.239,0.247,10287200000
2019-03-04 05:18:54,XBTUSD,short,Limit,1919,1.0667,0.628,51724726
2019-03-04 05:22:47,XBTUSD,long,Limit,598081,0.0066,0.075,16120675274
2019-03-04 10:03:20,XBTUSD,short,Limit,1919,0.4717,4.665,51970358
2019-03-04 14:50:05,XBTUSD,long,Limit,600000,0.3373,4.827,16194600000
2019-03-05 07:45:39,ETHUSD,long,Limit,500000,-3.1016,40.835,6360000000
2019-03-05 13:13:04,LTCH19,short,Limit,1511,-2.7632,0.128,2059493000
2019-03-05 13:14:12,ETHUSD,long,Limit,500000,4.3167,32.892,6650000000
2019-03-05 13:14:20,LTCH19,short,Limit,1489,-1.2316,0.123,2052296000
2019-03-05 13:46:48,XBTUSD,long,Limit,600000,2.8971,9.786,15789600000
2019-03-05 13:47:27,ETHUSD,long,Limit,29696,1.4449,0.372,396144640
2019-03-05 13:48:49,ETHUSD,long,Limit,470304,1.1577,0.384,6259746240
2019-03-05 13:50:42,XBTUSD,long,Limit,381,3.1275,9.838,10003917
2019-03-05 14:01:39,XBTUSD,short,Limit,600000,0.3249,0.059,15696600000
2019-03-05 14:02:13,XBTUSD,short,Limit,3800,0.2866,0.063,99309200
2019-03-05 16:51:12,XBTUSD,short,Limit,600000,-0.4568,1.006,15594600000
2019-03-06 03:48:06,XBTUSD,short,Limit,600000,1.2035,11.589,15723000000
2019-03-06 07:34:10,XBTUSD,short,Limit,50762,0.1023,0.12,1321944004
2019-03-06 08:29:37,XBTUSD,short,Limit,116000,0.1969,0.945,3024816000
2019-03-06 10:48:19,XBTUSD,short,Limit,76000,0.594,0.114,1980484000
2019-03-06 13:20:13,XBTUSD,short,Limit,460358,0.8463,2.632,12027773466
2019-03-06 14:08:40,XBTUSD,short,Limit,140000,0.6988,3.391,3654420000
2019-03-06 14:19:10,XBTUSD,short,Limit,600000,0.4935,2.381,15661800000
2019-03-07 09:38:45,XRPH19,long,Limit,500000,0.3062,157.853,4092500000
2019-03-07 15:49:59,LTCH19,short,Limit,3000,1.6267,0.449,4374000000
2019-03-08 00:18:37,ETHUSD,short,Limit,1000000,0.5322,9.256,13639397730
2019-03-08 08:14:58,XBTUSD,short,Limit,700000,-0.0349,30.979,18101457596
2019-03-08 08:22:54,XBTUSD,short,Limit,700000,-0.3923,17.582,18095870942
2019-03-08 10:15:26,XBTUSD,short,Limit,700000,0.0475,19.377,18111100000
2019-03-10 15:14:21,XBTUSD,short,Limit,700000,-0.147,52.626,17997000000
2019-03-10 15:38:23,XBTUSD,short,Limit,8400,-0.1931,52.644,215854800
2019-03-12 00:36:42,XBTUSD,short,Limit,343463,1.9732,25.231,8979496672
2019-03-12 01:01:30,XBTUSD,short,Limit,356537,2.0118,25.524,9324868698
2019-03-12 02:00:54,XBTUSD,short,Limit,700000,0.8701,3.743,18336500000
2019-03-12 03:08:01,XBTUSD,short,Limit,129,1.2464,4.852,3392055
2019-03-12 10:08:54,XBTUSD,long,Limit,700000,1.5777,7.02,18120900000
2019-03-12 13:08:05,XBTUSD,long,Limit,132,1.7854,9.406,3409560
2019-03-13 19:27:18,XBTUSD,short,Limit,68,0.4391,30.32,1764192
2019-03-14 14:22:45,XBTUSD,long,Stop,700000,-1.5074,0.156,18341052264
2019-03-14 14:28:17,XBTUSD,long,Limit,15515,1.3677,0.07,404832895
2019-03-14 14:28:35,XBTUSD,long,Limit,684617,1.0057,0.074,17878898081
2019-03-14 14:30:32,XBTUSD,short,Limit,15300,0.1828,0.032,400263300
2019-03-14 14:44:43,XBTUSD,short,Limit,700000,-0.2797,0.143,18235142692
2019-03-14 15:07:28,XBTUSD,short,Limit,200000,-0.0966,0.367,5201247003
2019-03-14 15:22:35,XBTUSD,short,Limit,197932,-0.0911,0.645,5147815456
2019-03-14 15:29:39,XBTUSD,short,Limit,500000,0.0269,0.554,13000500000
2019-03-16 10:56:05,XBTUSD,short,Limit,702000,0.6304,5.975,17510688000
2019-03-16 15:06:06,XBTUSD,short,Limit,700000,-0.1505,2.598,17570000000
2019-03-17 04:20:08,XBTUSD,short,Limit,700000,0.6541,15.246,17726100000
2019-03-18 02:19:58,XBTUSD,short,Limit,600000,-0.8264,7.962,15005400000
2019-03-18 02:20:10,XBTUSD,short,Limit,100000,-0.8553,7.665,2500900000
2019-03-19 04:11:30,XBTUSD,short,Limit,700000,0.7565,26.758,17625300000
2019-03-21 14:51:47,XBTUSD,short,Limit,175106,-0.1239,0.135,4405141642
2019-03-21 14:57:28,XBTUSD,short,Limit,700000,0.212,0.123,17656800045
2019-03-22 07:21:29,XBTUSD,short,Limit,700000,0.0165,16.32,17646260971
2019-03-23 18:00:13,XBTUSD,short,Limit,700000,0.601,24.306,17641400000
2019-03-26 00:55:37,XBTUSD,short,Limit,222718,2.1668,70.289,5702694390
2019-03-26 05:18:58,XBTUSD,short,Limit,1333158,0.7252,30.008,34108275054
2019-03-26 05:19:14,XBTUSD,short,Limit,66850,0.065,4.892,1709505456
2019-03-27 12:01:18,XBTUSD,short,Limit,700000,-0.0879,0.967,17419500000
2019-03-27 14:25:42,XBTUSD,short,Limit,700000,0.5458,2.56,17465000000
2019-03-28 00:02:03,XBTUSD,short,Limit,700000,0.3269,0.397,17437698460
2019-03-28 10:37:21,XBTUSD,short,Limit,187,0.5959,10.976,4670886
2019-03-29 00:32:17,XBTUSD,long,Limit,700000,0.3871,13.68,17415300000
2019-03-29 00:33:49,XBTUSD,long,Limit,700000,0.6504,12.787,17397800000
2019-03-29 09:27:49,XBTUSD,long,Limit,700000,0.6456,4.681,17269000000
2019-03-30 00:49:17,XBTUSD,long,Limit,63,2.4829,20.033,1526364
2019-03-30 04:06:20,XBTUSD,short,Limit,700000,1.1992,3.292,17165400000
2019-03-30 04:11:41,XBTUSD,short,Limit,137,1.1648,0.089,3399107
2019-03-30 04:33:26,XBTUSD,long,Limit,63,0.8808,0.362,1549422
2019-03-30 10:13:49,XBTUSD,short,Limit,700000,-0.1432,5.684,17188500000
2019-04-01 14:56:48,XBTUSD,short,Limit,700000,-0.9292,56.947,16957500000
2019-04-02 01:29:49,XBTUSD,short,Limit,142704,-1.2186,38.926,3447152982
2019-04-02 01:30:20,XBTUSD,short,Limit,473470,-1.2694,38.907,11431221560
2019-04-02 01:31:26,XBTUSD,short,Limit,783900,-0.4193,14.489,18914785914
2019-04-02 02:08:46,XBTUSD,short,Limit,256469,0.1316,0.018,6153973655
2019-04-02 02:09:53,XBTUSD,short,Limit,187003,0.1278,0.033,4487136985
2019-04-02 03:13:46,XBTUSD,short,Limit,122,0.0599,1.097,2925682
2019-04-02 04:30:37,XBTUSD,long,Limit,78,0.3597,1.281,1863810
2019-04-02 04:44:27,XBTUSD,short,Limit,700000,-6.0426,0.204,15651575994
2019-04-02 04:54:36,XBTUSD,short,Limit,3000000,-8.5957,0.255,62424709325
2019-04-02 05:05:09,XBTUSD,short,Limit,230000,-1.9914,0.213,4854840000
2019-04-02 05:12:17,XBTUSD,short,Limit,2000000,-0.8822,0.229,42212000000
2019-04-02 05:13:12,XBTUSD,short,Limit,700000,-0.0651,0.182,14797300000
2019-04-02 05:32:27,XBTUSD,short,Limit,700000,-3.3917,0.325,14213500000
2019-04-02 05:34:50,XBTUSD,short,Limit,700000,1.048,0.018,14405050626
2019-04-02 05:40:43,XBTUSD,short,Limit,700000,2.5824,0.108,14602168777
2019-04-02 05:49:50,XBTUSD,short,Limit,700000,-0.3842,0.109,14448000000
2019-04-02 05:50:32,XBTUSD,short,Limit,700000,0.8092,0.031,14500635602
2019-04-02 05:57:19,XBTUSD,short,Limit,10839,2.3934,0.141,228139272
2019-04-02 06:10:32,XBTUSD,long,Limit,700000,-0.6298,0.213,14830200000
2019-04-02 06:12:41,XBTUSD,long,Limit,700000,0.4324,0.196,14705600000
2019-04-02 06:22:20,XBTUSD,long,Limit,1400000,-0.5748,0.197,29765377807
2019-04-02 06:34:29,XBTUSD,long,Limit,135718,-0.0577,0.168,2893779196
2019-04-02 06:35:50,XBTUSD,long,Limit,555815,-0.1598,0.191,11863871175
2019-04-02 07:11:15,XBTUSD,long,Limit,160902,-0.2194,0.256,3410800596
2019-04-02 07:11:52,XBTUSD,long,Limit,550000,-0.1656,0.207,11660000000
2019-04-02 07:14:40,XBTUSD,long,Limit,400000,0.3822,0.14,8460400000
2019-04-02 07:43:39,XBTUSD,long,Limit,550000,0.1323,0.217,11710600000
2019-04-02 09:37:09,XBTUSD,long,Limit,8160,2.7719,2.102,169295520
2019-04-02 14:10:20,XBTUSD,short,Limit,541840,3.0602,4.553,11596459680
2019-04-02 14:22:16,XBTUSD,long,Limit,550000,1.4981,0.194,11634150000
2019-04-02 15:35:11,XBTUSD,long,Limit,550000,0.78,0.429,11607200000
2019-04-02 15:49:22,XBTUSD,long,Limit,240000,0.8719,0.647,5059440000
2019-04-02 23:51:40,XBTUSD,long,Limit,600000,4.3062,6.419,12232200000
2019-04-02 23:53:31,XBTUSD,long,Limit,600000,4.6581,6.439,12282600000
2019-04-02 23:54:16,XBTUSD,long,Limit,1389,4.9813,6.451,28346712
2019-04-03 00:28:45,XBTUSD,short,Limit,1198611,-1.5367,0.387,24029881554
2019-04-03 00:33:37,XBTUSD,long,Limit,1389,-0.4008,0.081,27948069
2019-04-03 00:34:13,XBTUSD,short,Limit,598611,0.0,0.015,12044651931
2019-04-03 03:12:32,XBTUSD,long,Limit,57279,0.5167,0.071,1138763799
2019-04-03 03:13:32,XBTUSD,long,Limit,544110,0.6494,0.025,10801127610
2019-04-03 03:47:45,XBTUSD,short,Limit,55890,-0.268,0.569,1106510220
2019-04-03 04:10:24,XBTUSD,long,Limit,600000,-0.1096,0.022,12054000000
2019-04-03 04:11:16,XBTUSD,long,Limit,600000,0.9555,0.023,12024000000
2019-04-03 04:21:43,XBTUSD,long,Limit,600000,-0.6474,0.117,12127200000
2019-04-03 04:22:03,XBTUSD,long,Limit,49000,-0.2367,0.111,989016000
2019-04-03 04:22:06,XBTUSD,long,Limit,600000,-0.129,0.12,12102600000
2019-04-03 04:28:20,XBTUSD,long,Limit,600000,0.3417,0.194,12089400000
2019-04-03 04:52:12,XBTUSD,long,Limit,600000,-0.4974,0.56,12235200000
2019-04-03 04:53:04,XBTUSD,long,Limit,600000,-0.3282,0.574,12207600000
2019-04-03 05:01:43,XBTUSD,long,Limit,600000,0.1014,0.306,12151800000
2019-04-03 05:24:24,XBTUSD,long,Limit,600000,1.2235,0.559,12090600000
2019-04-03 07:15:57,XBTUSD,long,Limit,600000,2.2549,2.415,12030000000
2019-04-03 12:25:11,XBTUSD,long,Limit,600000,1.719,1.955,11922600000
2019-04-03 13:03:09,XBTUSD,long,Limit,600000,0.9786,2.204,11994000000
2019-04-03 13:10:16,XBTUSD,long,Limit,600000,0.4496,0.668,11916600000
2019-04-03 15:01:35,XBTUSD,long,Limit,611137,-0.1035,2.494,12222740000
2019-04-03 15:02:09,XBTUSD,long,Limit,50164,-0.349,1.681,1003781640
2019-04-03 16:08:49,XBTUSD,long,Limit,600000,0.9688,2.645,11845800000
2019-04-03 16:09:38,XBTUSD,long,Limit,600000,2.6051,1.62,11667600000
2019-04-03 16:10:25,XBTUSD,long,Limit,347537,2.2493,0.994,6778014111
2019-04-03 16:13:26,XBTUSD,long,Limit,250000,1.5747,1.03,4906750000
2019-04-03 16:18:45,XBTUSD,long,Limit,113180,0.7289,0.103,2211650380
2019-04-03 16:20:22,XBTUSD,long,Limit,600000,0.5976,0.088,11736000000
2019-04-03 16:25:52,XBTUSD,long,Limit,416,0.7882,0.151,8132800
2019-04-03 16:56:04,XBTUSD,short,Limit,700000,-0.1054,0.492,13692000000
2019-04-03 17:12:07,BCHM19,short,Limit,1000,-2.2011,0.429,6300000000
2019-04-03 17:15:29,XBTUSD,short,Limit,700000,-0.4894,0.614,13631800000
2019-04-03 17:16:40,XBTUSD,short,Limit,700000,0.4473,0.412,13718600000
2019-04-03 17:16:48,XBTUSD,short,Limit,700000,0.9268,0.278,13786500000
2019-04-03 17:17:14,XBTUSD,short,Limit,503947,1.3951,0.202,9904625044
2019-04-03 17:49:46,XBTUSD,short,Limit,1940000,-0.4567,0.462,37761328202
2019-04-03 22:43:43,XBTUSD,short,Limit,3917,0.7317,5.117,76992552
2019-04-04 01:18:02,XBTUSD,long,Limit,600000,-0.4472,2.572,11848200000
2019-04-04 01:18:37,XBTUSD,long,Limit,104485,1.8392,2.228,2062220445
2019-04-04 01:19:03,XBTUSD,long,Limit,491598,1.809,2.239,9705619314
2019-04-04 02:25:49,XBTUSD,short,Limit,700000,1.0609,1.021,14007895340
2019-04-04 02:26:23,XBTUSD,short,Limit,18707,0.9628,0.757,373878102
2019-04-04 02:53:11,XBTUSD,long,Limit,1293,0.4197,0.447,25733286
2019-04-04 03:28:13,XBTUSD,short,Limit,78994,0.7632,0.583,1584255620
2019-04-04 03:28:33,XBTUSD,short,Limit,619713,0.7364,0.586,12425245650
2019-04-04 04:20:43,XBTUSD,long,Limit,700000,0.4178,0.492,14014000000
2019-04-04 04:30:02,XBTUSD,long,Limit,287,0.7541,0.568,5728520
2019-04-04 04:47:47,XBTUSD,short,Limit,228875,0.3089,0.298,4582513194
2019-04-04 06:00:22,XBTUSD,short,Limit,89357,-0.2595,1.51,1778919156
2019-04-04 06:21:31,XBTUSD,short,Limit,345661,-1.045,1.858,6828040711
2019-04-04 06:21:54,XBTUSD,short,Limit,548948,-0.9942,1.839,10837880364
2019-04-04 06:22:08,XBTUSD,short,Limit,1110000,-0.8846,1.4,21925830000
2019-04-04 08:43:58,XBTUSD,short,Limit,6047,0.2191,3.642,120698120
2019-04-04 08:49:17,XBTUSD,long,Limit,280000,0.2033,0.101,5577391256
2019-04-04 09:05:58,XBTUSD,long,Limit,242489,0.3024,0.012,4839976040
2019-04-04 09:06:38,XBTUSD,long,Limit,460000,0.2903,0.016,9182520000
2019-04-04 11:02:27,XBTUSD,long,Limit,700000,-0.7305,0.458,14125769933
2019-04-04 11:04:57,XBTUSD,long,Limit,310000,-0.6013,0.442,6249910000
2019-04-04 11:05:39,XBTUSD,long,Limit,700000,-0.3674,0.322,14098700000
2019-04-04 11:19:28,XBTUSD,long,Limit,700000,-0.5665,0.36,14170100000
2019-04-04 11:34:35,XBTUSD,long,Limit,700000,0.1873,0.557,14107100000
2019-04-04 11:36:01,XBTUSD,long,Limit,28832,0.8391,0.372,579609696
2019-04-04 11:38:53,XBTUSD,long,Limit,670000,1.1613,0.396,13446900000
2019-04-04 12:06:42,XBTUSD,long,Limit,700000,1.3173,0.645,13986000000
2019-04-04 12:14:16,XBTUSD,long,Limit,25000,0.8818,0.542,498750000
2019-04-04 12:55:18,XBTUSD,long,Limit,700000,0.3813,0.552,13946800000
2019-04-04 12:55:18,XBTUSD,long,Limit,1646,0.4,0.549,32788320
2019-04-04 13:00:52,XBTUSD,short,Limit,698354,0.3984,0.1,13967080000
2019-04-05 04:12:47,XBTUSD,long,Limit,45163,-0.7719,12.83,914686239
2019-04-05 04:16:49,XBTUSD,long,Limit,700000,-0.698,12.811,14171500000
2019-04-05 04:52:33,XBTUSD,long,Limit,700000,-0.1232,12.574,14129022500
2019-04-05 04:56:36,XBTUSD,long,Limit,650000,0.4969,0.341,13117000000
2019-04-05 04:56:54,XBTUSD,long,Limit,6000,0.5374,0.342,121026000
2019-04-05 05:07:01,XBTUSD,long,Limit,483,0.7098,0.511,9726171
2019-04-05 05:32:37,XBTUSD,short,Limit,700000,-0.0805,0.429,14084700000
2019-04-05 05:33:29,XBTUSD,short,Limit,700000,0.3012,0.339,14098700000
2019-04-05 05:33:53,XBTUSD,short,Limit,67,0.3313,0.342,1349849
2019-04-05 08:05:46,XBTUSD,long,Limit,208000,0.4454,0.783,4195984000
2019-04-05 11:21:38,XBTUSD,long,Limit,272,0.8004,4.044,5468016
2019-04-05 11:50:37,XBTUSD,short,Limit,700000,-0.3111,0.468,14005600000
2019-04-05 11:52:13,XBTUSD,short,Limit,700000,0.1,0.34,14014000000
2019-04-05 11:52:34,XBTUSD,short,Limit,28,0.09,0.344,560504
2019-04-05 12:39:36,XBTUSD,long,Limit,122,0.7307,0.784,2424506
2019-04-05 13:28:23,XBTUSD,short,Limit,700000,-0.2583,0.813,13875400000
2019-04-05 13:31:39,XBTUSD,short,Limit,640962,0.5437,0.076,12742965522
2019-04-05 13:32:34,XBTUSD,short,Limit,59000,0.524,0.089,1172743000
2019-04-05 13:35:22,XBTUSD,short,Limit,116,0.7909,0.136,2311880
2019-04-05 13:37:23,XBTUSD,long,Limit,59000,-0.2591,0.034,1178938000
2019-04-05 13:37:34,XBTUSD,long,Limit,128063,-0.299,0.037,2559979370
2019-04-05 13:39:09,XBTUSD,long,Limit,510000,-0.299,0.064,10194900000
2019-04-05 13:41:12,XBTUSD,long,Limit,700000,1.7684,0.098,13958000000
2019-04-05 14:36:36,XBTUSD,long,Limit,700000,0.2241,0.687,13958000000
2019-04-05 23:58:37,XBTUSD,long,Limit,700000,1.0267,9.953,13888700000
2019-04-06 00:18:55,XBTUSD,long,Limit,2300,0.3446,7.081,45862000
2019-04-06 01:37:18,XBTUSD,long,Limit,700000,-0.4484,1.342,14021000000
2019-04-07 05:34:54,XBTUSD,long,Limit,700000,2.716,28.274,13609400000
2019-04-07 05:38:33,XBTUSD,long,Limit,1329847,3.2165,27.587,25862729451
2019-04-07 05:38:47,XBTUSD,long,Limit,70308,2.9279,27.052,1369590352
2019-04-08 05:04:28,ETHUSD,short,Limit,216046,0.3575,0.051,3993610310
2019-04-08 05:11:06,XBTUSD,short,Limit,850000,-2.621,19.844,16053100000
2019-04-08 05:21:42,XBTUSD,short,Limit,160577,0.0759,2.08,3045503382
2019-04-08 12:45:09,XBTUSD,short,Limit,850000,1.9603,9.151,16408632100
2019-04-08 16:13:13,XBTUSD,short,Limit,850000,1.576,11.148,16266450000
2019-04-08 16:41:28,XBTUSD,short,Limit,1474,1.3827,11.246,28311118
2019-04-08 18:53:58,XBTUSD,long,Limit,850000,0.0673,2.516,16314900000
2019-04-09 02:01:12,XBTUSD,long,Limit,26,1.0183,9.309,494520
2019-04-09 03:00:13,XBTUSD,short,Limit,387732,0.0855,0.977,7377764496
2019-04-09 03:29:24,XBTUSD,short,Limit,512000,0.1646,1.419,9747968000
2019-04-09 12:54:33,XBTUSD,short,Limit,442,1.489,10.306,8510710
2019-04-09 13:20:05,XBTUSD,long,Limit,552000,0.9243,0.424,10529400000
2019-04-09 16:38:45,XBTUSD,long,Limit,900000,0.2306,2.731,17241300000
2019-04-10 05:40:18,XBTUSD,long,Limit,680,0.6528,15.698,12972360
2019-04-10 08:27:24,XBTUSD,short,Limit,900000,0.0381,2.534,17173800000
2019-04-10 12:01:36,XBTUSD,short,Limit,51,0.0668,6.104,973488
2019-04-10 12:22:19,XBTUSD,long,Limit,278500,0.1373,0.336,5308210000
2019-04-10 12:34:33,XBTUSD,long,Limit,123,0.4293,0.525,2337123
2019-04-10 12:47:27,XBTUSD,short,Limit,800000,-0.0949,0.081,15165600000
2019-04-10 16:14:24,XBTUSD,short,Limit,200,0.3665,1.495,3796800
2019-04-10 17:02:29,XBTUSD,short,Limit,145060,0.6229,1.021,2755414700
2019-04-10 23:24:41,XBTUSD,long,Limit,141,0.7028,6.37,2659683
2019-04-11 00:24:40,XBTUSD,short,Limit,42879,-0.5467,0.784,803723976
2019-04-11 00:28:12,XBTUSD,short,Limit,800000,-0.2891,0.826,15033600000
2019-04-11 00:29:52,XBTUSD,short,Limit,575658,-0.0659,0.555,10836186192
2019-04-11 00:32:15,XBTUSD,short,Limit,76779,-0.0753,0.596,1445134338
2019-04-11 00:37:26,XBTUSD,short,Limit,190000,0.1257,0.609,3575800000
2019-04-11 00:42:06,XBTUSD,short,Limit,800000,0.5733,0.556,15085600000
2019-04-11 00:42:17,XBTUSD,short,Limit,1264,0.3665,0.104,23842832
2019-04-11 03:05:30,XBTUSD,short,Limit,372000,0.4238,1.297,7035636000
2019-04-11 03:22:33,XBTUSD,short,Limit,505,0.6874,1.55,9576315
2019-04-11 03:31:09,XRPM19,long,Limit,300000,2.0743,0.103,1978200000
2019-04-11 03:37:39,XBTUSD,long,Limit,304479,-0.5209,0.18,5827423581
2019-04-11 03:39:06,XBTUSD,long,Limit,496000,-0.4108,0.127,9483520000
2019-04-11 03:45:53,XBTUSD,long,Limit,800000,-0.2901,0.147,15369600000
2019-04-11 03:46:40,XBTUSD,long,Limit,507515,-0.0598,0.074,9731600125
2019-04-11 03:48:29,XBTUSD,long,Limit,800000,0.361,0.083,15332800000
2019-04-11 03:51:25,XBTUSD,long,Limit,503899,0.3382,0.103,9667302315
2019-04-11 03:52:09,XBTUSD,long,Limit,297011,0.2403,0.078,5695185925
2019-04-11 03:52:35,XBTUSD,short,Limit,1989,-0.0767,0.007,38111229
2019-04-11 04:04:19,XBTUSD,long,Limit,800000,0.0192,0.104,15372800000
2019-04-11 04:09:58,XBTUSD,long,Limit,174949,0.4818,0.152,3356396565
2019-04-11 04:10:44,XBTUSD,long,Limit,625000,0.4337,0.166,11996250000
2019-04-11 04:13:39,XBTUSD,long,Limit,115,0.5783,0.211,2204090
2019-04-11 05:13:32,XBTUSD,short,Limit,273335,0.1616,0.093,5249398675
2019-04-11 05:16:22,XBTUSD,short,Limit,65700,0.1148,0.141,1261177200
2019-04-11 05:24:41,XBTUSD,short,Limit,117,0.2972,0.27,2250261
2019-04-11 06:31:49,XBTUSD,long,Limit,800000,0.3402,1.122,15348000000
2019-04-11 10:01:19,XBTUSD,long,Limit,300000,0.2148,0.014,5905500000
2019-04-11 11:27:35,XBTUSD,long,Limit,441252,-0.1294,0.102,8746497144
2019-04-11 11:37:24,XBTUSD,long,Limit,373377,-0.5181,0.26,7430202300
2019-04-11 11:39:37,XBTUSD,long,Limit,800000,-0.2415,0.278,15904800000
2019-04-11 11:41:27,XBTUSD,long,Limit,469510,0.2008,0.257,9324938110
2019-04-11 11:42:05,XBTUSD,long,Limit,330490,0.1223,0.218,6567867350
2019-04-11 11:46:05,XBTUSD,long,Limit,800000,0.583,0.244,15857600000
2019-04-11 11:50:04,XBTUSD,long,Limit,800000,0.6146,0.224,15877600000
2019-04-11 11:51:02,XBTUSD,long,Limit,2500,0.5386,0.21,49602500
2019-04-11 11:52:18,XBTUSD,long,Limit,41,0.7281,0.231,811964
2019-04-11 12:22:24,XBTUSD,short,Limit,159,0.5149,0.502,3165054
2019-04-11 13:00:59,XBTUSD,long,Limit,41,0.7564,0.643,810037
2019-04-11 13:24:15,XBTUSD,short,Limit,800000,0.4172,0.246,15864800000
2019-04-11 13:49:42,XBTUSD,short,Limit,159,0.4246,0.664,3153129
2019-04-11 14:26:19,XBTUSD,long,Limit,227708,0.1389,0.482,4514083392
2019-04-11 14:35:20,XBTUSD,long,Limit,572292,0.2184,0.633,11335959936
2019-04-11 15:14:04,XBTUSD,long,Limit,800000,0.8462,1.15,15794400000
2019-04-11 15:16:49,XBTUSD,long,Limit,189753,0.8147,0.996,3747843133
2019-04-11 15:17:09,XBTUSD,long,Limit,610247,0.7852,1.005,12060057683
2019-04-11 15:30:03,XBTUSD,long,Limit,41,0.7066,1.21,810365
2019-04-11 15:53:04,XBTUSD,short,Limit,800000,0.3953,0.381,15872800000
2019-04-11 15:56:10,XBTUSD,short,Limit,159,0.3261,0.432,3152652
2019-04-12 01:10:40,XBTUSD,long,Limit,800000,-0.3099,9.173,15952000000
2019-04-12 01:34:08,XBTUSD,long,Limit,30073,-0.8957,9.059,603865840
2019-04-12 01:58:18,XBTUSD,long,Limit,800000,-1.1637,9.005,16112406658
2019-04-12 02:42:18,XBTUSD,long,Limit,115384,0.4411,4.681,2303295408
2019-04-12 02:44:54,XBTUSD,long,Limit,290153,0.305,4.724,5799914746
2019-04-12 03:54:13,XBTUSD,long,Limit,800000,0.4786,4.08,15968000000
2019-04-12 03:57:58,XBTUSD,long,Limit,800000,0.845,2.564,15944000000
2019-04-12 03:59:59,XBTUSD,long,Limit,800000,0.8313,1.827,15926400000
2019-04-12 04:17:39,XBTUSD,long,Limit,52,0.7508,1.439,1033292
2019-04-12 08:28:47,XBTUSD,short,Limit,800000,0.2285,4.178,15931200000
2019-04-12 08:44:32,XBTUSD,short,Limit,148,0.457,4.437,2954080
2019-04-12 23:04:09,XBTUSD,long,Limit,793733,1.4801,14.21,15604281752
2019-04-13 12:45:59,XBTUSD,short,Limit,800000,0.1782,13.754,15779200000
2019-04-14 06:16:23,XBTUSD,short,Limit,108193,0.9857,13.613,2148821173
2019-04-14 06:20:48,XBTUSD,short,Limit,697807,0.9144,12.632,13847979915
2019-04-14 12:17:03,XBTUSD,short,Limit,800000,0.158,2.693,15813600000
2019-04-14 16:26:12,XBTUSD,short,Limit,494333,-0.1748,5.899,9721552778
2019-04-15 03:47:57,XBTUSD,short,Limit,800000,-1.3342,13.747,15498149006
2019-04-15 03:59:55,XBTUSD,short,Limit,218857,-1.0377,11.878,4241010946
2019-04-15 04:15:32,XBTUSD,short,Limit,562996,-1.4253,10.485,10896224584
2019-04-15 04:20:39,XBTUSD,short,Limit,18000,-1.4925,10.261,348300000
2019-04-15 05:13:49,XBTUSD,short,Limit,800000,0.2014,0.383,15452800000
2019-04-15 17:29:35,XBTUSD,short,Limit,414,3.0843,12.559,8234874
2019-04-15 17:47:25,XBTUSD,long,Limit,799586,0.547,0.299,15817410252
2019-04-16 18:10:44,XBTUSD,short,Limit,414,-3.0762,24.385,7945488
2019-04-16 18:11:27,XBTUSD,long,Limit,6971,0.0467,0.006,133864113
2019-04-16 19:17:06,XBTUSD,long,Limit,800000,-0.0248,1.085,15364000000
2019-04-16 23:43:59,XBTUSD,long,Limit,800000,0.1345,5.402,15352000000
2019-04-17 00:10:42,XBTUSD,long,Limit,800000,0.9186,5.826,15252760823
2019-04-17 00:11:42,XBTUSD,long,Limit,478585,1.5502,5.635,9085418293
2019-04-17 00:14:15,XBTUSD,long,Limit,10545,1.6002,5.677,200091375
2019-04-17 01:50:59,XBTUSD,long,Limit,16354,0.6458,7.292,313260870
2019-04-17 02:02:34,XBTUSD,long,Limit,618190,0.6389,6.953,11826592890
2019-04-17 02:02:50,XBTUSD,long,Limit,181810,0.5096,6.472,3478570730
2019-04-17 08:26:27,XBTUSD,long,Limit,240000,0.2115,12.862,4605600000
2019-04-17 08:27:49,XBTUSD,long,Limit,2160000,-0.3493,7.791,41455012606
2019-04-17 11:43:51,XBTUSD,long,Limit,86,0.6709,9.825,1637612
2019-04-17 12:11:42,XBTUSD,short,Limit,800000,0.3331,0.442,15277600000
2019-04-17 14:32:22,XBTUSD,short,Limit,114,1.0754,2.786,2193360
2019-04-17 19:08:20,XBTUSD,long,Limit,13696,0.4136,4.598,262456448
2019-04-17 19:16:29,XBTUSD,long,Limit,786304,0.3649,4.727,15074975110
2019-04-17 19:36:19,XBTUSD,long,Limit,800000,0.451,5.055,15329045435
2019-04-18 07:13:34,XBTUSD,long,Limit,86,1.3377,16.648,1633398
2019-04-18 08:41:31,XBTUSD,short,Limit,800000,0.5791,1.329,15277600000
2019-04-18 14:50:57,XBTUSD,short,Limit,91678,-0.1576,6.113,1748651496
2019-04-18 14:51:27,XBTUSD,short,Limit,139559,-0.191,6.121,2661111012
2019-04-18 14:51:46,XBTUSD,short,Limit,175428,-0.2101,6.125,3344359392
2019-04-18 14:54:03,XBTUSD,short,Limit,393335,-0.2437,6.168,7495785095
2019-04-18 16:03:19,XBTUSD,short,Limit,900000,0.4679,0.267,17167500000
2019-04-18 18:01:57,XBTUSD,short,Limit,800000,-0.2082,1.064,15184800000
2019-04-18 21:11:43,XBTUSD,short,Limit,354780,-0.401,2.73,6696382091
2019-04-18 21:24:40,XBTUSD,short,Limit,445220,-0.5031,2.942,8394771539
2019-04-18 22:28:09,XBTUSD,short,Limit,235053,-0.3565,3.284,4439210958
2019-04-18 22:28:22,XBTUSD,short,Limit,564947,-0.4066,3.273,10664600869
2019-04-18 23:27:13,XBTUSD,short,Limit,405123,0.2657,3.96,7685353614
2019-04-18 23:27:43,XBTUSD,short,Limit,35962,0.2082,3.912,681947406
2019-04-19 03:49:02,XBTUSD,short,Limit,358915,1.118,8.24,6868675371
2019-04-20 10:14:52,XBTUSD,short,Limit,118984,0.1973,37.563,2244990112
2019-04-20 10:15:48,XBTUSD,short,Limit,681016,0.0565,37.578,12831022456
2019-04-21 05:16:39,XBTUSD,short,Limit,800000,-0.1413,5.697,15052000000
2019-04-21 09:15:10,XBTUSD,short,Limit,431697,0.7413,9.142,8163821967
2019-04-21 09:16:48,XBTUSD,short,Limit,368303,0.6476,9.082,6958348579
2019-04-21 09:41:43,XBTUSD,short,Limit,800000,1.5526,9.301,15203131878
2019-04-21 09:51:08,XBTUSD,short,Limit,800000,0.1711,0.112,15213600000
2019-04-21 11:37:18,XBTUSD,short,Limit,133525,0.2277,0.955,2539645500
2019-04-21 12:25:02,XBTUSD,short,Limit,449080,0.6658,1.713,8579277207
2019-04-21 12:27:30,XBTUSD,short,Limit,114,0.6168,1.706,2176830
2019-04-21 12:36:25,XBTUSD,long,Limit,191431,0.0573,0.131,3651546325
2019-04-21 12:36:43,XBTUSD,long,Limit,608569,0.105,0.136,11602976554
2019-04-21 13:02:47,XBTUSD,long,Limit,800000,0.5752,0.494,15215815693
2019-04-21 16:26:43,XBTUSD,long,Limit,800000,0.3805,2.073,15158400000
2019-04-21 22:55:23,XBTUSD,long,Limit,800000,0.5418,5.652,15127200000
2019-04-21 22:56:52,XBTUSD,long,Limit,666992,0.8869,4.244,12610817744
2019-04-21 23:04:11,XBTUSD,long,Limit,133008,0.8774,4.31,2515048272
2019-04-21 23:48:41,XBTUSD,long,Limit,86,1.1063,5.051,1622476
2019-04-22 01:12:15,XBTUSD,short,Limit,114,0.3302,1.393,2157906
2019-04-22 14:30:26,XBTUSD,long,Limit,45574,0.8446,12.582,858340716
2019-04-22 14:36:20,XBTUSD,long,Limit,754426,0.8357,12.681,14210368136
2019-04-22 14:42:39,XBTUSD,long,Limit,800000,1.0937,11.547,15052000000
2019-04-22 15:39:01,XBTUSD,long,Limit,87,1.4547,12.358,1630902
2019-04-22 15:43:42,XBTUSD,short,Limit,44569,0.253,0.073,837451510
2019-04-22 15:44:34,XBTUSD,short,Limit,800000,0.3184,0.084,15037600000
2019-04-22 15:48:56,XBTUSD,short,Limit,113,1.1841,0.108,2132423
2019-04-22 16:24:46,ETHUSD,long,Limit,52281,0.2964,0.043,884594520
2019-04-22 16:34:59,XBTUSD,long,Limit,800000,-0.0244,0.773,15091200000
2019-04-22 17:32:02,XBTUSD,long,Limit,800000,0.2344,1.658,15052000000
2019-04-22 17:37:27,XBTUSD,long,Limit,800000,0.6623,1.393,15009384046
2019-04-22 17:39:55,XBTUSD,long,Limit,87,0.8499,1.433,1629249
2019-04-22 18:02:23,XBTUSD,short,Limit,850000,-0.4267,0.244,15808701375
2019-04-22 18:03:04,XBTUSD,short,Limit,850000,-0.139,0.037,15791737598
2019-04-22 18:07:27,XBTUSD,short,Limit,624486,0.2862,0.036,11622933432
2019-04-22 18:10:54,XBTUSD,short,Limit,54,0.2413,0.094,1004724
2019-04-22 18:16:14,XBTUSD,long,Limit,146,0.0372,0.089,2715454
2019-04-22 18:18:17,XBTUSD,short,Limit,54,0.0558,0.034,1004940
2019-04-22 18:52:25,XBTUSD,long,Limit,351744,0.8845,0.327,6495596642
2019-04-22 18:58:04,XBTUSD,long,Limit,850000,0.4213,0.279,15729250000
2019-04-22 19:01:09,XBTUSD,long,Limit,146,0.2685,0.128,2696766
2019-04-22 19:08:47,XBTUSD,short,Limit,850000,0.2124,0.128,15733500000
2019-04-22 19:09:37,XBTUSD,short,Limit,54,0.2494,0.141,999918
2019-04-22 19:19:14,XBTUSD,long,Limit,319250,-0.4228,0.148,5942838750
2019-04-22 19:20:58,XBTUSD,long,Limit,530750,-0.4701,0.179,9884688000
2019-04-22 19:27:13,XBTUSD,long,Limit,850000,-0.0584,0.265,15812550000
2019-04-22 19:28:50,XBTUSD,long,Limit,146,-0.0279,0.286,2713994
2019-04-22 19:52:34,XBTUSD,short,Limit,850000,-0.0836,0.399,15786200000
2019-04-22 20:02:33,XBTUSD,short,Limit,54,0.2695,0.559,1006452
2019-04-22 21:28:10,XBTUSD,long,Limit,551497,0.2545,1.489,10250674739
2019-04-22 21:37:08,XBTUSD,long,Limit,298503,0.1863,1.576,5550961788
2019-04-22 22:03:57,XBTUSD,long,Limit,850000,0.2838,2.044,15784500000
2019-04-23 04:24:19,XBTUSD,long,Limit,850146,4.0522,7.302,15221864130
2019-04-23 04:26:47,XBTUSD,short,Limit,850000,0.3582,0.04,15273650000
2019-04-23 04:31:05,XBTUSD,short,Limit,849854,1.3195,0.085,15312669372
2019-04-23 04:53:02,XBTUSD,long,Limit,850000,0.3269,0.044,15426650000
2019-04-23 05:06:40,XBTUSD,long,Limit,146,0.4188,0.272,2647126
2019-04-23 06:34:47,XBTUSD,short,Limit,900000,0.1759,1.403,16318800000
2019-04-23 13:51:16,XBTUSD,short,Limit,1000000,-0.7514,8.061,17937558687
2019-04-23 15:26:08,XBTUSD,short,Limit,1000000,-0.4969,8.355,17978000000
2019-04-23 22:44:22,XBTUSD,short,Limit,14339,0.5811,14.376,258948001
2019-04-23 22:44:44,XBTUSD,short,Limit,468059,0.5745,14.388,8451741363
2019-04-23 22:47:43,XBTUSD,short,Limit,517602,0.5386,14.423,9343233702
2019-04-23 23:28:04,XBTUSD,short,Limit,517602,0.8151,9.721,9337022478
2019-04-23 23:28:37,XBTUSD,short,Limit,468059,0.8215,9.741,8443316301
2019-04-24 00:35:18,XBTUSD,short,Limit,1000000,0.5642,9.563,18042000000
2019-04-24 01:05:08,XBTUSD,short,Limit,1000000,0.6648,8.476,18073000000
2019-04-24 01:06:15,XBTUSD,short,Limit,14000,0.7451,8.44,253232000
2019-04-24 02:19:59,XBTUSD,short,Limit,660449,-0.0899,0.303,11899970082
2019-04-24 02:33:57,XBTUSD,short,Limit,339551,-0.0451,0.502,6120746326
2019-04-24 06:48:09,XBTUSD,short,Limit,400000,-0.6934,4.58,7153200000
2019-04-24 07:27:53,XBTUSD,short,Limit,1000000,-0.1616,3.859,17921000000
2019-04-24 07:36:41,XBTUSD,short,Limit,1000000,0.7117,1.938,17993474604
2019-04-24 07:41:12,XBTUSD,short,Limit,1000000,0.8646,1.951,18025255914
2019-04-24 07:43:03,XBTUSD,short,Limit,1000000,1.024,1.683,18042004400
2019-04-24 07:56:09,XBTUSD,short,Limit,395550,0.238,0.104,7254387000
2019-04-24 07:57:03,XBTUSD,short,Limit,604450,0.039,0.109,11070501750
2019-04-24 08:12:03,XBTUSD,short,Limit,1000000,0.5176,0.341,18341215062
2019-04-24 08:13:48,XBTUSD,short,Limit,2393,0.7484,0.368,44012056
2019-04-24 08:19:04,XBTUSD,long,Limit,1051360,0.3345,0.076,19255658400
2019-04-24 08:21:10,XBTUSD,long,Limit,47,0.2848,0.106,861134
2019-04-24 08:50:15,XBTUSD,short,Limit,69309,-0.1741,0.278,1265928885
2019-04-24 09:00:53,XBTUSD,short,Limit,1000000,-0.1334,0.43,18268000000
2019-04-24 09:06:20,XBTUSD,short,Limit,1000000,0.3138,0.284,18292000000
2019-04-24 09:07:20,XBTUSD,short,Limit,153,0.3829,0.259,2800206
2019-04-24 09:17:28,XBTUSD,long,Limit,47,0.2288,0.169,858220
2019-04-24 09:49:35,XBTUSD,short,Limit,1000000,0.1278,0.488,18282000000
2019-04-24 09:53:52,XBTUSD,short,Limit,153,0.2739,0.551,2801124
2019-04-24 10:11:58,XBTUSD,long,Limit,561792,0.0047,0.177,10293714816
2019-04-24 10:14:55,XBTUSD,long,Limit,1000000,0.3176,0.13,18303000000
2019-04-24 10:22:32,XBTUSD,long,Limit,47,0.6529,0.187,858784
2019-04-24 10:52:13,XBTUSD,short,Limit,153,0.6212,0.495,2813058
2019-04-24 11:00:57,XBTUSD,long,Limit,1000000,-0.1805,0.147,18416000000
2019-04-24 11:04:11,XBTUSD,long,Limit,97920,0.4063,0.129,1801825920
2019-04-24 11:05:47,XBTUSD,long,Limit,902080,0.3365,0.142,16597369920
2019-04-24 11:19:38,XBTUSD,long,Limit,1000000,0.0033,0.064,18449280212
2019-04-24 11:23:48,XBTUSD,long,Limit,592623,0.6213,0.098,10923819759
2019-04-24 11:25:17,XBTUSD,long,Limit,1000000,0.4311,0.092,18421000000
2019-04-24 11:25:45,XBTUSD,long,Limit,47,0.3232,0.077,865176
2019-04-24 11:53:33,XBTUSD,short,Limit,251830,0.1193,0.257,4631405530
2019-04-24 12:51:58,XBTUSD,short,Limit,1000000,-0.1378,0.711,18349000000
2019-04-24 13:56:57,XBTUSD,short,Limit,1000000,0.1834,1.729,18374000000
2019-04-24 14:01:20,XBTUSD,short,Limit,1000000,0.5354,1.733,18408000000
2019-04-24 16:21:22,XBTUSD,short,Limit,1000000,0.2291,3.332,18365000000
2019-04-24 16:22:53,XBTUSD,short,Limit,153,0.2382,3.357,2810151
2019-04-24 16:48:24,XBTUSD,long,Limit,1000000,0.0379,0.278,18382000000
2019-04-24 16:49:26,XBTUSD,long,Limit,88685,0.1748,0.277,1628877395
2019-04-24 16:53:05,XBTUSD,long,Limit,422876,0.23,0.332,7762734732
2019-04-24 16:55:25,XBTUSD,long,Limit,378696,0.184,0.369,6954752040
2019-04-24 17:02:51,XBTUSD,long,Limit,9723,0.0,0.491,178893477
2019-04-24 17:03:03,XBTUSD,long,Limit,217874,0.0647,0.457,4008663726
2019-04-24 17:05:18,XBTUSD,long,Limit,1000000,0.2719,0.42,18367000000
2019-04-24 18:47:37,XBTUSD,long,Limit,1000000,-0.7871,1.786,18536000000
2019-04-24 18:56:48,XBTUSD,long,Limit,1009,-0.8738,1.835,18710896
2019-04-24 18:58:17,XBTUSD,long,Limit,1000000,-0.8075,1.767,18537000000
2019-04-24 19:23:16,XBTUSD,long,Limit,1000000,0.0556,1.668,18432749005
2019-04-24 20:47:23,XBTUSD,long,Limit,121573,0.5069,2.811,2234689990
2019-04-24 21:08:18,XBTUSD,long,Limit,878427,0.4647,3.154,16153979611
2019-04-24 22:27:34,XBTUSD,long,Limit,190155,0.8285,4.201,3496379985
2019-04-24 22:48:18,XBTUSD,long,Limit,809845,0.7644,4.358,14901957845
2019-04-24 23:12:55,XBTUSD,long,Limit,336747,0.4944,1.897,6189058137
2019-04-24 23:14:50,XBTUSD,long,Limit,667440,0.3843,1.837,12274863572
2019-04-25 02:59:21,XBTUSD,short,Limit,858950,0.2662,3.151,15845507397
2019-04-25 03:00:53,XBTUSD,short,Limit,141050,0.1656,3.139,2599551500
2019-04-25 03:03:30,XBTUSD,short,Limit,2726,0.4048,3.182,50360124
2019-04-25 03:25:21,XBTUSD,long,Limit,1000000,0.3603,0.206,18409000000
2019-04-25 03:27:17,XBTUSD,long,Limit,274,0.388,0.236,5042696
2019-04-25 03:38:28,XBTUSD,short,Limit,26,0.2485,0.186,479700
2019-04-25 04:02:58,XBTUSD,long,Limit,1000000,0.369,0.413,18382000000
2019-04-25 11:56:59,XBTUSD,long,Limit,1000000,0.6356,7.048,18307000000
2019-04-25 12:39:43,XBTUSD,long,Limit,1000000,0.925,7.062,18312000443
2019-04-25 15:04:40,XBTUSD,long,Limit,1000000,1.1142,8.458,18332000000
2019-04-25 15:14:40,XBTUSD,long,Limit,1000000,0.3861,1.175,18312000000
2019-04-25 19:20:13,XBTUSD,long,Limit,1000074,1.0808,4.946,18191686203
2019-04-25 19:35:15,XBTUSD,short,Limit,718569,0.2477,0.252,13105261422
2019-04-25 19:41:46,XBTUSD,short,Limit,281431,0.194,0.362,5130487130
2019-04-25 20:06:49,XBTUSD,short,Limit,167058,0.5034,0.769,3054726938
2019-04-25 21:31:32,XBTUSD,short,Limit,844272,0.5375,2.165,15443623383
2019-04-25 21:32:05,XBTUSD,short,Limit,155728,0.2554,1.003,2847797936
2019-04-25 21:34:58,XBTUSD,short,Limit,26,0.383,1.045,476060
2019-04-25 22:14:25,XBTUSD,long,Limit,1000000,-0.8219,0.119,19636286536
2019-04-25 22:14:29,XBTUSD,long,Limit,800000,0.1463,0.115,15587200000
2019-04-25 22:18:15,XBTUSD,long,Limit,535836,-0.6885,0.169,10557999928
2019-04-25 22:20:42,XBTUSD,long,Limit,464164,-0.294,0.203,9123607584
2019-04-25 22:21:15,XBTUSD,long,Limit,432662,1.1344,0.178,8495001288
2019-04-25 22:22:02,XBTUSD,long,Limit,158588,2.1986,0.163,3115619848
2019-04-25 22:22:52,XBTUSD,long,Limit,744803,1.7301,0.143,14594999886
2019-04-25 22:23:24,XBTUSD,long,Limit,663947,0.5971,0.111,13043190663
2019-04-25 22:28:15,XBTUSD,long,Limit,546082,0.0,0.026,10781296926
2019-04-25 22:29:08,XBTUSD,long,Limit,1000000,0.5067,0.032,19695089586
2019-04-25 22:31:02,XBTUSD,long,Limit,74,0.8924,0.058,1454544
2019-04-25 22:35:20,XBTUSD,short,Limit,1000000,-0.4119,0.072,19579000000
2019-04-25 22:38:19,XBTUSD,short,Limit,1000000,0.2444,0.078,19598000000
2019-04-25 22:52:49,XBTUSD,short,Limit,1000000,0.1951,0.261,19550000000
2019-04-25 22:56:07,XBTUSD,short,Limit,1000000,0.0098,0.268,19589000000
2019-04-25 23:11:49,XBTUSD,short,Limit,1000000,0.3928,0.474,19592431458
2019-04-25 23:19:32,XBTUSD,short,Limit,1000000,0.56,0.501,19570109294
2019-04-25 23:19:45,XBTUSD,short,Limit,284453,-0.196,0.211,5566460757
2019-04-25 23:21:29,XBTUSD,short,Limit,688495,-0.2451,0.238,13466962200
2019-04-26 00:19:18,XBTUSD,short,Limit,1000000,1.1088,0.868,19734000000
2019-04-26 02:38:03,XBTUSD,short,Limit,3715644,-1.8086,2.493,71419014951
2019-04-26 02:42:59,XBTUSD,short,Limit,142465,-2.4253,1.931,2725429436
2019-04-26 02:50:43,XBTUSD,short,Limit,1000000,-2.3281,1.942,19111714768
2019-04-26 02:52:38,XBTUSD,short,Limit,853521,0.0594,0.503,16374800385
2019-04-26 03:03:51,XBTUSD,short,Limit,1000000,0.3039,0.164,19203476866
2019-04-26 13:19:56,XBTUSD,short,Limit,506040,0.7903,9.951,9797885096
2019-04-26 13:24:27,XBTUSD,short,Limit,493960,0.7288,10.029,9558126000
2019-04-26 17:50:39,XBTUSD,short,Limit,935272,0.186,0.444,18336942832
2019-04-26 17:54:20,XBTUSD,short,Limit,64728,0.1566,0.492,1268668800
2019-04-26 18:45:56,XBTUSD,short,Limit,58,0.5186,1.352,1140918
2019-04-26 19:28:30,XBTUSD,long,Limit,129733,0.5026,0.603,2544842528
2019-04-26 20:13:53,XBTUSD,long,Limit,870267,0.6606,1.286,17044153045
2019-04-27 03:59:25,XBTUSD,long,Limit,42,1.3997,9.045,816564
2019-04-27 04:20:31,XBTUSD,short,Limit,58,0.6416,0.352,1134944
2019-04-27 07:31:56,XBTUSD,long,Limit,421915,0.8978,3.189,8180509935
2019-04-27 13:26:41,XBTUSD,long,Limit,42,0.6061,9.094,816186
2019-04-28 02:14:59,XBTUSD,short,Limit,397677,0.4216,12.728,7763450394
2019-04-28 03:28:30,XBTUSD,short,Limit,602323,-0.3063,13.898,11673607610
2019-04-28 14:32:25,XBTUSD,short,Limit,1000000,0.0633,24.342,19346000000
2019-04-28 14:33:37,XBTUSD,short,Limit,1000000,0.0773,24.116,19348000000
2019-04-29 10:51:18,XBTUSD,short,Limit,58,0.9763,44.366,1132392
2019-04-29 11:57:21,XBTUSD,long,Limit,93788,0.5467,1.116,1821081596
2019-04-29 13:05:06,XBTUSD,long,Limit,359144,-0.0393,2.23,7014441464
2019-04-29 13:05:22,XBTUSD,long,Limit,640856,-0.162,2.032,12526976842
2019-04-29 13:14:03,XBTUSD,long,Limit,1000000,0.4906,0.041,19531000000
2019-04-29 14:03:20,XBTUSD,long,Limit,42,1.001,0.861,816186
2019-04-29 15:25:12,XBTUSD,short,Limit,1000000,0.3393,1.258,19455000000
2019-04-30 14:17:10,XBTUSD,short,Limit,2146,-2.0158,14.379,40821212
2019-04-30 14:17:10,XBTUSD,short,Limit,1997912,-2.1045,14.074,37977596553
2019-04-30 22:24:40,XBTUSD,long,Limit,2088,0.095,8.123,39638592
2019-04-30 22:56:04,XBTUSD,short,Limit,27852,-0.057,0.526,528463848
2019-04-30 23:07:50,XBTUSD,short,Limit,972148,0.0786,0.729,18461090520
2019-04-30 23:11:53,XBTUSD,short,Limit,1000000,0.3072,0.49,18993000000
2019-05-01 12:31:16,XBTUSD,short,Limit,766557,0.6019,7.301,14508624339
2019-05-01 12:32:50,XBTUSD,short,Limit,233443,0.5644,7.235,4416741560
2019-05-02 05:02:49,XBTUSD,short,Limit,2000000,-0.3513,9.982,37588439600
2019-05-02 22:00:40,XBTUSD,short,Limit,1000000,-1.4848,22.072,18520000000
2019-05-02 22:04:52,XBTUSD,short,Limit,1000000,-1.3893,22.061,18517000000
2019-05-02 22:39:01,XBTUSD,short,Limit,1000000,0.0925,2.98,18527000000
2019-05-03 04:00:39,XBTUSD,short,Limit,1000000,0.2102,0.288,18323000000
2019-05-03 06:28:30,XBTUSD,short,Limit,1000000,0.1445,0.037,18100000000
2019-05-03 06:36:14,XBTUSD,short,Limit,1000000,0.1746,0.02,18051000000
2019-05-03 06:42:11,XBTUSD,short,Limit,67,1.0722,0.117,1220405
2019-05-03 06:43:48,XBTUSD,long,Limit,49498,0.3734,0.027,898240206
2019-05-03 06:44:16,XBTUSD,long,Limit,41000,0.4276,0.035,743617000
2019-05-03 07:26:42,XBTUSD,long,Limit,33,0.881,0.729,594231
2019-05-03 08:54:12,XBTUSD,short,Limit,1000000,-2.0201,1.466,17652000000
2019-05-03 08:55:25,XBTUSD,short,Limit,764160,-1.2922,1.185,13501868017
2019-05-03 16:58:23,XBTUSD,short,Limit,1000000,-1.2025,8.407,17582000000
2019-05-03 17:09:07,XBTUSD,short,Limit,1000000,1.2897,8.303,17754000000
2019-05-03 17:17:50,XBTUSD,short,Limit,371492,0.9,8.425,6566492592
2019-05-03 17:20:20,XBTUSD,short,Limit,628508,0.1763,8.408,11099451280
2019-05-03 17:24:32,XBTUSD,short,Limit,349741,0.873,8.418,6208384811
2019-05-03 17:26:34,XBTUSD,short,Limit,650259,0.6376,8.456,11521288962
2019-05-03 18:46:23,XBTUSD,short,Limit,26620,0.0353,0.046,469283980
2019-05-03 18:47:58,XBTUSD,short,Limit,601,-0.0176,0.048,10589620
2019-05-03 19:11:24,XBTUSD,short,Limit,894000,0.2747,0.274,15757644000
2019-05-03 22:17:38,XBTUSD,short,Limit,1000000,0.6056,2.013,17660000000
2019-05-04 18:07:37,XBTUSD,short,Limit,1000000,2.9529,8.985,17952000000
2019-05-05 06:45:09,XBTUSD,short,Limit,1000000,0.0611,1.605,17467000000
2019-05-05 07:31:37,XBTUSD,short,Limit,1000000,0.0738,2.325,17483000000
2019-05-05 07:36:23,XBTUSD,short,Limit,9711,0.3663,2.127,170214408
2019-05-05 07:52:42,XBTUSD,short,Limit,889669,0.812,2.207,15654215018
2019-05-05 07:53:09,XBTUSD,short,Limit,110331,0.5815,2.123,1937191698
2019-05-05 07:53:13,XBTUSD,short,Limit,110331,0.8366,2.009,1937491162
2019-05-05 08:01:59,XBTUSD,short,Limit,1000000,0.8629,2.03,17566402000
2019-05-05 08:03:50,XBTUSD,short,Limit,1000000,1.0437,1.023,17619510700
2019-05-05 09:51:38,XBTUSD,short,Limit,283033,0.0859,1.41,4969776447
2019-05-05 09:51:41,XBTUSD,short,Limit,1000000,0.2221,1.146,17567000000
2019-05-05 10:12:15,XBTUSD,short,Limit,29,0.56,0.448,510342
2019-05-05 10:58:26,XBTUSD,long,Limit,71,0.9503,0.77,1237672
2019-05-05 11:19:08,XBTUSD,short,Limit,1000000,0.2092,0.335,17467000000
2019-05-05 11:35:04,XBTUSD,short,Limit,51441,0.3136,0.582,898982916
2019-05-05 11:48:09,XBTUSD,short,Limit,1000000,0.4253,0.851,17498000000
2019-05-05 13:47:42,XBTUSD,short,Limit,3204,0.1843,1.448,56086020
2019-05-05 14:12:39,XBTUSD,short,Limit,1000000,0.4552,1.844,17552967582
2019-05-05 16:05:41,XBTUSD,short,Limit,29,1.0011,3.003,510023
2019-05-05 16:42:32,XBTUSD,long,Limit,207120,0.4045,0.537,3627706800
2019-05-05 16:46:04,XBTUSD,long,Limit,343449,0.3957,0.564,6015852684
2019-05-05 17:51:11,XBTUSD,long,Limit,4100,-0.1583,1.636,72213300
2019-05-05 18:08:43,XBTUSD,long,Limit,1000000,-0.6455,1.221,17699000000
2019-05-05 18:13:11,XBTUSD,long,Limit,191462,-0.2643,0.38,3382750616
2019-05-05 18:13:43,XBTUSD,long,Limit,313576,-0.0881,0.388,5530539912
2019-05-05 18:14:30,XBTUSD,long,Limit,686424,-0.075,0.337,12114697176
2019-05-05 18:15:55,XBTUSD,long,Limit,1000000,0.3524,0.207,17628928990
2019-05-05 18:30:15,XBTUSD,long,Limit,82,0.6203,0.315,1444266
2019-05-06 00:05:16,XBTUSD,short,Limit,115574,-0.0176,3.987,2023700740
2019-05-06 00:35:09,XBTUSD,short,Limit,91703,0.4378,4.48,1613055770
2019-05-06 00:50:04,XBTUSD,short,Limit,546844,0.2189,4.738,9598205888
2019-05-06 00:54:17,XBTUSD,short,Limit,1000000,1.2093,4.73,17663460937
2019-05-06 01:12:25,XBTUSD,short,Limit,1000000,1.4457,3.705,17687522826
2019-05-06 01:13:17,XBTUSD,short,Limit,1000000,1.5089,2.125,17707033065
2019-05-06 01:14:40,XBTUSD,short,Limit,1000000,1.4457,0.85,17762249702
2019-05-06 01:17:16,XBTUSD,short,Limit,853803,0.6608,0.174,15144757614
2019-05-06 01:20:57,XBTUSD,short,Limit,1000000,1.396,0.092,17952000000
2019-05-06 01:26:16,XBTUSD,short,Limit,18,1.3818,0.154,323334
2019-05-06 01:30:33,XBTUSD,long,Limit,223801,0.1601,0.072,4014318537
2019-05-06 01:30:40,XBTUSD,long,Limit,162052,0.1974,0.073,2905430308
2019-05-06 01:47:39,XBTUSD,long,Limit,1000000,0.8571,0.328,17809000000
2019-05-06 01:48:17,XBTUSD,long,Limit,313282,0.5014,0.043,5581432112
2019-05-06 01:48:33,XBTUSD,long,Limit,82,0.5013,0.042,1460912
2019-05-06 02:12:58,XBTUSD,short,Limit,275445,0.3383,0.158,4920549480
2019-05-06 02:13:55,XBTUSD,short,Limit,724555,0.3027,0.173,12938378635
2019-05-06 02:54:52,XBTUSD,short,Limit,388630,0.1952,0.28,6925775230
2019-05-06 02:55:52,XBTUSD,short,Limit,484599,0.1867,0.283,8635069581
2019-05-06 02:56:25,XBTUSD,short,Limit,126771,0.1779,0.29,2258678907
2019-05-06 06:25:28,XBTUSD,short,Limit,1000000,-0.0089,3.749,17765000000
2019-05-06 06:41:47,XBTUSD,short,Limit,136749,0.5302,1.413,2434786242
2019-05-06 06:42:28,XBTUSD,short,Limit,863251,0.5047,1.415,15365867800
2019-05-06 07:27:13,XBTUSD,short,Limit,383777,0.9204,2.084,6856176105
2019-05-06 07:46:07,XBTUSD,short,Limit,1000000,0.6762,1.556,17873000000
2019-05-06 07:47:19,XBTUSD,short,Limit,478,0.3031,0.244,8549508
2019-05-06 08:04:49,XBTUSD,long,Limit,304899,0.2685,0.131,5449459827
2019-05-06 08:13:16,XBTUSD,long,Limit,695101,0.4122,0.268,12406162648
2019-05-06 08:15:19,XBTUSD,long,Limit,522,0.4122,0.302,9316656
2019-05-06 16:49:58,XBTUSD,short,Limit,632000,-1.3691,7.311,11082752000
2019-05-06 16:54:55,XBTUSD,short,Limit,1000000,-1.1932,6.293,17558000000
2019-05-06 16:55:37,XBTUSD,short,Limit,580429,-0.8886,4.285,10209474652
2019-05-06 16:58:10,XBTUSD,short,Limit,419571,-0.8777,1.942,7369285456
2019-05-06 17:10:39,XBTUSD,short,Limit,271566,-0.9391,2.151,4766797998
2019-05-06 17:14:52,XBTUSD,short,Limit,728434,-0.9347,2.064,12781518604
2019-05-06 17:20:02,XBTUSD,short,Limit,1000000,-0.5151,1.493,17555000000
2019-05-06 17:22:04,XBTUSD,short,Limit,315927,-0.1986,1.02,5554312587
2019-05-06 17:25:32,XBTUSD,short,Limit,684073,0.3328,0.672,12013690026
2019-05-06 17:27:43,XBTUSD,short,Limit,1000000,0.2279,0.413,17569000000
2019-05-06 17:29:23,XBTUSD,short,Limit,1000000,0.3765,0.381,17579000000
2019-05-06 17:38:45,XBTUSD,short,Limit,186,0.4291,0.532,3271554
2019-05-06 18:04:51,XBTUSD,long,Limit,1000000,0.2724,0.423,17544000000
2019-05-06 18:33:49,XBTUSD,long,Limit,814,0.7829,0.897,14209998
2019-05-06 18:34:39,ETHUSD,long,Limit,269589,0.2015,0.862,4692196545
2019-05-06 18:37:52,ETHUSD,long,Limit,230411,0.1727,0.917,4009151400
2019-05-06 19:10:32,XBTUSD,short,Limit,1000000,0.034,0.619,17468147568
2019-05-06 19:31:58,XBTUSD,short,Limit,1000000,0.1659,0.957,17496000000
2019-05-06 19:33:13,XBTUSD,short,Limit,1000000,0.2397,0.958,17509897359
2019-05-06 19:37:09,XBTUSD,short,Limit,122892,0.3486,0.976,2151101568
2019-05-06 20:12:16,XBTUSD,short,Limit,369604,0.1553,1.535,6458829900
2019-05-06 20:13:45,XBTUSD,short,Limit,630396,0.2589,1.463,11021213268
2019-05-06 20:15:19,XBTUSD,short,Limit,1000000,0.7964,1.127,17536000000
2019-05-06 20:15:47,XBTUSD,short,Limit,1000000,0.7426,0.463,17567288100
2019-05-06 20:18:51,XBTUSD,short,Limit,382030,0.2169,0.027,6712856664
2019-05-07 06:18:13,XBTUSD,short,Limit,1000000,-3.4552,9.729,17010332960
2019-05-07 07:20:05,XBTUSD,short,Limit,186,-3.238,10.76,3170556
2019-05-07 09:16:16,XBTUSD,long,Limit,1000000,0.4091,1.932,16978000000
2019-05-07 09:41:38,XBTUSD,long,Limit,314,0.6478,2.352,5318532
2019-05-07 09:54:55,XBTUSD,short,Limit,1000000,0.2955,0.094,16941000000
2019-05-07 13:25:12,XBTUSD,short,Limit,931096,0.4138,3.361,15816369474
2019-05-07 13:27:59,XBTUSD,short,Limit,68904,0.3045,3.402,1169163072
2019-05-07 14:15:12,XBTUSD,short,Limit,1000000,1.4348,1.431,17171490275
2019-05-07 14:21:14,XBTUSD,short,Limit,1000000,1.6054,0.449,17175000000
2019-05-07 14:28:22,XBTUSD,short,Limit,1000000,-0.2979,0.179,17123462383
2019-05-07 14:29:58,XBTUSD,short,Limit,1000000,0.0342,0.167,17138000000
2019-05-07 14:30:17,XBTUSD,short,Limit,1000000,0.326,0.076,17157445507
2019-05-07 14:46:13,XBTUSD,short,Limit,186,0.3591,0.34,3192318
2019-05-07 16:17:19,XBTUSD,long,Limit,1000000,0.7394,1.521,17047000000
2019-05-07 16:18:15,XBTUSD,long,Limit,314,0.8576,1.53,5347106
2019-05-07 17:37:04,XBTUSD,short,Limit,321632,0.2712,0.657,5470960320
2019-05-07 18:01:22,XBTUSD,short,Limit,678368,0.1951,1.03,11530220896
2019-05-07 18:44:12,XBTUSD,short,Limit,1000000,0.61,1.53,17033000000
2019-05-08 03:23:34,XBTUSD,short,Limit,1000000,1.8414,4.141,17289000000
2019-05-08 03:27:01,XBTUSD,short,Limit,186,1.8922,4.164,3217428
2019-05-08 04:50:34,XBTUSD,long,Limit,314,0.2249,1.392,5419326
2019-05-08 09:14:39,XBTUSD,short,Limit,432422,0.2749,2.855,7453658014
2019-05-08 09:20:04,XBTUSD,short,Limit,567578,0.2149,2.93,9777666206
2019-05-08 13:20:42,XBTUSD,short,Limit,1000000,0.0856,4.823,17153000000
2019-05-08 14:16:58,XBTUSD,short,Limit,189703,0.5616,0.44,3258616354
2019-05-08 16:06:48,XBTUSD,short,Limit,592838,-0.4697,2.129,10078838838
2019-05-08 16:08:58,XBTUSD,short,Limit,140277,-0.3299,2.105,2388165992
2019-05-08 16:33:39,XBTUSD,short,Limit,212339,-0.3527,2.132,3616770187
2019-05-08 16:34:32,XBTUSD,short,Limit,104893,0.0307,1.266,1785131458
2019-05-08 16:34:47,XBTUSD,short,Limit,218106,0.5331,0.549,3710278091
2019-05-08 16:37:20,XBTUSD,short,Limit,484662,0.34,0.535,8243131296
2019-05-08 23:49:50,XBTUSD,short,Limit,64955,0.0549,0.044,1095336165
2019-05-09 00:09:31,XBTUSD,short,Limit,1000000,-0.1128,0.179,16821000000
2019-05-09 00:09:31,XBTUSD,short,Limit,1000000,-0.0505,0.139,16793000000
2019-05-09 00:20:22,XBTUSD,short,Limit,973649,0.5117,0.229,16418643087
2019-05-09 00:20:41,XBTUSD,short,Limit,26351,0.4865,0.234,444251509
2019-05-09 00:41:14,XBTUSD,short,Limit,1000000,0.3699,0.564,16793000000
2019-05-09 01:16:20,XBTUSD,short,Limit,143084,-1.5946,0.745,2365035436
2019-05-09 01:17:07,XBTUSD,short,Limit,856916,-1.4397,0.727,14175961388
2019-05-09 01:17:10,XBTUSD,short,Limit,856916,-1.4212,0.716,14174247556
2019-05-09 01:17:43,XBTUSD,short,Limit,143084,-1.3244,0.696,2367324780
2019-05-09 01:25:05,XBTUSD,short,Limit,820026,-1.0536,0.516,13558919787
2019-05-09 01:25:19,XBTUSD,short,Limit,179974,-1.145,0.519,2974250324
2019-05-09 02:09:28,XBTUSD,short,Limit,491990,-0.7618,1.222,8150586891
2019-05-09 02:15:33,XBTUSD,short,Limit,27858,-0.776,1.324,461300622
2019-05-09 02:16:05,XBTUSD,short,Limit,480152,-0.8767,1.331,7947475904
2019-05-09 02:24:50,XBTUSD,short,Limit,357806,-0.009,1.459,5916680016
2019-05-09 02:29:12,XBTUSD,short,Limit,642194,-0.0466,1.507,10615054993
2019-05-09 04:05:39,XBTUSD,short,Limit,1000000,0.7293,2.959,16587437727
2019-05-09 05:28:36,XBTUSD,short,Limit,1000000,-0.0495,0.742,16528000000
2019-05-09 05:52:16,XBTUSD,short,Limit,1000000,0.3873,0.773,16549000000
2019-05-09 06:07:07,XBTUSD,short,Limit,1000000,0.6832,0.957,16577000000
2019-05-09 07:53:15,XBTUSD,short,Limit,407880,0.1736,1.125,6746335200
2019-05-09 07:59:05,XBTUSD,short,Limit,528048,0.1147,1.214,8728580359
2019-05-09 07:59:21,XBTUSD,short,Limit,64072,0.0578,1.195,1058533512
2019-05-09 15:20:32,XBTUSD,short,Limit,305564,0.4187,1.118,5108126742
2019-05-09 15:21:27,XBTUSD,short,Limit,694436,0.3486,1.044,11605164140
2019-05-09 23:13:35,XBTUSD,short,Limit,605818,-1.3329,6.403,9907093850
2019-05-09 23:15:08,XBTUSD,short,Limit,394182,-1.4251,6.423,6440539698
2019-05-10 20:57:38,XBTUSD,short,Limit,269,-3.8943,28.13,4290550
2019-05-10 23:35:49,XBTUSD,long,Limit,97846,-0.0297,0.317,1537845582
2019-05-10 23:54:23,XBTUSD,long,Limit,26297,-0.3535,0.622,414651096
2019-05-10 23:58:53,XBTUSD,long,Limit,95700,-0.275,0.697,1507753500
2019-05-11 00:15:10,XBTUSD,long,Limit,1000000,0.1179,0.89,15699000000
2019-05-11 00:17:26,XBTUSD,long,Limit,1000000,0.4116,0.539,15673398295
2019-05-11 00:17:41,XBTUSD,long,Limit,1000000,0.5166,0.478,15674000000
2019-05-11 00:50:35,XBTUSD,long,Limit,249693,0.2339,0.127,3915935319
2019-05-11 01:43:59,XBTUSD,long,Limit,1000000,1.2693,0.964,15520080161
2019-05-11 02:00:58,XBTUSD,long,Limit,224,1.8926,1.139,3452736
2019-05-11 02:03:12,XBTUSD,short,Limit,276,0.3776,0.037,4270548
2019-05-11 02:04:07,XBTUSD,long,Limit,59167,0.0677,0.015,914840154
2019-05-11 02:30:21,XBTUSD,long,Limit,105833,-0.2089,0.452,1640834832
2019-05-11 02:57:33,XBTUSD,long,Limit,1000000,0.7205,0.866,15361000000
2019-05-11 03:07:15,XBTUSD,long,Limit,1000000,1.2874,0.622,15314000000
2019-05-11 03:09:48,XBTUSD,long,Limit,224,1.2713,0.655,3429216
2019-05-11 03:25:39,XBTUSD,short,Limit,423686,0.0613,0.181,6493411636
2019-05-11 03:26:33,XBTUSD,short,Limit,576314,0.0306,0.204,8829706794
2019-05-11 05:51:17,XBTUSD,short,Limit,806970,0.3204,0.016,12020379734
2019-05-11 06:08:21,XBTUSD,short,Limit,1000000,-0.5101,0.042,14706000000
2019-05-11 06:19:08,XBTUSD,short,Limit,1000000,0.3658,0.056,14641000000
2019-05-11 06:26:21,XBTUSD,short,Limit,177141,0.2165,0.059,2572795884
2019-05-11 06:33:41,XBTUSD,short,Limit,10330,-0.3317,0.181,149219187
2019-05-11 06:34:18,XBTUSD,short,Limit,1000000,0.8978,0.187,14620000000
2019-05-11 06:34:42,XBTUSD,short,Limit,1000000,0.691,0.172,14567000000
2019-05-11 06:40:37,XBTUSD,short,Limit,1000000,0.2912,0.048,14588000000
2019-05-11 06:42:15,XBTUSD,short,Limit,276,1.0182,0.074,4055820
2019-05-11 06:42:57,XBTUSD,long,Limit,805848,0.5142,0.012,11781497760
2019-05-11 06:46:47,XBTUSD,long,Limit,1000000,-0.9538,0.044,14815000000
2019-05-11 06:48:31,XBTUSD,long,Limit,1000000,0.2998,0.046,14737647803
2019-05-11 06:51:22,XBTUSD,long,Limit,1000000,0.1144,0.014,14782000000
2019-05-11 06:54:28,XBTUSD,long,Limit,1000000,0.8683,0.058,14674000000
2019-05-11 06:58:50,XBTUSD,long,Limit,224,1.1103,0.13,3279584
2019-05-11 07:01:51,XBTUSD,short,Limit,276,0.3441,0.05,4054992
2019-05-11 07:22:53,XBTUSD,long,Limit,1000000,0.6725,0.323,14620000000
2019-05-11 07:25:26,XBTUSD,long,Limit,148739,0.9584,0.355,2172928051
2019-05-11 07:26:34,XBTUSD,long,Limit,197001,0.9587,0.374,2877987609
2019-05-11 07:29:23,XBTUSD,long,Limit,1000000,0.9722,0.304,14567000000
2019-05-11 07:39:36,XBTUSD,long,Limit,694867,-0.0805,0.067,10181191284
2019-05-11 07:53:47,XBTUSD,long,Limit,1000000,-0.5861,0.277,14749000000
2019-05-11 07:57:38,XBTUSD,long,Limit,1000000,-0.2239,0.326,14705910901
2019-05-11 08:00:50,XBTUSD,long,Limit,120447,0.5053,0.149,1771293582
2019-05-11 08:15:04,XBTUSD,long,Limit,172611,-0.0162,0.385,2551535802
2019-05-11 08:22:49,XBTUSD,long,Limit,6035,0.4212,0.514,88817095
2019-05-11 08:29:59,XBTUSD,long,Limit,1150601,-0.1787,0.525,17019060088
2019-05-11 08:32:41,XBTUSD,long,Limit,2000000,-0.3806,0.165,29757825011
2019-05-11 09:02:57,XBTUSD,long,Limit,207045,0.7103,0.096,3076481655
2019-05-11 09:04:54,XBTUSD,long,Limit,792955,0.6435,0.128,11791240850
2019-05-11 09:05:38,XBTUSD,long,Limit,143005,0.7285,0.103,2125293145
2019-05-11 09:41:46,XBTUSD,long,Limit,234,1.5344,0.705,3450096
2019-05-11 10:25:56,XBTUSD,short,Limit,1877926,-0.281,0.531,27518624323
2019-05-11 10:26:25,XBTUSD,short,Limit,500,-0.0073,0.302,7325500
2019-05-11 10:26:44,XBTUSD,short,Limit,121840,-0.0725,0.307,1783871250
2019-05-11 10:33:29,XBTUSD,long,Limit,234,0.183,0.113,3420144
2019-05-11 10:40:11,XBTUSD,short,Limit,266,0.5189,0.112,3908072
2019-05-11 12:15:27,XBTUSD,long,Limit,1000000,-0.4697,0.302,14804000000
2019-05-11 12:23:11,XBTUSD,long,Limit,1000000,-0.0737,0.402,14749000000
2019-05-11 13:10:49,XBTUSD,long,Limit,1000000,0.7258,0.973,14708000000
2019-05-11 13:25:21,XBTUSD,long,Limit,1000000,0.7413,0.864,14683782890
2019-05-11 13:44:25,XBTUSD,long,Limit,7944,0.581,1.002,116999232
2019-05-11 13:52:01,XBTUSD,long,Limit,643210,0.9629,1.128,9437177120
2019-05-11 14:01:11,XBTUSD,long,Limit,356790,0.8671,1.257,5239104360
2019-05-11 15:19:17,XBTUSD,long,Limit,1000000,0.3076,1.67,14674000000
2019-05-11 16:19:09,XBTUSD,long,Limit,1000000,3.5372,1.865,14235000000
2019-05-11 20:11:47,XBTUSD,long,Limit,234,2.6676,5.739,3359070
2019-05-11 22:10:35,XBTUSD,short,Limit,283069,-1.4587,1.932,4006558626
2019-05-11 22:37:29,XBTUSD,short,Limit,1400000,-4.3912,1.855,19208759979
2019-05-11 22:38:05,XBTUSD,short,Limit,580634,-3.199,0.83,8003459056
2019-05-11 22:40:39,XBTUSD,short,Limit,386448,-2.8931,0.863,5341484256
2019-05-11 22:41:12,XBTUSD,short,Limit,1135538,-2.391,0.696,15669748235
2019-05-11 22:43:29,XBTUSD,short,Limit,447146,-1.7189,0.654,6175980552
2019-05-11 22:44:26,XBTUSD,short,Limit,387703,-1.1989,0.412,5343638886
2019-05-11 22:46:07,XBTUSD,short,Limit,473149,0.9258,0.182,6532973953
2019-05-11 22:47:06,XBTUSD,short,Limit,1400000,0.8752,0.169,19350831974
2019-05-11 22:48:04,XBTUSD,short,Limit,76000,0.4811,0.058,1049712000
2019-05-11 22:59:22,XBTUSD,short,Limit,787732,0.069,0.113,10858097888
2019-05-11 23:14:03,XBTUSD,short,Limit,1900000,-1.7479,0.288,25673673902
2019-05-11 23:15:18,XBTUSD,short,Limit,501567,-1.6035,0.161,6776352184
2019-05-11 23:16:04,XBTUSD,short,Limit,28466,-1.508,0.174,384953718
2019-05-11 23:16:11,XBTUSD,short,Limit,1101039,-1.2711,0.143,14874451235
2019-05-11 23:16:38,XBTUSD,short,Limit,182318,-0.954,0.131,2467187943
2019-05-11 23:17:12,XBTUSD,short,Limit,838741,0.3132,0.098,11389371332
2019-05-11 23:17:51,XBTUSD,short,Limit,248000,0.814,0.097,3375335994
2019-05-11 23:32:42,XBTUSD,short,Limit,342000,0.4065,0.016,4612408251
2019-05-11 23:52:58,XBTUSD,short,Limit,66,2.8878,0.347,912846
2019-05-11 23:54:27,XBTUSD,long,Limit,1399800,0.4841,0.032,19268247000
2019-05-12 00:32:22,XBTUSD,long,Limit,1200000,-2.0482,0.149,16942739265
2019-05-12 00:35:12,XBTUSD,long,Limit,134,-1.5904,0.196,1883102
2019-05-12 00:36:24,XBTUSD,short,Limit,519389,0.4953,0.012,7330936863
2019-05-12 00:37:31,XBTUSD,short,Limit,366,0.8427,0.031,5184024
2019-05-12 00:38:53,XBTUSD,long,Limit,1200000,-0.8494,0.021,17143200000
2019-05-12 00:40:54,XBTUSD,long,Limit,1199634,1.2813,0.042,17052797310
2019-05-12 00:43:23,XBTUSD,short,Limit,1200000,0.2431,0.017,17020800000
2019-05-12 00:51:12,XBTUSD,short,Limit,374824,-0.0956,0.068,5275647800
2019-05-12 00:52:13,XBTUSD,short,Limit,1200000,0.2001,0.07,16926432780
2019-05-12 00:52:47,XBTUSD,short,Limit,366,0.5337,0.035,5167920
2019-05-12 00:55:58,XBTUSD,long,Limit,51882,0.5296,0.053,728682690
2019-05-12 01:01:24,XBTUSD,long,Limit,662747,0.3104,0.134,9328164025
2019-05-12 01:07:26,XBTUSD,long,Limit,37960,0.5762,0.158,533489840
2019-05-12 01:22:20,XBTUSD,short,Limit,412,0.4989,0.248,5819088
2019-05-12 01:41:27,XBTUSD,long,Limit,88,1.25,0.318,1227600
2019-05-12 01:48:26,XBTUSD,short,Limit,1200000,-0.2788,0.115,16678800000
2019-05-12 02:16:25,XBTUSD,short,Limit,1200000,0.069,0.514,16632000000
2019-05-12 02:59:45,XBTUSD,short,Limit,1200000,1.1096,0.914,16748400000
2019-05-12 03:34:34,XBTUSD,short,Limit,1200000,0.6976,1.195,16702714856
2019-05-12 03:37:10,XBTUSD,short,Limit,1200000,0.8323,0.285,16783200000
2019-05-12 04:16:17,XBTUSD,short,Limit,1200000,-0.6278,0.348,16644000000
2019-05-12 08:17:02,XBTUSD,short,Limit,1200000,2.1373,0.579,16304400000
2019-05-12 08:23:18,XBTUSD,short,Limit,1200000,1.8539,0.127,16577465337
2019-05-12 08:35:34,XBTUSD,short,Limit,1200000,0.339,0.04,16326000000
2019-05-12 08:36:48,XBTUSD,short,Limit,412,0.5085,0.06,5615148
2019-05-12 08:41:39,XBTUSD,long,Limit,588,0.3612,0.081,7985040
2019-05-12 09:29:43,XBTUSD,short,Limit,1200000,-1.5553,0.696,15979200000
2019-05-12 09:50:39,XBTUSD,short,Limit,1200000,2.201,0.472,16371600000
2019-05-12 12:02:55,XBTUSD,short,Limit,1200000,4.9171,2.612,16736946431
2019-05-12 12:04:31,XBTUSD,short,Limit,1200000,3.7042,1.85,16783200000
2019-05-12 12:10:22,XBTUSD,short,Limit,626421,0.4203,0.042,8767388316
2019-05-12 12:10:44,XBTUSD,short,Limit,412,0.5854,0.045,5775828
2019-05-12 12:16:47,XBTUSD,long,Limit,920646,-0.0202,0.101,12921266610
2019-05-12 12:24:50,XBTUSD,long,Limit,1183492,-0.1207,0.184,16662318954
2019-05-12 12:26:15,XBTUSD,long,Limit,1103995,0.2525,0.118,15538729625
2019-05-12 12:28:45,XBTUSD,long,Limit,1416000,0.6351,0.078,19859400000
2019-05-12 12:43:33,XBTUSD,long,Limit,1300000,0.0705,0.086,18271500000
2019-05-12 12:46:48,XBTUSD,long,Limit,1300000,0.7945,0.119,18194800000
2019-05-12 12:48:16,XBTUSD,long,Limit,596,0.7405,0.139,8344596
2019-05-12 13:21:27,XBTUSD,short,Limit,1300000,0.1275,0.095,18031000000
2019-05-12 13:42:06,XBTUSD,short,Limit,404,0.9003,0.412,5646304
2019-05-12 13:43:56,XBTUSD,long,Limit,1041500,0.5858,0.033,14472743536
2019-05-12 14:08:07,XBTUSD,long,Limit,1300000,-0.5714,0.313,18271500000
2019-05-12 14:15:55,XBTUSD,long,Limit,1300000,0.3521,0.357,18207800000
2019-05-12 15:03:16,XBTUSD,long,Limit,1300000,-0.9157,0.311,18610800000
2019-05-12 15:10:36,XBTUSD,long,Limit,1300000,-0.0578,0.306,18492500000
2019-05-12 15:20:02,XBTUSD,long,Limit,1180903,-0.2064,0.398,16930606311
2019-05-12 15:24:02,XBTUSD,long,Limit,60266,0.0003,0.461,862163248
2019-05-12 15:25:34,XBTUSD,long,Limit,220837,0.344,0.428,3166073395
2019-05-12 15:26:10,XBTUSD,long,Limit,781933,0.2442,0.413,11239592030
2019-05-12 15:34:35,XBTUSD,long,Limit,1300000,-0.6008,0.411,18718700000
2019-05-12 15:49:18,XBTUSD,long,Limit,1300000,-2.2358,0.528,19061900000
2019-05-12 15:59:48,XBTUSD,long,Limit,1300000,-0.6104,0.55,18868200000
2019-05-12 16:01:43,XBTUSD,long,Limit,1300000,0.6168,0.509,18746000000
2019-05-12 16:06:52,XBTUSD,long,Limit,1300000,0.6595,0.509,18678400000
2019-05-12 16:09:35,XBTUSD,long,Limit,1056442,0.7563,0.119,15163013126
2019-05-12 16:26:47,XBTUSD,long,Limit,1300000,-0.671,0.253,18904939169
2019-05-12 16:33:29,XBTUSD,long,Limit,1300000,-0.7751,0.185,18985713219
2019-05-12 16:38:13,XBTUSD,long,Limit,1300000,0.0661,0.26,18868200000
2019-05-12 16:41:11,XBTUSD,long,Limit,1292987,0.8759,0.194,18722026800
2019-05-12 17:32:55,XBTUSD,long,Limit,1300000,0.8872,0.75,18785447619
2019-05-12 17:33:37,XBTUSD,long,Limit,45962,1.0058,0.746,663323584
2019-05-12 19:03:26,XBTUSD,short,Limit,433192,-0.1433,0.418,6148727248
2019-05-12 21:07:37,XBTUSD,short,Limit,147177,-1.4925,2.457,2061361062
2019-05-12 21:27:07,XBTUSD,short,Limit,1300000,-0.0013,2.459,18419663031
2019-05-12 22:30:28,XBTUSD,short,Limit,1300000,2.9035,1.871,18799300000
2019-05-13 09:53:25,XBTUSD,short,Limit,1300000,-0.3467,3.364,18350800000
2019-05-13 11:29:26,XBTUSD,short,Limit,809798,-1.0196,1.708,11264834246
2019-05-13 11:41:36,XBTUSD,short,Limit,1057528,-1.27,0.998,14566390672
2019-05-13 11:42:47,XBTUSD,short,Limit,242472,-0.8316,0.228,3333020112
2019-05-13 11:44:21,XBTUSD,short,Limit,1018850,-0.503,0.187,14015322875
2019-05-13 11:44:59,XBTUSD,short,Limit,281150,-0.3437,0.133,3864734760
2019-05-13 11:49:36,XBTUSD,short,Limit,1300000,0.205,0.06,17820400000
2019-05-13 11:53:54,XBTUSD,short,Limit,1300000,0.4165,0.107,17845100000
2019-05-13 11:54:26,XBTUSD,short,Limit,313,0.6903,0.115,4308445
2019-05-13 12:03:41,XBTUSD,long,Limit,1299500,0.3493,0.155,17825241500
2019-05-13 12:04:23,XBTUSD,long,Limit,187,0.3304,0.166,2565453
2019-05-13 12:46:56,XBTUSD,short,Limit,1300000,0.5115,0.195,17836294332
2019-05-13 13:17:59,XBTUSD,short,Limit,247385,-0.7825,0.596,3345436427
2019-05-13 13:18:21,XBTUSD,short,Limit,1052615,-0.7171,0.603,14243986180
2019-05-13 13:29:12,XBTUSD,short,Limit,335411,0.0031,0.491,4554289352
2019-05-13 13:32:28,XBTUSD,short,Limit,964589,0.083,0.49,13107778650
2019-05-13 14:02:18,XBTUSD,short,Limit,72257,0.7672,0.804,983057665
2019-05-13 14:02:38,XBTUSD,short,Limit,1227743,0.6176,0.809,16681344141
2019-05-13 19:42:16,XBTUSD,short,Limit,2600000,-6.8756,5.732,32862075282
2019-05-13 20:00:56,XBTUSD,short,Limit,313,-6.6576,5.862,3971031
2019-05-13 20:05:50,XBTUSD,long,Limit,1300000,-0.1274,0.072,16571100000
2019-05-13 21:32:42,XBTUSD,long,Limit,187,3.6156,1.518,2297666
2019-05-13 21:38:56,ADAM19,long,Limit,1000000,-0.4992,0.057,922372462
2019-05-13 21:46:56,XBTUSD,short,Limit,1300000,0.5002,0.24,16099200000
2019-05-13 22:57:10,XBTUSD,short,Limit,313,3.0154,1.4,3971970
2019-05-13 22:58:59,XBTUSD,long,Limit,885520,0.9097,0.03,11136427694
2019-05-13 23:11:22,XBTUSD,long,Limit,2600000,-2.406,0.098,34087126217
2019-05-13 23:21:36,XBTUSD,long,Limit,1300000,-0.3879,0.053,16922885209
2019-05-13 23:22:55,XBTUSD,long,Limit,44000,0.1296,0.072,569580000
2019-05-13 23:33:46,XBTUSD,long,Limit,628,1.6202,0.253,8010140
2019-05-13 23:37:19,XBTUSD,short,Limit,459000,0.3322,0.06,5873364000
2019-05-13 23:44:34,XBTUSD,short,Limit,580,0.7653,0.18,7454740
2019-05-13 23:45:27,XBTUSD,long,Limit,1200000,0.1962,0.013,15394800000
2019-05-13 23:51:01,XBTUSD,long,Limit,420,0.9699,0.1,5343660
2019-05-14 00:32:31,XBTUSD,short,Limit,91773,-0.8211,0.692,1157991714
2019-05-14 00:33:08,XBTUSD,short,Limit,1200000,-0.5769,0.578,15170400000
2019-05-14 00:57:11,XBTUSD,short,Limit,1200000,0.1739,0.549,15160800000
2019-05-14 01:51:28,XBTUSD,short,Limit,334711,0.0,1.165,4196941229
2019-05-14 02:01:49,XBTUSD,short,Limit,865289,0.3371,1.348,10886947809
2019-05-14 02:53:16,XBTUSD,short,Limit,1200000,3.2391,1.349,15345600000
2019-05-14 10:31:49,XBTUSD,short,Limit,686295,-0.738,7.6,8634609579
2019-05-14 10:32:29,XBTUSD,short,Limit,513705,-0.3676,7.608,6487066740
2019-05-14 12:29:29,XBTUSD,short,Limit,1200000,-2.1829,1.72,14643600000
2019-05-14 14:45:46,XBTUSD,short,Limit,1200000,2.5862,2.491,15087400729
2019-05-14 15:57:16,XBTUSD,short,Limit,1200000,1.4147,0.637,15054924528
2019-05-14 16:05:39,XBTUSD,short,Limit,580,4.2672,0.77,7493600
2019-05-14 16:09:16,XBTUSD,long,Limit,1200000,1.1625,0.063,15325200000
2019-05-14 16:32:37,XBTUSD,long,Limit,420,2.1692,0.412,5276460
2019-05-14 16:50:31,XBTUSD,short,Limit,1200000,-0.0935,0.255,15032874575
2019-05-14 17:02:56,XBTUSD,short,Limit,451859,0.311,0.157,5651852372
2019-05-14 17:32:14,XBTUSD,short,Limit,1200000,0.2365,0.571,14992975867
2019-05-14 17:51:22,XBTUSD,short,Limit,580,0.7412,0.758,7279580
2019-05-14 18:30:39,XBTUSD,long,Limit,1200000,0.6349,0.069,15151200000
2019-05-14 19:18:53,XBTUSD,long,Limit,1200000,-0.953,0.725,15394800000
2019-05-14 20:02:12,XBTUSD,long,Limit,1200000,0.3928,0.951,15354723660
2019-05-14 20:03:21,XBTUSD,long,Limit,1200000,1.421,0.786,15286800000
2019-05-14 22:34:53,XBTUSD,long,Limit,1200000,2.19,3.147,15122400000
2019-05-14 23:32:10,XBTUSD,long,Limit,1200000,0.7023,3.205,15208800000
2019-05-14 23:46:42,XBTUSD,long,Limit,420,2.2974,3.427,5240340
2019-05-15 03:41:20,XBTUSD,short,Limit,1250000,0.005,3.895,15549191778
2019-05-15 04:00:43,XBTUSD,short,Limit,175932,0.3888,0.974,2181380868
2019-05-15 07:25:29,XBTUSD,short,Limit,1250000,2.2765,4.346,15802500000
2019-05-15 08:39:39,XBTUSD,short,Limit,37770,2.0099,5.411,475259910
2019-05-15 11:58:32,XBTUSD,short,Limit,1250000,1.606,8.455,15683750000
2019-05-15 12:06:31,XBTUSD,short,Limit,1250000,0.5061,0.084,15704723769
2019-05-15 21:41:59,XBTUSD,short,Limit,187818,-1.7774,9.153,2299624870
2019-05-15 21:43:52,XBTUSD,short,Limit,1046985,-1.9938,9.18,12791015745
2019-05-15 21:44:24,XBTUSD,short,Limit,15197,-2.0125,9.183,185631355
2019-05-16 04:31:39,XBTUSD,short,Limit,330328,0.4366,0.077,4093441861
2019-05-16 04:34:55,XBTUSD,short,Limit,969672,0.8987,0.104,12068801385
2019-05-16 05:01:57,XBTUSD,short,Limit,1300000,0.3265,0.079,16331900000
2019-05-16 05:11:34,XBTUSD,short,Limit,1300000,0.1244,0.082,16220100000
2019-05-16 05:20:48,XBTUSD,short,Limit,718533,0.5596,0.096,8987410764
2019-05-16 05:32:21,XBTUSD,short,Limit,1300000,0.6292,0.071,16322362957
2019-05-16 10:22:58,XBTUSD,short,Limit,1300000,2.0096,4.491,16542071386
2019-05-16 14:42:26,XBTUSD,short,Limit,1300000,0.5383,0.082,16378656355
2019-05-16 17:22:55,XBTUSD,short,Limit,918055,0.6292,2.413,11598878624
2019-05-16 17:38:14,XBTUSD,short,Limit,381945,0.5136,2.596,4819988265
2019-05-16 17:43:11,XBTUSD,short,Limit,580,0.8161,2.677,7341640
2019-05-16 18:08:17,XBTUSD,long,Limit,1300000,0.755,0.416,16341000000
2019-05-16 18:17:53,XBTUSD,long,Limit,413870,0.2707,0.108,5212278780
2019-05-16 23:11:11,XBTUSD,long,Limit,420,-0.7386,4.963,5342400
2019-05-17 00:20:37,XBTUSD,short,Limit,1300000,-0.6997,1.147,16424200000
2019-05-17 01:01:47,XBTUSD,short,Limit,1300000,0.3165,0.992,16517800000
2019-05-17 01:12:14,XBTUSD,short,Limit,10000,1.1948,0.954,127582132
2019-05-17 01:43:02,XBTUSD,short,Limit,171356,1.9598,1.446,2202608130
2019-05-17 01:43:31,XBTUSD,short,Limit,1128644,1.6909,1.446,14470344724
2019-05-17 02:37:12,XBTUSD,short,Limit,580,0.9509,1.412,7473880
2019-05-17 02:59:10,XBTUSD,long,Limit,187450,-1.3971,0.122,2466467100
2019-05-17 03:01:54,XBTUSD,long,Limit,2600000,-6.8325,0.095,36582722195
2019-05-17 03:03:39,XBTUSD,long,Limit,420,-3.8441,0.071,5769960
2019-05-17 03:04:13,XBTUSD,short,Limit,1055148,1.8082,0.012,14778402888
2019-05-17 03:07:46,XBTUSD,long,Limit,1300000,0.725,0.029,18638100000
2019-05-17 03:12:59,XBTUSD,long,Limit,1300000,3.7631,0.063,18492500000
2019-05-17 03:18:39,XBTUSD,long,Limit,420,6.1993,0.157,5837580
2019-05-17 03:20:49,XBTUSD,short,Limit,54358,0.6254,0.038,760250988
2019-05-17 03:23:16,XBTUSD,short,Limit,1000000,-0.3115,0.076,13855180807
2019-05-17 03:31:26,XBTUSD,short,Limit,1326274,-0.77,0.161,18118229114
2019-05-17 03:34:49,XBTUSD,short,Limit,1300000,1.8407,0.073,17980300000
2019-05-17 03:37:25,XBTUSD,short,Limit,1300000,0.7815,0.021,18018000000
2019-05-17 03:38:28,XBTUSD,short,Limit,26777,1.1692,0.029,372682286
2019-05-17 03:39:20,XBTUSD,long,Limit,849347,0.9743,0.014,11707399048
2019-05-17 03:39:25,XBTUSD,long,Limit,3000,0.9251,0.015,41370184
2019-05-17 03:39:41,XBTUSD,long,Limit,349363,0.987,0.019,4814979513
2019-05-17 03:39:49,XBTUSD,long,Limit,645,1.023,0.021,8886165
2019-05-17 03:40:44,XBTUSD,short,Limit,355,0.6751,0.015,4924205
2019-05-17 03:48:56,XBTUSD,long,Limit,1299000,1.2508,0.137,17782011000
2019-05-17 04:06:46,XBTUSD,long,Limit,645,2.687,0.432,8699760
2019-05-17 04:49:21,XBTUSD,short,Limit,355,2.4144,0.71,4906810
2019-05-17 05:08:29,XBTUSD,long,Limit,1299000,0.2073,0.298,17917107000
2019-05-17 05:21:01,XBTUSD,long,Limit,645,1.1057,0.503,8817795
2019-05-17 05:58:02,XBTUSD,short,Limit,355,1.784,0.617,4941245
2019-05-17 06:05:06,XBTUSD,long,Limit,1300000,0.9113,0.101,18068700000
2019-05-17 07:04:06,XBTUSD,long,Limit,1300000,1.9637,0.42,17856800000
2019-05-17 21:14:53,XBTUSD,long,Limit,645,1.4496,14.57,8904225
2019-05-17 21:25:19,XBTUSD,short,Limit,387000,0.821,0.164,5386266000
2019-05-17 22:11:39,XBTUSD,short,Limit,726316,-1.1783,0.646,9956339728
2019-05-17 22:16:08,XBTUSD,short,Limit,451985,-0.8327,0.697,6222767416
2019-05-17 22:23:46,XBTUSD,short,Limit,1300000,-0.0492,0.589,17968600000
2019-05-17 22:27:44,XBTUSD,short,Limit,848364,0.5027,0.525,11758325040
2019-05-18 00:15:31,XBTUSD,short,Limit,1300000,-1.3118,2.256,17639700000
2019-05-18 00:22:23,XBTUSD,short,Limit,1300000,-0.4791,2.312,17711200000
2019-05-18 00:45:18,XBTUSD,short,Limit,1300000,-0.8273,1.666,17784000000
2019-05-18 00:54:40,XBTUSD,short,Limit,1300000,1.0436,1.061,17881500000
2019-05-18 01:30:37,XBTUSD,short,Limit,1300000,1.7191,1.37,17843800000
2019-05-18 01:39:17,XBTUSD,short,Limit,1300000,0.2062,0.647,17856800000
2019-05-18 11:02:43,XBTUSD,short,Limit,1300000,0.612,6.341,17795700000
2019-05-19 01:26:41,XBTUSD,short,Limit,436,-2.6259,20.732,5780052
2019-05-19 01:30:33,XBTUSD,long,Limit,564,0.7358,0.065,7422240
2019-05-19 01:34:33,XBTUSD,short,Limit,1300000,0.1971,0.044,17117100000
2019-05-19 01:41:51,XBTUSD,short,Limit,436,0.1971,0.152,5740812
2019-05-19 01:48:17,XBTUSD,long,Limit,1300000,0.3955,0.129,17071600000
2019-05-19 01:56:42,XBTUSD,long,Limit,95850,0.263,0.174,1262823750
2019-05-19 02:05:09,XBTUSD,long,Limit,1300000,0.9761,0.302,17004000000
2019-05-19 02:05:42,XBTUSD,long,Limit,1300000,1.1802,0.15,16937700000
2019-05-19 02:06:46,XBTUSD,long,Limit,564,2.2196,0.147,7268268
2019-05-19 02:18:05,XBTUSD,short,Limit,436,-0.0515,0.189,5615680
2019-05-19 02:31:02,XBTUSD,long,Limit,564,0.4186,0.216,7233864
2019-05-19 03:00:12,XBTUSD,short,Limit,436,1.1095,0.486,5654920
2019-05-19 03:01:22,XBTUSD,long,Limit,1000,0.5383,0.019,12901000
2019-05-19 03:01:44,XBTUSD,long,Limit,1298564,0.5123,0.027,16756669856
2019-05-19 03:02:11,XBTUSD,short,Limit,1000,-0.1871,0.005,12880000
2019-05-19 03:56:51,XBTUSD,short,Limit,654997,-0.7224,0.528,8264752146
2019-05-19 03:57:42,XBTUSD,short,Limit,555909,-0.7653,0.541,7023354306
2019-05-19 04:01:08,XBTUSD,short,Limit,89094,-1.0828,0.598,1122762588
2019-05-19 04:09:45,XBTUSD,short,Limit,436,-0.8408,0.742,5507988
2019-05-19 04:24:06,XBTUSD,long,Limit,190517,0.4431,0.023,2411564186
2019-05-19 04:25:07,XBTUSD,long,Limit,1109483,0.3814,0.04,14052711678
2019-05-19 04:51:10,XBTUSD,long,Limit,564,0.9409,0.473,7104144
2019-05-19 05:35:30,XBTUSD,short,Limit,1300000,0.6969,0.425,16331900000
2019-05-19 06:57:50,XBTUSD,short,Limit,436,0.7988,1.758,5485752
2019-05-19 14:15:54,XBTUSD,long,Limit,564,0.0629,7.301,7091736
2019-05-19 20:03:16,XBTUSD,short,Limit,1300000,-0.3148,5.728,16321500000
2019-05-19 22:41:53,XBTUSD,short,Limit,436,-3.2809,8.365,5316584
2019-05-19 22:42:47,XBTUSD,long,Limit,564,0.1707,0.015,6866136
2019-05-19 22:48:16,XBTUSD,short,Limit,1000,0.2235,0.046,12165000
2019-05-19 22:49:13,XBTUSD,short,Limit,436,0.769,0.026,5321380
2019-05-19 23:02:52,XBTUSD,long,Limit,1300000,0.7419,0.18,15757300000
2019-05-19 23:06:04,XBTUSD,long,Limit,564,1.117,0.216,6806306
2019-05-19 23:07:39,XBTUSD,short,Limit,436,0.4827,0.026,5286936
2019-05-19 23:12:17,XBTUSD,long,Limit,564,0.5214,0.077,6803532
2019-05-19 23:15:28,XBTUSD,short,Limit,436,0.2292,0.053,5271676
2019-05-20 00:07:48,XBTUSD,long,Limit,2800000,-1.4275,0.309,34695740159
2019-05-20 00:28:40,XBTUSD,long,Limit,230396,-0.557,0.232,2858523172
2019-05-20 00:31:18,XBTUSD,long,Limit,803340,-0.802,0.275,9991942920
2019-05-20 00:33:01,XBTUSD,long,Limit,1400000,-0.2918,0.188,17347980195
2019-05-20 00:37:44,XBTUSD,long,Limit,389782,-0.3587,0.203,4837515056
2019-05-20 00:39:03,XBTUSD,long,Limit,1010218,0.2661,0.146,12557009740
2019-05-20 00:41:52,XBTUSD,long,Limit,564,-0.6854,0.183,7076508
2019-05-20 00:43:36,XBTUSD,short,Limit,1400000,0.8336,0.029,17713273610
2019-05-20 00:45:02,XBTUSD,short,Limit,1400000,0.572,0.013,17766050779
2019-05-20 00:45:36,XBTUSD,short,Limit,436,1.3628,0.02,5577748
2019-05-20 00:46:42,XBTUSD,long,Limit,1325000,1.1616,0.015,16749046475
2019-05-20 00:53:36,XBTUSD,long,Limit,601,1.7903,0.128,7550363
2019-05-20 01:00:52,XBTUSD,short,Limit,1400000,0.5292,0.108,17721200000
2019-05-20 01:47:53,XBTUSD,short,Limit,1400000,-0.0034,0.617,17621800000
2019-05-20 02:35:06,XBTUSD,short,Limit,1400000,0.8155,1.126,17710000000
2019-05-20 08:57:14,XBTUSD,short,Limit,399,1.1292,7.491,5063310
2019-05-20 09:01:28,XBTUSD,long,Limit,629373,0.5702,0.066,7926323562
2019-05-20 09:20:12,XBTUSD,long,Limit,2800000,-0.8302,0.252,35717161600
2019-05-20 09:27:13,XBTUSD,long,Limit,250857,0.4194,0.093,3183375330
2019-05-20 09:40:49,XBTUSD,long,Limit,1400000,0.861,0.32,17687600000
2019-05-20 10:14:22,XBTUSD,long,Limit,1400000,1.0148,0.713,17577000000
2019-05-20 10:36:56,XBTUSD,long,Limit,601,0.7039,1.083,7568994
2019-05-20 22:48:48,XBTUSD,short,Limit,1400000,1.7376,0.93,17687600000
2019-05-20 22:59:31,XBTUSD,short,Limit,1335085,0.321,0.155,16857719640
2019-05-20 23:44:14,XBTUSD,short,Limit,1400000,-0.4352,0.729,17565800000
2019-05-21 00:28:04,XBTUSD,short,Limit,359097,0.2034,1.108,4488712500
2019-05-21 00:34:43,XBTUSD,short,Limit,1040903,0.2865,1.14,13043555493
2019-05-21 02:35:05,XBTUSD,short,Limit,233930,2.1145,2.544,2974419950
2019-05-21 02:39:09,XBTUSD,short,Limit,1952730,0.8751,1.701,24717562420
2019-05-21 02:39:33,XBTUSD,short,Limit,847954,-0.4014,0.278,10720838953
2019-05-21 02:40:19,XBTUSD,long,Limit,4593,0.1201,0.013,58009590
2019-05-21 05:18:21,XBTUSD,short,Limit,407,0.3031,2.634,5156283
2019-05-21 08:47:49,XBTUSD,long,Limit,593,0.7411,3.491,7456975
2019-05-21 20:33:06,XBTUSD,short,Limit,1400000,-1.3542,11.698,17331126204
2019-05-21 20:35:45,XBTUSD,short,Limit,407,-1.6311,11.74,5024822
2019-05-21 20:48:15,XBTUSD,long,Limit,1400000,-0.4567,0.21,17362800000
2019-05-21 21:07:03,XBTUSD,long,Limit,593,-0.1608,0.519,7344305
2019-05-21 21:11:09,XBTUSD,short,Limit,1400000,0.0493,0.07,17348800000
2019-05-21 22:27:45,XBTUSD,short,Limit,390999,-0.097,0.245,4919647524
2019-05-21 22:28:31,XBTUSD,short,Limit,1009001,-0.2519,0.257,12676079563
2019-05-21 22:31:31,XBTUSD,short,Limit,1400000,0.3328,0.254,17631600000
2019-05-21 22:44:29,XBTUSD,short,Limit,270526,-0.1381,0.088,3387797098
2019-05-22 01:11:53,XBTUSD,short,Limit,451383,-0.4515,2.525,5635065372
2019-05-22 01:13:04,XBTUSD,short,Limit,489490,-0.499,2.542,6108021334
2019-05-22 01:14:07,XBTUSD,short,Limit,459000,-0.3283,2.539,5726484000
2019-05-22 02:36:01,XBTUSD,short,Limit,1400000,0.6974,1.609,17561600000
2019-05-22 04:16:47,XBTUSD,short,Limit,1400000,0.5255,0.774,17637242639
2019-05-22 06:16:12,XBTUSD,short,Limit,1400000,-0.1264,1.688,17587554757
2019-05-22 07:44:58,XBTUSD,short,Limit,1400000,0.4661,2.901,17696214574
2019-05-22 09:52:22,XBTUSD,short,Limit,278266,0.8881,4.181,3525725344
2019-05-22 09:52:45,XBTUSD,short,Limit,1121734,0.7912,4.185,14198908972
2019-05-22 20:18:15,XBTUSD,short,Limit,735966,1.4483,12.231,9399096674
2019-05-22 20:22:03,XBTUSD,short,Limit,1400000,1.4874,5.854,17994200000
2019-05-22 20:26:04,XBTUSD,short,Limit,425788,-0.4313,0.025,5480981892
2019-05-22 20:28:29,XBTUSD,short,Limit,658932,-0.8378,0.065,8448318120
2019-05-22 20:30:31,XBTUSD,short,Limit,700000,-0.9558,0.095,8951600000
2019-05-22 20:30:55,XBTUSD,short,Limit,1400000,-0.3959,0.077,17927985556
2019-05-22 20:32:05,XBTUSD,short,Limit,22845,0.7653,0.039,293626785
2019-05-22 21:02:04,XBTUSD,short,Limit,160608,0.2873,0.02,2055782400
2019-05-22 22:14:25,XBTUSD,short,Limit,455653,0.4705,0.013,5968589635
2019-05-22 22:17:15,XBTUSD,short,Limit,280472,0.3259,0.066,3668573760
2019-05-22 22:27:23,XBTUSD,short,Limit,291843,-0.2608,0.231,3795126372
2019-05-22 22:30:53,XBTUSD,short,Limit,1400000,-0.2254,0.173,18193000000
2019-05-22 22:31:34,XBTUSD,short,Limit,153,0.1494,0.056,1991295
2019-05-22 22:34:37,XBTUSD,long,Limit,652000,0.2769,0.048,8472740000
2019-05-22 22:40:52,XBTUSD,long,Limit,638,0.3257,0.149,8285706
2019-05-22 22:54:04,XBTUSD,short,Limit,1400000,0.2586,0.112,18158000000
2019-05-22 23:08:08,XBTUSD,short,Limit,1121247,0.6473,0.108,14608727163
2019-05-22 23:33:37,XBTUSD,short,Limit,1303460,0.0631,0.174,16917607340
2019-05-22 23:33:52,XBTUSD,short,Limit,96365,0.1621,0.176,1251877715
2019-05-22 23:59:39,XBTUSD,short,Limit,537,1.1738,0.606,7047588
2019-05-23 00:01:52,XBTUSD,long,Limit,1400000,0.1337,0.027,18361000000
2019-05-23 00:31:55,XBTUSD,long,Limit,1400000,0.5965,0.017,18457600000
2019-05-23 00:44:22,XBTUSD,long,Limit,1400000,0.2628,0.13,18324600000
2019-05-23 02:05:50,XBTUSD,long,Limit,1400000,0.3813,0.215,18338600000
2019-05-23 05:42:52,XBTUSD,long,Limit,1130311,0.3994,0.044,14862459339
2019-05-23 06:19:08,ETHUSD,short,Limit,120359,-1.259,0.045,2851860010
2019-05-23 06:19:26,ETHUSD,short,Limit,129641,-1.5975,0.05,3082656480
2019-05-23 06:28:27,ETHUSD,long,Limit,250000,-0.0362,0.131,5937500000
2019-05-23 06:29:22,ETHUSD,long,Limit,3566,0.1054,0.105,84692500
2019-05-23 06:29:46,ETHUSD,long,Limit,116793,-0.1054,0.112,2767994100
2019-05-23 07:44:22,XBTUSD,long,Limit,463,0.5479,2.064,6078727
2019-05-23 08:09:31,XBTUSD,short,Limit,1400000,0.3422,0.387,18482348208
2019-05-23 09:11:21,XBTUSD,short,Limit,309,0.9215,1.352,4105374
2019-05-23 09:12:07,XBTUSD,long,Limit,1400000,-0.1767,0.01,18636426699
2019-05-23 09:20:02,XBTUSD,long,Limit,1400000,0.472,0.087,18579400000
2019-05-23 10:02:25,XBTUSD,long,Limit,691,1.2,0.786,9103925
2019-05-23 10:42:22,XBTUSD,short,Limit,51948,0.0457,0.47,684311004
2019-05-23 10:43:42,XBTUSD,short,Limit,341892,0.0046,0.479,4501801272
2019-05-23 10:43:54,XBTUSD,short,Limit,51232,-0.0658,0.482,674110656
2019-05-23 10:44:07,XBTUSD,short,Limit,19223,-0.1317,0.486,252763227
2019-05-23 11:13:44,XBTUSD,short,Limit,1400000,-0.0019,0.765,18397400000
2019-05-23 12:25:54,XBTUSD,short,Limit,779,1.0471,1.476,10304612
2019-05-23 12:35:21,XBTUSD,long,Limit,1400000,0.3108,0.163,18461800000
2019-05-23 12:40:25,XBTUSD,long,Limit,221,0.6151,0.24,2905487
2019-05-23 20:21:24,XBTUSD,short,Limit,192480,-1.306,7.118,2473945440
2019-05-23 20:28:59,XBTUSD,short,Limit,1207520,-1.4583,7.234,15497311680
2019-05-23 21:55:21,XBTUSD,short,Limit,1400000,-1.0157,0.997,17610600000
2019-05-23 21:56:06,XBTUSD,short,Limit,1400000,-0.3161,0.29,17642800000
2019-05-23 22:46:49,XBTUSD,short,Limit,1400000,0.4393,0.23,17654000000
2019-05-24 21:44:27,XBTUSD,short,Limit,177,-1.6384,23.182,2186481
2019-05-24 22:13:06,XBTUSD,long,Limit,1400000,-0.1556,0.475,17348800000
2019-05-26 22:02:32,XBTUSD,long,Limit,823,7.9008,48.298,9438164
2019-05-27 01:08:53,XBTUSD,short,Limit,1048,0.251,0.593,11788952
2019-05-27 01:10:13,XBTUSD,short,Limit,1346143,0.8462,0.107,15168339324
2019-05-27 01:11:59,XBTUSD,short,Limit,152809,0.7295,0.134,1719942611
2019-05-29 01:29:32,XBTUSD,short,Limit,1400000,-0.0577,0.522,16100000000
2019-05-29 01:29:59,XBTUSD,short,Limit,8465,-0.0288,0.448,97364430
2019-05-29 05:09:03,XBTUSD,short,Limit,337317,0.2959,0.102,3931092318
2019-05-29 23:33:29,XBTUSD,short,Limit,26834,-1.4465,17.268,310388878
2019-05-29 23:33:48,XBTUSD,short,Limit,1373166,-1.3629,17.23,15893023284
2019-05-30 02:17:02,XBTUSD,short,Limit,91798,-0.0618,0.583,1069905690
2019-05-30 02:18:54,XBTUSD,short,Limit,1035118,-0.0506,0.497,12053230030
2019-05-30 05:50:27,XBTUSD,short,Limit,332173,-1.6582,4.029,3803048677
2019-05-30 05:56:17,XBTUSD,short,Limit,1340827,-1.3055,4.05,15367218247
2019-05-31 00:18:49,XBTUSD,short,Limit,407502,-0.5298,1.193,4913554428
2019-05-31 00:20:25,XBTUSD,short,Limit,261446,-0.5698,1.192,3151470084
2019-05-31 03:06:49,XBTUSD,short,Limit,731052,0.0381,3.962,8867402274
2019-05-31 04:49:28,XBTUSD,short,Limit,1400000,1.5685,4.767,17085235677
2019-06-01 00:15:21,XBTUSD,short,Limit,1400000,-3.8315,18.542,16402400000
2019-06-02 01:23:07,XBTUSD,short,Limit,313816,-2.7899,35.008,3644659024
2019-06-02 01:23:53,XBTUSD,short,Limit,189141,-2.1613,31.446,2198007561
2019-06-02 01:24:37,XBTUSD,short,Limit,2297043,-1.1922,27.882,26677857402
2019-06-03 22:29:25,XBTUSD,short,Limit,1400000,0.5441,10.697,16567600000
2019-06-03 23:30:34,XBTUSD,short,Limit,785792,0.3711,0.044,9688815360
2019-06-03 23:30:36,XBTUSD,short,Limit,1400000,-0.2249,0.051,17252480231
2019-06-03 23:30:54,XBTUSD,short,Limit,614365,0.6311,0.029,7595398862
2019-06-03 23:59:21,XBTUSD,short,Limit,1400000,0.7338,0.215,17252200000
2019-06-04 00:05:52,XBTUSD,short,Limit,480,4.208,0.322,6129600
2019-06-04 00:08:32,XBTUSD,long,Limit,463483,-0.332,0.045,5938144196
2019-06-04 00:10:36,XBTUSD,long,Limit,1000000,-0.3765,0.077,12829000000
2019-06-04 00:10:56,XBTUSD,long,Limit,1000000,1.1643,0.05,12788000000
2019-06-04 00:11:54,XBTUSD,long,Limit,334267,1.4566,0.066,4262164378
2019-06-04 00:14:18,XBTUSD,long,Limit,770,1.8305,0.106,9782080
2019-06-04 00:20:27,XBTUSD,short,Limit,1500000,0.0481,0.052,18975000000
2019-06-04 00:41:09,XBTUSD,short,Limit,1200000,0.9318,0.237,15189600000
2019-06-04 00:41:23,XBTUSD,short,Limit,200000,0.9618,0.113,2532171712
2019-06-04 03:55:41,XBTUSD,short,Limit,1400000,0.7459,2.743,17621800000
2019-06-04 03:59:03,XBTUSD,short,Limit,13000,1.2617,2.762,164476000
2019-06-04 04:03:21,XBTUSD,short,Limit,803,1.2929,2.834,10162768
2019-06-04 04:20:15,XBTUSD,long,Limit,811654,0.5381,0.153,10264988138
2019-06-04 04:33:12,XBTUSD,long,Limit,337,0.9097,0.328,4248896
2019-06-04 07:19:48,XBTUSD,short,Limit,1400000,1.9546,2.516,17949400000
2019-06-04 07:21:42,XBTUSD,short,Limit,663,2.4136,2.543,8540766
2019-06-04 07:33:48,XBTUSD,long,Limit,1399000,0.7924,0.203,17879220000
2019-06-04 07:38:08,XBTUSD,long,Limit,337,1.1008,0.274,4291695
2019-06-10 01:15:43,XBTUSD,short,Limit,412431,3.3656,137.239,5404908255
2019-06-10 01:17:02,XBTUSD,short,Limit,117371,3.2932,137.252,1537325358
2019-06-10 01:17:41,XBTUSD,short,Limit,840198,3.3439,137.264,11009954592
2019-06-10 01:18:38,XBTUSD,short,Limit,30000,3.4516,137.279,393570000
2019-06-10 15:21:59,XBTUSD,short,Limit,858889,0.3378,0.134,10865845211
2019-06-12 03:04:14,XBTUSD,short,Limit,1400000,-1.895,35.604,17358600000
2019-06-12 03:08:51,XBTUSD,short,Limit,663,-1.6045,35.671,8244405
2019-06-12 03:09:50,XBTUSD,long,Limit,337,0.1057,0.016,4186214
2019-06-12 03:13:30,XBTUSD,short,Limit,663,0.1615,0.061,8249046
2019-06-12 03:29:09,XBTUSD,long,Limit,248621,0.2476,0.092,3104033185
2019-06-12 03:30:09,XBTUSD,long,Limit,337,0.2441,0.106,4207445
2019-06-12 03:31:38,XBTUSD,short,Limit,15845,0.1396,0.024,198110035
2019-06-12 03:42:38,XBTUSD,short,Limit,179661,0.4812,0.075,2256362499
2019-06-12 04:08:01,XBTUSD,short,Limit,1400000,-0.1315,0.383,17521000000
2019-06-12 04:37:58,XBTUSD,short,Limit,509682,0.316,0.128,6390902598
2019-06-12 10:45:24,XBTUSD,short,Limit,1400000,0.846,0.583,17550361243
2019-06-14 01:36:12,XBTUSD,short,Limit,1400000,-0.8423,20.209,17073048195
2019-06-15 06:57:57,XBTUSD,short,Limit,162,-7.2122,49.554,1858140
2019-06-15 16:37:14,XBTUSD,long,Limit,1393060,1.6676,9.648,15740184940
2019-06-15 16:37:48,XBTUSD,long,Limit,6940,1.4442,9.648,78727360
2019-06-16 01:23:09,XBTUSD,long,Limit,1400000,1.3255,7.794,15668800000
2019-06-16 03:42:24,XBTUSD,long,Limit,1400000,1.8573,8.306,15563113542
2019-06-16 04:53:29,XBTUSD,long,Limit,338,2.7674,8.782,3722732
2019-06-16 05:14:48,XBTUSD,short,Limit,1600000,-0.1094,0.143,17400000000
2019-06-16 05:21:24,XBTUSD,short,Limit,406214,0.0999,0.09,4403359760
2019-06-16 05:25:06,XBTUSD,short,Limit,1141826,0.4477,0.147,12431059662
2019-06-16 06:05:15,XBTUSD,short,Limit,1600000,-1.4713,0.627,17096139438
2019-06-16 08:45:13,XBTUSD,short,Limit,1600000,1.7521,2.742,17372800000
2019-06-16 17:38:34,XBTUSD,short,Limit,662,3.5728,11.619,7311128
2019-06-16 17:44:07,XBTUSD,long,Limit,1146892,0.0,0.109,12666275248
2019-06-16 18:04:45,XBTUSD,long,Limit,1600000,0.3425,0.406,17680000000
2019-06-16 18:23:38,XBTUSD,long,Limit,1065765,0.6094,0.369,11724480765
2019-06-16 18:23:52,XBTUSD,long,Limit,534235,0.4981,0.371,5883530055
2019-06-17 00:24:57,XBTUSD,long,Limit,1600000,1.5301,4.969,17515200000
2019-06-17 04:58:02,XBTUSD,long,Limit,338,2.2277,9.519,3673384
2019-06-17 11:07:58,XBTUSD,short,Limit,359502,-0.0026,0.111,3853142436
2019-06-17 23:19:59,XBTUSD,short,Limit,1600000,-0.0343,0.525,17067200000
2019-06-17 23:29:13,XBTUSD,short,Limit,1600000,0.4176,0.589,17139200000
2019-06-17 23:46:38,XBTUSD,short,Limit,1600000,0.7083,0.732,17112000000
2019-06-17 23:49:50,XBTUSD,short,Limit,1600000,0.3429,0.117,17143392924
2019-06-17 23:58:10,XBTUSD,short,Limit,498609,-0.1854,0.012,5350074570
2019-06-17 23:58:59,XBTUSD,short,Limit,536831,-0.3344,0.026,5750533672
2019-06-18 00:00:23,XBTUSD,short,Limit,56635,-0.4083,0.049,606051135
2019-06-18 00:05:19,XBTUSD,short,Limit,507925,-0.5197,0.132,5429210325
2019-06-18 07:24:37,XBTUSD,short,Limit,662,2.0531,7.453,7265450
2019-06-18 08:08:33,XBTUSD,long,Limit,1600000,0.175,0.418,17544000000
2019-06-18 08:13:02,XBTUSD,long,Limit,338,0.4668,0.469,3695016
2019-06-18 09:19:11,XBTUSD,short,Limit,49193,-0.6122,1.103,534481945
2019-06-18 11:05:50,XBTUSD,short,Limit,1550807,-0.5282,2.879,16865026125
2019-06-18 11:48:28,XBTUSD,short,Limit,1600000,-0.2839,3.296,17419200000
2019-06-18 15:17:37,XBTUSD,short,Limit,1600000,0.5162,2.413,17543456896
2019-06-18 17:29:02,XBTUSD,short,Limit,662,2.138,4.601,7378652
2019-06-18 17:46:04,XBTUSD,long,Limit,1600000,0.8383,0.276,17669915000
2019-06-18 23:34:47,XBTUSD,long,Limit,946863,0.9833,0.193,10451473794
2019-06-19 07:18:57,XBTUSD,long,Limit,373,2.2841,7.922,4063089
2019-06-19 16:09:57,XBTUSD,short,Limit,1600000,0.6235,8.749,17553600000
2019-06-19 23:19:55,XBTM19,short,Limit,2800,0.1384,0.033,29848000
2019-06-20 22:54:04,XBTUSD,short,Limit,1600000,-3.4328,24.995,16723200000
2019-06-21 02:05:46,XBTUSD,short,Limit,240706,-3.1074,6.726,2468680736
2019-06-21 02:20:15,XBTUSD,short,Limit,980884,-3.4902,6.906,10024634480
2019-06-21 02:42:09,XBTUSD,short,Limit,67724,-2.697,7.27,697489476
2019-06-21 02:56:39,XBTUSD,short,Limit,1600000,-1.858,4.926,16435200000
2019-06-21 10:45:10,XBTUSD,short,Limit,1600000,-0.0012,9.149,16393600000
2019-06-21 19:46:47,XBTUSD,short,Limit,217738,-1.0823,9.865,2196540944
2019-06-21 19:47:43,XBTUSD,short,Limit,1382262,-1.109,9.867,13942876794
2019-06-22 01:35:01,XBTUSD,short,Limit,1600000,0.1893,0.074,15369600000
2019-06-24 00:57:56,XBTUSD,short,Limit,1600000,0.6582,46.216,15024378087
2019-06-24 20:45:29,XBTUSD,short,Limit,627,-1.1427,66.003,5782821
2019-06-24 22:09:50,XBTUSD,long,Limit,1263606,1.7875,1.408,11465960844
2019-06-24 22:12:13,XBTUSD,long,Limit,536394,1.6836,1.442,4872066702
2019-06-25 09:16:35,XBTUSD,long,Limit,1800000,-0.1313,0.835,15894000000
2019-06-26 00:38:22,XBTUSD,long,Limit,1800000,1.5044,0.554,15130485554
2019-06-26 05:35:52,XBTUSD,long,Limit,735740,6.4894,3.916,5816024700
2019-06-26 06:02:33,XBTUSD,long,Limit,518190,5.4293,4.357,4137228960
2019-06-26 08:33:17,XBTUSD,long,Limit,1800000,2.6739,4.004,14229000000
2019-06-26 13:22:05,XBTUSD,long,Limit,1800000,1.7902,6.027,14034600000
2019-06-26 16:45:15,XBTUSD,long,Limit,373,6.127,9.401,2789294
2019-06-26 16:46:26,XBTUSD,short,Limit,1800000,-0.0182,0.02,13458600000
2019-06-26 17:01:21,XBTUSD,short,Limit,1800000,0.4067,0.26,13483800000
2019-06-26 17:03:48,XBTUSD,short,Limit,627,-0.3763,0.244,4654848
2019-06-26 17:16:06,XBTUSD,long,Limit,1800000,-0.7041,0.151,13509000000
2019-06-27 02:26:09,XBTUSD,long,Limit,373,-5.8659,9.318,2951549
2019-06-27 02:26:49,XBTUSD,short,Limit,627,-0.2057,0.011,4951419
2019-06-27 02:35:50,XBTUSD,long,Limit,373,0.5607,0.15,2929169
2019-06-27 04:21:04,XBTUSD,short,Limit,26486,0.1555,0.33,205716762
2019-06-27 05:00:44,XBTUSD,short,Limit,1800000,1.3545,0.955,14146200000
2019-06-27 05:02:36,XBTUSD,short,Limit,1322958,2.1528,0.422,10397126922
2019-06-27 05:04:03,XBTUSD,short,Limit,477042,1.9599,0.448,3741492554
2019-06-27 05:13:35,XBTUSD,short,Limit,627,1.9608,0.604,4917561
2019-06-27 05:27:59,XBTUSD,long,Limit,1800000,-0.1948,0.238,14146200000
2019-06-27 05:49:45,XBTUSD,long,Limit,1800000,1.1632,0.564,14063400000
2019-06-27 13:20:22,XBTUSD,long,Limit,1800000,-8.2514,7.215,15417000000
2019-06-27 13:39:22,XBTUSD,long,Limit,1800000,0.853,0.753,15255000000
2019-06-27 15:00:58,XBTUSD,long,Limit,1800000,1.8626,1.838,15140254982
2019-06-27 15:01:19,XBTUSD,long,Limit,1703388,2.2395,1.625,14340204769
2019-06-27 15:21:10,XBTUSD,long,Limit,96612,0.6452,1.945,825742764
2019-06-27 15:44:28,XBTUSD,long,Limit,1800000,0.6473,1.862,15384600000
2019-06-27 16:04:07,XBTUSD,long,Limit,1800000,0.9276,0.726,15280785145
2019-06-27 16:29:04,XBTUSD,long,Limit,1800000,-4.3548,0.289,16290000000
2019-06-27 16:32:39,XBTUSD,long,Limit,1001818,0.2239,0.188,9005342002
2019-06-27 16:33:35,XBTUSD,long,Limit,800000,-0.2213,0.203,7223200000
2019-06-27 16:39:34,XBTUSD,long,Limit,604093,2.0939,0.245,5430191977
2019-06-27 16:46:02,XBTUSD,long,Limit,1800000,2.3236,0.273,16113528382
2019-06-27 17:15:50,XBTUSD,long,Limit,1800000,-1.3646,0.391,16628021543
2019-06-27 17:37:33,XBTUSD,long,Limit,1800000,-0.2307,0.577,16628400000
2019-06-27 17:39:35,XBTUSD,long,Limit,1800000,3.9385,0.206,16523800458
2019-06-27 18:13:04,XBTUSD,long,Limit,373,4.4698,0.764,3406236
2019-06-27 19:06:54,XBTUSD,short,Limit,1800000,1.0712,0.808,16616239124
2019-06-28 05:12:45,XBTUSD,short,Limit,1262122,1.3387,0.278,11552202666
2019-06-28 05:19:46,XBTUSD,short,Limit,627,1.757,0.382,5765265
2019-06-28 05:20:37,XBTUSD,long,Limit,193339,0.2299,0.01,1773691986
2019-06-28 05:36:15,XBTUSD,long,Limit,1800000,1.4123,0.222,16437600000
2019-06-28 06:01:32,XBTUSD,long,Limit,373,3.3148,0.597,3342826
2019-06-28 06:13:11,XBTUSD,short,Limit,1800000,0.0165,0.092,15930000000
2019-06-28 06:14:03,XBTUSD,short,Limit,627,-0.0177,0.104,5547696
2019-06-28 06:30:53,XBTUSD,long,Limit,1800000,0.2217,0.191,15930000000
2019-06-28 06:38:16,XBTUSD,long,Limit,373,0.847,0.281,3280535
2019-06-28 06:55:12,XBTUSD,short,Limit,1800000,0.9701,0.134,15894000000
2019-06-28 07:32:14,XBTUSD,short,Limit,1800000,1.5425,0.094,15823800000
2019-06-28 09:25:24,XBTUSD,short,Limit,1800000,-1.0731,0.498,15287400000
2019-06-28 09:32:31,XBTUSD,short,Limit,1800000,-0.2809,0.569,15322670592
2019-06-28 09:34:19,XBTUSD,short,Limit,112499,0.4222,0.29,955455974
2019-06-28 10:21:33,XBTUSD,short,Limit,1800000,0.0131,1.073,15222600000
2019-06-28 10:23:37,XBTUSD,short,Limit,1800000,0.4706,0.696,15229370970
2019-06-28 10:24:54,XBTUSD,short,Limit,627,0.8674,0.716,5326365
2019-06-28 13:07:33,XBTUSD,long,Limit,225227,0.0384,0.047,1925008023
2019-06-28 13:14:53,XBTUSD,long,Limit,1660000,0.0599,0.138,14217900000
2019-06-28 13:15:11,XBTUSD,long,Limit,6274,0.5852,0.09,53657217
2019-06-28 13:43:02,XBTUSD,long,Limit,691,1.3634,0.554,5863826
2019-06-29 04:01:26,XBTUSD,short,Limit,1800000,4.4241,8.944,15793123787
2019-06-29 06:05:29,XBTUSD,short,Limit,1800000,1.532,1.01,15724907535
2019-07-01 05:13:24,XBTUSD,short,Limit,309,5.5656,48.13,2814681
2019-07-01 10:19:55,XBTUSD,long,Limit,1800000,0.2539,5.038,16385400000
2019-07-01 13:47:04,XBTUSD,long,Limit,306908,-3.4134,3.306,2895289649
2019-07-01 13:47:36,XBTUSD,long,Limit,1493092,-3.6902,3.302,14126143412
2019-07-01 15:02:27,XBTUSD,long,Limit,3600000,-3.8358,0.717,35551765017
2019-07-01 15:20:40,XBTUSD,long,Limit,691,-2.7498,0.674,6760744
2019-07-01 15:30:34,XBTUSD,short,Limit,1500000,1.0947,0.131,14864351933
2019-07-01 15:40:52,XBTUSD,short,Limit,47000,0.7725,0.267,464360000
2019-07-01 16:12:23,XBTUSD,short,Limit,1800000,-0.3866,0.382,17442000000
2019-07-01 16:14:47,XBTUSD,short,Limit,633,-0.2967,0.421,6139467
2019-07-01 16:20:52,XBTUSD,long,Limit,367,0.7274,0.101,3533843
2019-07-01 16:22:35,XBTUSD,short,Limit,968362,0.2954,0.02,9337914766
2019-07-01 16:30:01,XBTUSD,short,Limit,633,0.149,0.139,6095790
2019-07-01 16:32:02,XBTUSD,long,Limit,367,-0.1685,0.034,3540082
2019-07-01 16:47:02,XBTUSD,short,Limit,633,0.7669,0.25,6153393
2019-07-01 17:57:51,XBTUSD,long,Limit,1800000,-0.312,1.09,17546797343
2019-07-01 17:59:04,XBTUSD,long,Limit,367,-0.4579,1.11,3582881
2019-07-01 19:28:07,XBTUSD,short,Limit,1800000,1.2997,1.172,17829402869
2019-07-01 19:57:34,XBTUSD,short,Limit,633,0.6843,1.62,6230619
2019-07-01 20:01:59,XBTUSD,long,Limit,173754,1.3532,0.069,1686977586
2019-07-01 20:02:07,XBTUSD,long,Limit,308,1.2721,0.038,2987600
2019-07-01 20:02:24,XBTUSD,short,Limit,173000,0.0867,0.005,1679657000
2019-07-01 20:02:57,XBTUSD,short,Limit,446,0.2473,0.014,4336904
2019-07-01 20:53:47,XBTUSD,long,Limit,554,2.1415,0.847,5274088
2019-07-01 21:11:23,XBTUSD,short,Limit,1800000,0.2196,0.223,17175600000
2019-07-02 04:27:02,XBTUSD,short,Limit,446,5.9571,7.38,4516642
2019-07-02 04:31:31,XBTUSD,long,Limit,1800000,0.4976,0.074,18126000000
2019-07-02 04:32:41,XBTUSD,long,Limit,554,0.4757,0.092,5580442
2019-07-02 04:36:17,XBTUSD,short,Limit,1600000,0.8376,0.033,16294303125
2019-07-02 04:36:33,XBTUSD,short,Limit,446,0.7879,0.035,4540726
2019-07-02 04:39:49,XBTUSD,long,Limit,1600000,0.4246,0.033,16243200000
2019-07-02 04:41:01,XBTUSD,long,Limit,554,1.0499,0.041,5588752
2019-07-02 04:48:06,XBTUSD,short,Limit,1600000,0.5051,0.081,16243200000
2019-07-02 04:54:32,XBTUSD,short,Limit,1600000,0.5072,0.081,16310400000
2019-07-02 04:54:43,XBTUSD,short,Limit,446,0.5984,0.084,4550538
2019-07-02 04:56:26,XBTUSD,long,Limit,554,0.7652,0.028,5609804
2019-07-02 05:21:52,XBTUSD,short,Limit,1600000,0.8055,0.317,16243200000
2019-07-02 05:49:54,XBTUSD,short,Limit,446,1.6415,0.775,4566594
2019-07-02 06:19:46,XBTUSD,long,Limit,1600000,0.9459,0.511,16227121622
2019-07-02 07:08:47,XBTUSD,long,Limit,554,0.6556,1.252,5633320
2019-07-02 07:44:18,XBTUSD,short,Limit,1600000,-0.5638,0.589,16185600000
2019-07-03 01:07:58,XBTUSD,short,Limit,1700000,-2.3522,0.824,15031400000
2019-07-03 01:08:20,XBTUSD,short,Limit,99858,-0.133,0.206,885241170
2019-07-03 01:11:13,XBTUSD,short,Limit,1700000,-0.0515,0.243,15082354070
2019-07-03 01:11:20,XBTUSD,short,Limit,1700000,0.6983,0.112,15097700000
2019-07-03 01:15:05,XBTUSD,short,Limit,446,0.7437,0.098,3974306
2019-07-03 01:16:32,XBTUSD,long,Limit,1699000,0.2682,0.024,15088819000
2019-07-03 01:34:44,XBTUSD,long,Limit,554,1.5405,0.327,4858580
2019-07-03 01:56:38,XBTUSD,short,Limit,1700000,0.9723,0.358,15046109104
2019-07-03 15:42:35,XBTUSD,short,Limit,1700000,-0.0774,2.169,14860756897
2019-07-05 08:02:31,XBTUSD,short,Limit,1700000,6.8027,23.698,15546500000
2019-07-05 09:26:06,XBTUSD,short,Limit,1258549,0.2894,0.037,11297994373
2019-07-07 16:37:50,XBTUSD,short,Limit,1700000,0.6408,54.613,15189500000
2019-07-08 19:37:23,XBTUSD,short,Limit,1700000,0.4691,0.031,13964099836
2019-07-09 07:50:52,XBTUSD,short,Limit,2000000,-1.84,11.6,16032000000
2019-07-09 07:56:56,XBTUSD,short,Limit,939000,0.5057,0.071,7533597000
2019-07-09 21:01:04,XBTUSD,short,Limit,2000000,0.6951,13.013,16134507747
2019-07-11 06:20:07,TRXU19,long,Limit,5050306,-8.4249,49.512,1262576500
2019-07-11 06:20:40,TRXU19,long,Limit,7260666,-8.7912,49.293,1807905834
2019-07-11 06:22:08,TRXU19,long,Limit,6832639,-9.1575,48.885,1694494472
2019-07-11 06:24:22,TRXU19,long,Limit,998493,-9.1575,48.732,247626264
2019-07-11 06:28:11,TRXU19,long,Limit,4857896,-10.1102,48.402,1192123054
2019-07-12 04:01:50,XBTUSD,short,Limit,2000000,2.6028,21.814,17900000000
2019-07-12 04:16:48,XBTUSD,short,Limit,2000000,4.0259,11.702,17778000000
2019-07-12 07:04:51,XBTUSD,short,Limit,2000000,-3.0824,2.53,17215426728
2019-07-12 07:07:14,XBTUSD,short,Limit,2000000,-1.6945,0.993,17228169910
2019-07-12 07:23:27,XBTUSD,short,Limit,1222452,0.1103,0.104,10477996865
2019-07-14 23:57:09,XBTUSD,short,Limit,2000000,12.8934,64.639,19628000000
2019-07-15 02:17:41,XBTUSD,short,Limit,1106401,0.9163,0.078,11221118942
2019-07-15 02:22:34,XBTUSD,short,Limit,592173,0.5028,0.04,5975617743
2019-07-15 02:39:09,XBTUSD,short,Limit,2000000,-0.5478,0.211,19950000000
2019-07-15 06:31:38,XBTUSD,short,Limit,2000000,-0.4979,3.95,19802000000
2019-07-16 04:01:40,XBTUSD,short,Limit,2000000,-6.4303,25.219,18736032269
2019-07-16 04:21:54,XBTUSD,short,Limit,860000,0.5032,0.113,8078897317
2019-07-16 09:28:49,XBTUSD,short,Limit,1117354,0.5491,4.884,10446200705
2019-07-16 16:18:55,XBTUSD,short,Limit,2000000,8.422,9.1,20230024575
2019-07-16 16:19:00,XBTUSD,short,Limit,104,8.6796,7.083,1051544
2019-07-16 16:19:17,XBTUSD,long,Limit,1999896,0.3033,0.005,20160951576
2019-07-16 16:31:08,XBTUSD,short,Limit,2000000,0.2051,0.163,20120980299
2019-07-16 17:02:15,XBTUSD,short,Limit,1075265,3.7715,0.147,11223616070
2019-07-16 17:04:09,XBTUSD,short,Limit,830,4.2071,0.174,8708421
2019-07-16 17:06:25,XBTUSD,long,Limit,2000000,0.3165,0.036,20898000000
2019-07-16 17:07:47,XBTUSD,long,Limit,834785,1.3152,0.029,8703474944
2019-07-16 17:10:17,XBTUSD,long,Limit,1165215,1.0972,0.071,12162514170
2019-07-16 17:10:40,XBTUSD,long,Limit,4276,0.5165,0.037,44602956
2019-07-16 17:12:33,XBTUSD,long,Limit,594,0.9015,0.067,6171066
2019-07-16 18:37:47,XBTUSD,short,Limit,2000000,0.933,0.553,20812998624
2019-07-16 18:48:11,XBTUSD,short,Limit,112051,0.4727,0.045,1163873737
2019-07-16 19:33:58,XBTUSD,short,Limit,729314,0.7719,0.12,7624200303
2019-07-17 02:13:23,XBTUSD,short,Limit,320094,4.2114,6.461,3457485618
2019-07-17 02:13:38,XBTUSD,short,Limit,41962,3.9834,6.465,452182512
2019-07-17 02:14:53,XBTUSD,short,Limit,1638000,3.7765,6.471,17613414000
2019-07-17 11:33:01,XBTUSD,short,Limit,350,4.7181,15.768,3800650
2019-07-17 11:52:38,XBTUSD,long,Limit,2000000,0.4365,0.176,21740000000
2019-07-17 12:24:59,XBTUSD,long,Limit,650,1.4301,0.671,6995950
2019-07-17 12:58:22,XBTUSD,short,Limit,580521,-0.6503,0.38,6130301760
2019-07-17 12:59:45,XBTUSD,short,Limit,2000000,-0.4475,0.338,21120000000
2019-07-17 13:13:48,XBTUSD,short,Limit,2000000,0.4249,0.182,21120806410
2019-07-17 17:45:50,XBTUSD,short,Limit,2000000,-2.1105,3.335,20388000000
2019-07-17 18:27:18,XBTUSD,short,Limit,478840,-0.9047,3.49,4896139000
2019-07-17 18:29:43,XBTUSD,short,Limit,462894,-0.8073,3.492,4738670577
2019-07-17 18:35:28,XBTUSD,short,Limit,3653650,-0.509,1.718,37184244056
2019-07-17 18:37:36,XBTUSD,short,Limit,1404616,-0.0131,0.874,14245628443
2019-07-17 19:08:03,XBTUSD,short,Limit,2000000,-0.3135,0.449,20202000000
2019-07-17 19:16:40,XBTUSD,short,Limit,384128,-0.0101,0.592,3891984896
2019-07-17 19:25:10,XBTUSD,short,Limit,1615872,0.081,0.734,16384942080
2019-07-17 19:25:50,XBTUSD,short,Limit,2000000,1.2262,0.393,20340787385
2019-07-17 19:42:07,XBTUSD,short,Limit,390000,0.2577,0.059,3967860000
2019-07-17 19:42:22,XBTUSD,short,Limit,1239,0.2428,0.031,12605586
2019-07-17 19:46:05,XBTUSD,long,Limit,761,0.2798,0.062,7721106
2019-07-17 19:58:58,XBTUSD,short,Limit,239,0.8421,0.215,2445448
2019-07-17 20:15:50,XBTUSD,long,Limit,2000000,-0.1029,0.246,20576000000
2019-07-18 02:33:03,XBTUSD,long,Limit,1060923,1.2104,6.403,10831261140
2019-07-18 02:34:36,XBTUSD,long,Limit,2000000,1.1131,4.724,20465734689
2019-07-18 02:36:25,XBTUSD,long,Limit,939000,1.1889,3.242,9616347427
2019-07-18 02:38:57,XBTUSD,long,Limit,838,0.9845,3.283,8599556
2019-07-18 03:50:05,XBTUSD,short,Limit,2000000,0.8333,0.972,20657778396
2019-07-18 05:14:45,XBTUSD,short,Limit,293840,-0.4843,2.31,2980125280
2019-07-18 05:25:59,XBTUSD,short,Limit,1095514,-0.2821,2.49,11133708782
2019-07-18 05:49:34,XBTUSD,short,Limit,108261,-0.2293,2.881,1100906109
2019-07-18 05:50:49,XBTUSD,short,Limit,518883,-0.3689,2.845,5273407929
2019-07-18 06:41:22,XBTUSD,short,Limit,264199,-0.8841,2.183,2676864268
2019-07-18 06:47:00,XBTUSD,short,Limit,1735801,-1.0086,2.16,17568041921
2019-07-18 07:22:15,XBTUSD,short,Limit,2000000,-0.0689,2.635,20304000000
2019-07-18 07:25:17,XBTUSD,short,Limit,2000000,0.4396,2.494,20326000000
2019-07-18 07:59:38,XBTUSD,short,Limit,2000000,1.0329,1.8,20430459431
2019-07-18 08:55:45,XBTUSD,short,Limit,2000000,1.7378,2.562,20576000000
2019-07-19 01:10:02,XBTUSD,short,Limit,1384,-8.0435,18.765,12951472
2019-07-19 07:26:06,XBTUSD,long,Limit,2000000,-0.3709,5.771,18958000000
2019-07-19 07:28:48,XBTUSD,long,Limit,94954,-0.5335,5.599,901493276
2019-07-19 07:54:53,XBTUSD,long,Limit,2000000,0.6758,3.844,18791331659
2019-07-19 08:03:00,XBTUSD,long,Limit,2000000,1.8708,0.797,18742142699
2019-07-19 08:33:20,XBTUSD,long,Limit,2000000,-1.9141,0.233,19193133130
2019-07-19 08:42:38,XBTUSD,long,Limit,6000000,-0.8288,0.277,57882902490
2019-07-19 08:57:36,XBTUSD,long,Limit,2000000,-0.0907,0.096,19418000000
2019-07-19 08:57:40,XBTUSD,long,Limit,332917,0.4872,0.081,3225965730
2019-07-19 09:12:11,XBTUSD,long,Limit,1714248,0.8816,0.3,16577646861
2019-07-21 16:53:09,XBTUSD,short,Limit,2000000,0.2236,53.882,19268223075
2019-07-21 16:53:38,XBTUSD,short,Limit,18000,0.2,53.602,173262046
2019-07-21 17:01:32,XBTUSD,short,Limit,408,0.7637,53.734,3949440
2019-07-21 18:15:50,XBTUSD,long,Limit,2000000,1.5587,1.244,19047748200
2019-07-22 02:05:10,XBTUSD,long,Limit,2000000,2.1708,6.282,18886000000
2019-07-24 06:07:09,XBTUSD,long,Limit,592,-6.4689,58.303,6106480
2019-07-24 17:19:32,XBTUSD,short,Limit,2000000,1.159,11.078,20839263744
2019-07-26 00:16:41,XBTUSD,short,Limit,2000000,2.5318,19.153,20361767419
2019-07-26 00:33:23,XBTUSD,short,Limit,2000000,2.1055,1.352,20578346945
2019-07-26 06:31:49,XBTUSD,short,Limit,35910,0.28,0.148,371524860
2019-07-27 01:09:13,XBTUSD,short,Limit,2000000,-4.8362,18.538,19667513683
2019-07-27 01:09:52,XBTUSD,short,Limit,2000000,-4.0847,17.458,19667445974
2019-07-27 10:27:55,XBTUSD,short,Limit,408,2.6612,26.739,4290120
2019-07-27 10:28:19,XBTUSD,long,Limit,1999592,0.3155,0.008,20959723344
2019-07-27 10:34:29,XBTUSD,short,Limit,631560,0.5519,0.016,6670380626
2019-07-29 05:28:21,XBTUSD,short,Limit,2000000,-1.1844,19.825,20820181403
2019-07-29 06:13:14,XBTUSD,short,Limit,2000000,-0.516,6.088,20899518829
2019-07-29 09:17:24,XBTUSD,short,Limit,2000000,1.0981,7.121,20964000000
2019-08-01 00:29:39,XBTUSD,short,Limit,2000000,-4.029,23.09,19860000000
2019-08-01 01:45:54,XBTUSD,short,Limit,408,-3.4039,24.339,4076328
2019-08-01 06:45:21,XBTUSD,long,Limit,2000000,-1.0193,4.991,20186561874
2019-08-01 07:10:07,XBTUSD,long,Limit,87415,0.2975,0.185,875024150
2019-08-01 08:20:32,XBTUSD,long,Limit,1912585,0.2008,1.329,19164101700
2019-08-02 07:07:35,XBTUSD,long,Limit,592,5.743,24.106,5621040
2019-08-02 08:07:38,XBTUSD,short,Limit,2000000,-0.095,0.984,18994000000
2019-08-02 18:06:33,XBTUSD,short,Limit,408,0.5798,10.962,3900888
2019-08-03 03:56:30,XBTUSD,long,Limit,1000000,3.152,9.825,9266194019
2019-08-05 09:00:17,XBTUSD,long,Limit,592,12.5687,62.88,5023860
2019-08-05 10:57:59,XBTUSD,short,Limit,329228,1.1187,1.962,2826113152
2019-08-05 11:07:54,XBTUSD,short,Limit,1670772,0.9313,2.127,14311400758
2019-08-05 11:11:01,XBTUSD,short,Limit,408,0.9931,2.176,3497784
2019-08-05 11:29:25,XBTUSD,long,Limit,456861,0.8829,0.243,3887430249
2019-08-05 17:12:54,XBTUSD,long,Limit,592,2.2918,5.966,4967472
2019-08-05 20:07:01,XBTUSD,short,Limit,642757,1.6853,2.865,5489144780
2019-08-05 23:39:09,XBTUSD,short,Limit,1000,0.3948,2.622,8471000
2019-08-06 00:48:57,XBTUSD,short,Limit,2000000,0.2682,1.18,16972000000
2019-08-06 01:34:24,XBTUSD,short,Limit,408,1.563,1.925,3511248
2019-08-06 01:37:18,XBTUSD,long,Limit,328375,0.2582,0.048,2818771000
2019-08-06 08:44:30,XBTUSD,long,Limit,576,5.1721,7.168,4713408
2019-08-06 12:03:25,XBTUSD,short,Limit,2000000,3.6714,3.315,16989459288
2019-08-07 05:56:13,XBTUSD,short,Limit,424,4.9141,21.192,3648944
2019-08-07 08:11:58,XBTUSD,long,Limit,2000000,-0.6035,2.247,17346000000
2019-08-07 08:46:05,XBTUSD,long,Limit,735301,0.6029,1.015,6339029921
2019-08-07 09:39:40,XBTUSD,long,Limit,2000000,0.9095,1.697,17212000000
2019-08-07 12:00:33,XBTUSD,long,Limit,2000000,2.2032,3.548,17006000000
2019-08-07 23:53:01,XBTUSD,long,Limit,1713650,2.896,8.098,14259605865
2019-08-07 23:56:46,XBTUSD,long,Limit,286350,2.6541,8.158,2388159000
2019-08-08 03:13:26,XBTUSD,long,Limit,576,2.6113,11.436,4806144
2019-08-08 04:00:23,XBTUSD,short,Limit,1733808,0.1728,0.781,14491353910
2019-08-08 04:01:17,XBTUSD,short,Limit,266192,0.0584,0.796,2222437008
2019-08-08 06:12:05,XBTUSD,short,Limit,424,1.1348,2.976,3578560
2019-08-08 06:36:51,XBTUSD,long,Limit,2000000,-0.213,0.408,16906000000
2019-08-08 09:25:30,XBTUSD,long,Limit,3528822,0.8363,3.0,29638822418
2019-08-08 09:26:14,XBTUSD,long,Limit,471178,0.7761,2.972,3965434048
2019-08-08 14:14:40,XBTUSD,long,Limit,4000000,-1.3594,3.588,34241810024
2019-08-08 23:53:08,XBTUSD,long,Limit,576,1.875,13.195,4775040
2019-08-09 00:31:26,XBTUSD,short,Limit,424,1.0487,0.638,3552272
2019-08-09 00:47:58,XBTUSD,long,Limit,92576,0.5308,0.274,771435808
2019-08-09 05:03:07,XBTUSD,long,Limit,2000000,-0.2462,1.346,16883513180
2019-08-09 11:27:00,XBTUSD,long,Limit,2000000,-0.5737,4.881,17036000000
2019-08-09 13:48:27,XBTUSD,long,Limit,421620,0.1651,6.151,3563953860
2019-08-09 13:50:18,XBTUSD,long,Limit,1578380,0.021,5.376,13361378802
2019-08-09 21:29:56,XBTUSD,long,Limit,2000000,1.9284,10.656,16804147721
2019-08-14 05:23:34,XBTUSD,long,Limit,576,-9.5328,114.546,5452992
2019-08-14 08:26:06,XBTUSD,short,Limit,2000000,0.6028,1.521,19014862963
2019-08-14 08:39:40,XBTUSD,short,Limit,424,1.0491,1.744,4050048
2019-08-14 09:07:36,XBTUSD,long,Limit,2000000,0.0339,0.124,19209990949
2019-08-14 09:26:59,XBTUSD,long,Limit,2000000,0.5271,0.044,19175660482
2019-08-14 12:48:14,XBTUSD,long,Limit,576,1.9706,3.385,5442624
2019-08-14 16:41:34,XBTUSD,short,Limit,396238,2.1718,3.453,3824885414
2019-08-14 16:45:00,XBTUSD,short,Limit,1603762,2.0861,3.514,15466596139
2019-08-15 02:11:13,XBTUSD,short,Limit,275705,0.3063,0.101,2751535900
2019-08-15 02:13:11,XBTUSD,short,Limit,424,0.3881,0.105,4235336
2019-08-15 03:02:52,XBTUSD,long,Limit,576,-0.3896,0.828,5776128
2019-08-15 03:08:35,XBTUSD,short,Limit,424,0.1354,0.095,4257808
2019-08-15 08:09:47,XBTUSD,long,Limit,576,-0.5272,5.02,5814720
2019-08-15 12:07:07,XBTUSD,short,Limit,2000000,-1.6969,3.962,19860836660
2019-08-15 14:34:36,XBTUSD,short,Limit,2000000,-0.9038,4.962,19980000000
2019-08-15 16:22:45,XBTUSD,short,Limit,2000000,1.1693,4.601,19978000000
2019-08-16 03:15:41,XBTUSD,short,Limit,2000000,-2.365,11.321,19364165347
2019-08-16 03:24:06,XBTUSD,short,Limit,2000000,0.126,3.165,19393208429
2019-08-16 03:28:58,XBTUSD,short,Limit,1295474,0.8347,2.889,12617847390
2019-08-16 08:57:53,XBTUSD,short,Limit,2000000,3.3307,7.97,19960000000
2019-08-17 04:00:53,XBTUSD,short,Limit,466554,0.9669,26.654,4539631439
2019-08-17 04:30:02,XBTUSD,short,Limit,2000000,0.6709,26.378,19380000000
2019-08-17 17:18:10,XBTUSD,short,Limit,2000000,1.2739,35.669,19702000000
2019-08-18 10:53:13,XBTUSD,short,Limit,2000000,-1.6182,45.203,19289227056
2019-08-18 16:08:32,XBTUSD,short,Limit,2000000,-0.6498,45.527,19158052707
2019-08-18 20:10:54,XBTUSD,short,Limit,424,-0.087,40.077,4097112
2019-08-19 03:18:00,XBTUSD,long,Limit,576,0.1015,7.118,5560128
2019-08-19 07:37:30,XBTUSD,short,Limit,2000000,-3.2983,4.334,18680570302
2019-08-20 09:09:25,XBTUSD,short,Limit,2000000,1.4887,4.328,18815325116
2019-08-20 20:30:26,XBTUSD,short,Limit,2000000,-0.3763,11.249,18762000000
2019-08-21 00:52:55,XBTUSD,short,Limit,2000000,-0.0029,12.429,18698000000
2019-08-21 01:33:10,XBTUSD,short,Limit,2000000,0.0991,10.144,18710135294
2019-08-21 02:40:00,XBTUSD,short,Limit,142229,2.0362,3.664,1340508325
2019-08-21 02:53:22,XBTUSD,short,Limit,1857771,2.1778,3.979,17543076792
2019-08-21 03:41:43,XBTUSD,short,Limit,378676,0.3172,0.089,3673502925
2019-08-21 03:43:16,XBTUSD,short,Limit,1621324,0.0994,0.111,15696037644
2019-08-21 03:45:40,XBTUSD,short,Limit,424,0.9719,0.149,4140784
2019-08-21 03:48:06,XBTUSD,long,Limit,442641,0.3906,0.041,4306011648
2019-08-21 03:48:45,XBTUSD,long,Limit,576,0.5371,0.051,5594688
2019-08-21 04:00:34,XBTUSD,short,Limit,66477,0.1614,0.007,647685411
2019-08-21 04:20:44,XBTUSD,short,Limit,424,0.8755,0.342,4161136
2019-08-21 04:35:23,XBTUSD,long,Limit,1999000,0.1964,0.235,19578206000
2019-08-21 04:54:06,XBTUSD,long,Limit,576,0.2502,0.541,5638464
2019-08-21 06:41:05,XBTUSD,short,Limit,2000000,1.3667,1.263,19801920836
2019-08-21 07:57:03,XBTUSD,short,Limit,2000000,0.2711,1.01,19758000000
2019-08-21 10:24:04,XBTUSD,short,Limit,2000000,0.3899,0.15,19729873014
2019-08-21 10:44:49,XBTUSD,short,Limit,424,1.0368,0.447,4210320
2019-08-21 10:48:39,XBTUSD,long,Limit,1000000,0.2979,0.064,9901000000
2019-08-21 10:50:10,XBTUSD,long,Limit,576,0.541,0.086,5686848
2019-08-21 13:57:47,XBTUSD,short,Limit,424,1.9253,3.127,4268408
2019-08-21 15:55:59,XBTUSD,long,Limit,576,0.3171,1.97,5780160
2019-08-21 16:06:17,XBTUSD,short,Limit,424,0.5971,0.172,4280280
2019-08-21 16:09:46,XBTUSD,long,Limit,741141,0.09,0.058,7475148126
2019-08-21 16:10:44,XBTUSD,long,Limit,1000000,0.8369,0.059,10040000000
2019-08-21 16:11:03,XBTUSD,long,Limit,576,0.9424,0.058,5783040
2019-08-21 16:27:58,XBTUSD,short,Limit,2000000,0.1599,0.111,19847594282
2019-08-22 16:15:32,XBTUSD,short,Limit,1390699,0.1232,3.256,13813470342
2019-08-22 16:27:27,XBTUSD,short,Limit,609301,0.0,3.449,6044875221
2019-08-22 23:42:30,XBTUSD,short,Limit,2000000,0.8249,5.398,19790936057
2019-08-23 02:33:16,XBTUSD,short,Limit,424,1.2218,8.222,4212440
2019-08-23 04:04:16,XBTUSD,long,Limit,2000000,0.9389,1.9,19686000000
2019-08-23 06:42:41,XBTUSD,long,Limit,576,1.6542,4.155,5629248
2019-08-24 10:39:20,XBTUSD,short,Limit,2000000,2.4543,28.093,20060000000
2019-08-25 03:28:17,XBTUSD,short,Limit,424,1.0225,44.738,4191664
2019-08-25 12:58:13,XBTUSD,long,Limit,2000000,2.0771,9.349,19380000000
2019-08-26 03:54:44,XBTUSD,long,Limit,4000000,1.2957,6.778,38633825216
2019-08-26 03:57:46,XBTUSD,long,Limit,2000000,0.6544,0.041,19427139291
2019-08-26 04:15:06,XBTUSD,long,Limit,4986,0.3852,0.19,48184704
2019-08-26 04:43:21,XBTUSD,long,Limit,2000000,0.2248,0.624,19339209251
2019-08-26 05:28:47,XBTUSD,long,Limit,2000000,0.153,0.357,19398000000
2019-08-26 06:05:54,XBTUSD,long,Limit,2000000,0.8558,0.791,19295864486
2019-08-26 11:12:54,XBTUSD,long,Limit,2000000,0.2707,3.747,19272000000
2019-08-26 23:45:18,XBTUSD,long,Limit,576,0.3092,16.274,5548032
2019-08-27 00:08:11,XBTUSD,short,Limit,2000000,0.3195,0.228,19342000000
2019-08-27 02:26:29,XBTUSD,short,Limit,424,0.8245,2.432,4122552
2019-08-27 08:19:59,XBTUSD,long,Limit,1226531,-1.0701,5.93,12060479323
2019-08-27 12:22:58,XBTUSD,long,Limit,2000000,-1.0711,6.849,19859117430
2019-08-28 05:21:05,XBTUSD,long,Limit,3822066,-0.5074,9.842,38062556034
2019-08-28 05:22:41,XBTUSD,long,Limit,177934,-0.0993,1.465,1768663960
2019-08-28 18:23:05,XBTUSD,long,Limit,2000000,0.1285,0.061,20765434861
2019-08-28 18:23:23,XBTUSD,long,Limit,576,0.5302,0.062,5956416
2019-08-28 18:24:03,XBTUSD,short,Limit,2000000,0.2641,0.011,20737317244
2019-08-28 18:27:27,XBTUSD,short,Limit,324957,0.3085,0.062,3360380337
2019-08-28 18:41:21,XBTUSD,short,Limit,1675043,0.3232,0.293,17327807652
2019-08-28 19:18:46,XBTUSD,short,Limit,2000000,0.3101,0.532,20746000000
2019-08-28 19:55:12,XBTUSD,short,Limit,962958,0.7704,0.819,10014517298
2019-08-28 19:58:34,XBTUSD,short,Limit,1037042,0.3096,0.871,10735458784
2019-08-29 03:10:27,XBTUSD,short,Limit,2000000,0.747,5.95,20838391932
2019-08-29 06:20:20,XBTUSD,short,Limit,862760,0.771,1.408,9045943763
2019-08-29 06:20:50,XBTUSD,short,Limit,1137240,0.6735,1.321,11911451760
2019-08-29 07:21:11,XBTUSD,short,Limit,424,1.873,2.247,4496096
2019-08-29 07:40:15,XBTUSD,long,Limit,2000000,-0.7403,0.319,21368000000
2019-08-29 07:44:20,XBTUSD,long,Limit,2000000,-0.0886,0.189,21368000000
2019-08-29 08:27:13,XBTUSD,long,Limit,576,0.5444,0.889,6114816
2019-08-29 08:58:55,XBTUSD,short,Limit,319504,0.465,0.294,3403608578
2019-09-01 04:46:18,XBTUSD,short,Limit,2000000,-2.0826,67.623,20775815021
2019-09-03 14:57:51,XBTUSD,short,Limit,2000000,1.1155,1.644,18850000000
2019-09-03 23:49:29,XBTUSD,short,Limit,2000000,0.2804,7.552,18744000000
2019-09-04 15:22:45,XBTUSD,short,Limit,424,2.3972,23.079,4059800
2019-09-04 16:21:17,XBTUSD,long,Limit,2000000,0.7663,0.711,19012000000
2019-09-05 10:26:07,XBTUSD,long,Limit,576,2.1121,18.786,5402880
2019-09-05 10:28:08,XBTUSD,short,Limit,249280,0.1951,0.034,2342733440
2019-09-05 17:57:56,XBTUSD,short,Limit,424,1.3139,7.528,4032240
2019-09-05 20:03:09,XBTUSD,long,Limit,1083312,0.7797,2.082,10228016128
2019-09-05 21:02:22,XBTUSD,long,Limit,916688,0.1855,3.076,8705785936
2019-09-06 04:34:52,XBTUSD,long,Limit,576,1.6223,10.603,5393088
2019-09-06 05:11:07,ETHUSD,long,Limit,805537,1.4908,19.694,14258004900
2019-09-06 05:19:22,ETHUSD,long,Limit,194463,1.2829,19.821,3434942125
2019-09-06 05:52:51,XBTUSD,short,Limit,2000000,0.4108,0.83,18693994216
2019-09-07 04:44:26,XBTUSD,short,Limit,2000000,4.87,12.783,19302000000
2019-09-08 03:09:47,XBTUSD,short,Limit,2000000,-0.9391,17.16,19051439159
2019-09-08 15:18:35,XBTUSD,short,Limit,424,-0.0865,29.303,4073368
2019-09-09 04:56:42,XBTUSD,long,Limit,2000000,-0.7435,13.634,19362000000
2019-09-09 07:30:06,XBTUSD,long,Limit,4765050,-1.6474,6.722,46960759485
2019-09-09 07:45:46,XBTUSD,long,Limit,1234950,-1.2567,0.904,12155612850
2019-09-09 08:32:09,XBTUSD,long,Limit,2000000,-0.5639,1.143,19706000000
2019-09-09 09:12:41,XBTUSD,long,Limit,2000000,0.4993,1.173,19666000000
2019-09-09 09:18:21,ETHUSD,long,Limit,921200,1.4689,1.198,16544752000
2019-09-09 09:27:25,ETHUSD,short,Limit,78800,-0.5011,0.137,1422340000
2019-09-09 11:21:37,XBTUSD,long,Limit,576,3.6561,3.295,5491008
2019-09-09 11:25:40,XBTUSD,short,Limit,2000000,0.1907,0.068,19102000000
2019-09-09 11:25:43,XBTUSD,short,Limit,2000000,0.3793,0.066,19102000000
2019-09-10 04:20:03,XBTUSD,short,Limit,2000000,-0.6742,11.486,19380000000
2019-09-10 11:14:56,XBTUSD,short,Limit,2000000,0.4117,18.189,19535712313
2019-09-11 06:42:35,XBTUSD,short,Limit,424,2.8502,37.65,4245512
2019-09-11 06:58:10,XBTUSD,long,Limit,2000000,0.2009,0.13,20060000000
2019-09-11 07:07:01,XBTUSD,long,Limit,576,0.5528,0.278,5757120
2019-09-11 08:55:58,XBTUSD,short,Limit,2000000,0.0125,1.845,20002000000
2019-09-11 13:30:28,XBTUSD,short,Limit,1732788,0.3975,0.787,17293224240
2019-09-11 23:30:26,XBTUSD,short,Limit,138364,-0.5268,10.784,1368143232
2019-09-12 00:11:26,XBTUSD,short,Limit,1861636,-0.9133,11.197,18270095704
2019-09-19 06:10:36,XBTUSD,short,Limit,1428819,-0.838,1.723,14496797574
2019-09-19 06:13:07,XBTUSD,short,Limit,446453,-0.8785,1.695,4528051105
2019-09-19 06:13:19,XBTUSD,short,Limit,124728,-0.9055,1.698,1264617192
2019-09-19 23:04:43,XBTUSD,short,Limit,424,-4.9315,18.554,4134000
2019-09-20 00:24:10,XBTUSD,long,Limit,488003,0.1645,1.329,4749245196
2019-09-20 00:28:55,XBTUSD,long,Limit,213009,0.1092,1.416,2074068633
2019-09-20 00:33:52,XBTUSD,long,Limit,1298988,0.1566,1.505,12639153240
2019-09-20 19:35:46,XBTUSD,long,Limit,2000000,-0.3886,12.127,19708000000
2019-09-23 07:30:24,XBTUSD,long,Limit,576,-2.7629,71.966,5814144
2019-09-23 14:53:14,XBTUSD,short,Limit,2000000,0.4482,6.658,20242000000
2019-09-23 16:29:21,XBTUSD,short,Limit,1932618,0.8271,1.502,19681628396
2019-09-23 16:29:43,XBTUSD,short,Limit,67382,0.7576,1.501,685813996
2019-09-24 03:20:34,XBTUSD,short,Limit,424,2.1313,12.348,4376104
2019-09-25 01:12:55,XBTUSD,short,Limit,2000000,-0.9281,0.927,22988000000
2019-09-25 02:55:30,XBTUSD,short,Limit,1981163,0.5984,2.424,23041774242
2019-09-25 02:55:38,XBTUSD,short,Limit,18837,0.4624,2.426,218772918
2019-09-25 04:18:28,XBTUSD,short,Limit,2000000,1.9797,3.404,23420000000
2019-09-26 13:31:14,XBTUSD,short,Limit,2000000,0.2636,21.121,24126000000
2019-09-26 13:33:27,XBTUSD,short,Limit,2000000,5.0108,17.209,24776512434
2019-09-26 14:15:36,XBTUSD,short,Limit,171943,-2.002,1.038,2071569264
2019-09-26 14:19:12,XBTUSD,short,Limit,1828057,-1.9249,0.752,22077444389
2019-09-26 14:22:38,XBTUSD,short,Limit,3000,-1.9335,0.791,36246000
2019-09-26 15:02:56,XBTUSD,short,Limit,2000000,2.0402,0.935,24510000000
2019-09-26 15:52:30,XBTUSD,short,Limit,2000000,4.2673,0.642,25495125771
2019-09-28 13:50:23,XBTUSD,short,Limit,2000000,-2.0918,44.721,24669375030
2019-09-29 02:52:03,XBTUSD,short,Limit,2000000,-0.1989,5.745,24483317270
2019-09-29 12:44:43,XBTUSD,short,Limit,2000000,1.3407,3.475,25071834708
2019-09-30 04:19:41,XBTUSD,short,Limit,2000000,1.5029,9.494,25510000000
2019-09-30 04:33:33,XBTUSD,short,Limit,2000000,-0.36,0.102,25516001284
2019-09-30 10:07:06,XBTUSD,short,Limit,2000000,-2.3538,1.335,24860000000
2019-09-30 11:51:16,XBTUSD,short,Limit,2000000,0.1241,1.824,24922000000
2019-09-30 15:19:49,XBTUSD,short,Limit,258993,-2.5468,3.996,3137441202
2019-09-30 15:56:24,XBTUSD,short,Limit,2291007,-2.2128,3.705,27668491539
2019-09-30 15:56:47,XBTUSD,short,Limit,7000,-0.3639,0.791,84595000
2019-09-30 20:12:43,XBTUSD,short,Limit,2000000,0.6045,5.05,24376000000
2019-10-01 01:19:23,XBTUSD,short,Limit,2000000,0.5445,10.249,24272000000
2019-10-01 03:51:22,XBTUSD,short,Limit,2000000,-0.5882,1.187,23692000000
2019-10-01 06:44:21,XBTUSD,short,Limit,2000000,1.0092,3.632,23854000000
2019-10-06 18:38:43,XBTUSD,short,Limit,2000000,3.1414,3.203,25681681604
2019-10-08 07:56:42,XBTUSD,short,Limit,2000000,0.9812,13.776,24349815302
2019-10-09 16:44:24,XBTUSD,short,Limit,2000000,-5.1004,30.718,23250000000
2019-10-09 19:06:59,XBTUSD,short,Limit,2000000,0.7225,1.159,23262000000
2019-10-10 10:55:25,XBTUSD,short,Limit,503,1.53,16.883,5898681
2019-10-10 13:37:21,XBTUSD,long,Limit,2000000,-0.2492,2.115,23516000000
2019-10-10 15:23:13,XBTUSD,long,Limit,2000000,0.4847,2.739,23446000000
2019-10-13 01:26:45,XBTUSD,long,Limit,497,-1.6313,60.781,5951078
2019-10-13 20:50:27,XBTUSD,short,Limit,484929,1.3351,19.407,5885098344
2019-10-13 20:57:16,XBTUSD,short,Limit,1515071,1.1837,19.509,18358468985
2019-10-13 21:04:51,XBTUSD,short,Limit,503,1.2994,19.632,6103402
2019-10-14 16:37:11,XBTUSD,long,Limit,2000000,1.3672,11.968,23869630112
2019-10-16 03:37:27,XBTUSD,long,Limit,2000000,-1.3453,39.45,24536453323
2019-10-17 16:09:29,XBTUSD,long,Limit,497,-2.391,75.805,6164291
2019-10-18 05:59:04,XBTUSD,short,Limit,2000000,1.8984,13.822,25290000000
2019-10-20 20:24:53,XBTUSD,short,Limit,2000000,0.3006,0.156,24214000000
2019-10-23 13:24:32,XBTUSD,short,Limit,2000000,9.8078,27.865,26804117126
2019-10-24 15:10:30,XBTUSD,short,Limit,2000000,0.0902,5.215,26846000000
2019-10-24 15:14:39,XBTUSD,short,Limit,2000000,0.3146,1.185,26862000000
2019-10-25 15:57:46,XBTUSD,short,Limit,2000000,-11.0302,25.709,24038339970
2019-10-25 15:58:08,XBTUSD,short,Limit,2000000,-9.1022,2.577,24025037038
2019-10-25 15:59:18,XBTUSD,short,Limit,503,-8.9122,2.516,6053102
2019-10-25 16:01:52,XBTUSD,long,Limit,2000000,0.8424,0.039,23866000000
2019-10-25 16:05:32,XBTUSD,long,Limit,497,1.4091,0.093,5902372
2019-10-25 16:23:40,XBTUSD,short,Limit,2000000,0.6533,0.302,23910000000
2019-10-25 16:23:58,XBTUSD,short,Limit,503,0.7291,0.303,6006826
2019-10-27 09:07:25,XBTUSD,long,Limit,2000000,1.145,23.521,21516000000
2019-10-27 15:40:56,XBTUSD,long,Limit,497,3.9717,29.731,5201602
2019-10-27 16:07:18,XBTUSD,short,Limit,2000000,0.7326,0.441,21086000000
2019-10-27 16:20:41,XBTUSD,short,Limit,821255,0.9141,0.049,8531444763
2019-10-27 16:45:37,XBTUSD,short,Limit,830625,-0.3106,0.404,8585340000
2019-10-27 16:46:01,XBTUSD,short,Limit,1169375,-0.4648,0.413,12068214720
2019-10-27 17:31:39,XBTUSD,short,Limit,183381,1.4875,0.821,1906263508
2019-10-27 19:05:08,XBTUSD,short,Limit,720524,1.0003,2.378,7450938684
2019-10-27 19:06:19,XBTUSD,short,Limit,176329,0.8145,2.398,1820244267
2019-10-27 19:07:07,XBTUSD,short,Limit,1103147,0.5961,2.269,11384477040
2019-10-27 21:10:07,XBTUSD,short,Limit,2000000,2.1592,0.855,21020000000
2019-10-28 06:35:16,XBTUSD,short,Limit,503,2.9306,10.243,5328279
2019-10-28 10:50:39,XBTUSD,long,Limit,2000000,0.0793,4.229,21120000000
2019-10-28 10:53:21,XBTUSD,long,Limit,385730,0.0846,4.151,4069837230
2019-10-28 10:54:28,XBTUSD,long,Limit,484272,0.1584,4.152,5105679696
2019-10-28 13:03:38,XBTUSD,long,Limit,2000000,-0.9328,4.429,21378000000
2019-10-28 17:20:57,XBTUSD,long,Limit,2000000,0.4823,4.575,21344000000
2019-10-29 04:28:14,XBTUSD,long,Limit,2000000,1.6208,15.641,21196000000
2019-10-30 07:07:38,XBTUSD,long,Limit,2000000,-2.173,25.297,21622000000
2019-10-30 15:36:27,XBTUSD,long,Limit,2000000,-1.5269,6.938,22062000000
2019-11-02 19:44:34,XBTUSD,long,Limit,497,1.309,83.048,5329331
2019-11-02 19:47:48,XBTUSD,short,Limit,98550,-0.0019,0.012,1056653100
2019-11-07 16:38:58,XBTUSD,short,Limit,1500000,-0.4349,5.108,16258500000
2019-11-07 16:40:14,XBTUSD,short,Limit,2000000,-0.343,4.949,21684000000
2019-11-08 05:34:07,XBTUSD,short,Limit,174692,0.2222,10.26,1901697112
2019-11-08 05:34:11,XBTUSD,short,Limit,117814,0.2227,10.24,1282523204
2019-11-08 06:45:03,XBTUSD,short,Limit,1207485,0.2291,11.421,13145889195
2019-11-08 08:16:59,XBTUSD,short,Limit,2000000,1.539,12.954,22068879674
2019-11-08 09:29:48,XBTUSD,short,Limit,2000000,0.8324,1.095,22234000000
2019-11-08 20:05:05,XBTUSD,short,Limit,2000000,3.1536,11.546,22756874905
2019-11-08 23:55:16,XBTUSD,short,Limit,2000000,1.027,1.529,22820437753
2019-11-11 07:20:20,XBTUSD,short,Limit,2000000,-0.342,0.259,22740000000
2019-11-11 09:02:23,XBTUSD,short,Limit,2000000,0.4366,1.303,22866080551
2019-11-11 12:03:46,XBTUSD,short,Limit,2000000,0.2291,0.287,22948000000
2019-11-13 04:10:44,XBTUSD,short,Limit,512,0.2003,40.393,5873152
2019-11-13 11:11:46,XBTUSD,long,Limit,145345,0.6825,7.022,1655915585
2019-11-13 11:19:45,XBTUSD,long,Limit,1854655,0.4668,6.8,21165322860
2019-11-14 04:45:10,XBTUSD,long,Limit,488,-0.6824,24.049,5634936
2019-11-14 05:46:13,XBTUSD,short,Limit,2000000,-0.4301,0.21,22988000000
2019-11-15 03:56:54,XBTUSD,short,Limit,512,1.3568,22.292,5993472
2019-11-15 12:12:17,XBTUSD,long,Limit,155465,1.0302,8.253,1801372955
2019-11-15 12:15:22,XBTUSD,long,Limit,1844535,0.9131,8.313,21398450535
2019-11-16 06:02:19,XBTUSD,long,Limit,488,-0.8897,26.035,5764256
2019-11-16 11:07:25,XBTUSD,short,Limit,2000000,0.1004,4.345,23640000000
2019-11-18 00:37:23,XBTUSD,short,Limit,512,-0.1122,41.567,6039040
2019-11-18 02:50:57,XBTUSD,long,Limit,2000000,-0.59,0.64,23738000000
2019-11-19 00:37:39,XBTUSD,long,Limit,488,-3.528,22.088,5968728
2019-11-19 04:31:24,XBTUSD,short,Limit,189579,0.7945,3.409,2336182017
2019-11-19 07:41:52,XBTUSD,short,Limit,810074,0.8311,6.582,9986049915
2019-11-19 07:46:01,XBTUSD,short,Limit,1040936,0.9059,6.493,12843068368
2019-11-19 07:46:21,XBTUSD,short,Limit,148990,0.6927,2.541,1839430540
2019-11-19 08:03:19,XBTUSD,short,Limit,276926,-0.4246,0.183,3410343690
2019-11-19 08:37:31,XBTUSD,short,Limit,277,-0.5937,0.747,3405715
2019-11-19 12:56:23,XBTUSD,short,Limit,2000000,0.7841,4.739,24876000000
2019-11-20 04:35:51,XBTUSD,short,Limit,2000000,0.4296,19.88,24660000000
2019-11-20 10:30:00,XBTUSD,short,Limit,2000000,0.5318,19.514,24854000000
2019-11-20 15:22:00,XBTUSD,short,Limit,2000000,-0.2965,1.039,24634000000
2019-11-21 08:40:23,XBTUSD,short,Limit,2000000,0.6383,0.562,24927100514
2019-11-21 08:46:32,XBTUSD,short,Limit,703,2.0433,0.651,8887326
2019-11-21 08:47:24,XBTUSD,long,Limit,407157,0.3856,0.015,5127735258
2019-11-21 08:49:03,XBTUSD,long,Limit,832700,0.2554,0.044,10493685400
2019-11-21 08:49:41,XBTUSD,long,Limit,759143,0.0,0.053,9591012662
2019-11-21 12:59:34,XBTUSD,long,Limit,297,-0.2527,4.217,3761802
2019-11-21 17:59:23,XBTUSD,short,Limit,2000000,4.3032,4.997,26471596974
2019-11-22 03:22:21,XBTUSD,short,Limit,2000000,-0.1762,7.297,26236000000
2019-11-22 04:20:12,XBTUSD,short,Limit,2000000,0.8472,3.492,26298000000
2019-11-22 11:28:19,XBTUSD,short,Limit,2000000,6.741,3.405,28070000000
2019-11-22 11:35:25,XBTUSD,short,Limit,703,6.6296,3.5,9854654
2019-11-22 15:38:17,XBTUSD,long,Limit,297,-0.2453,4.048,4173741
2019-11-23 02:32:29,XBTUSD,short,Limit,717083,-0.9752,10.454,9884272072
2019-11-23 02:34:20,XBTUSD,short,Limit,1282917,-0.9047,10.481,17695274181
2019-11-23 05:22:52,XBTUSD,short,Limit,2000000,-0.4871,10.581,27700000000
2019-11-23 05:33:54,XBTUSD,short,Limit,605950,1.1617,1.536,8392407500
2019-11-23 08:46:34,XBTUSD,short,Limit,703,2.3956,4.728,9859575
2019-11-23 10:39:10,XBTUSD,long,Limit,1000,0.7293,1.877,13924000
2019-11-23 10:46:24,XBTUSD,long,Limit,2000000,0.8409,1.78,27816000000
2019-11-23 10:47:55,XBTUSD,long,Limit,297,0.2926,0.107,4125627
2019-11-23 17:43:50,XBTUSD,short,Limit,2000000,-0.8306,3.928,27454000000
2019-11-24 03:02:51,XBTUSD,short,Limit,2000000,1.0263,9.525,27662000000
2019-11-24 14:48:54,XBTUSD,short,Limit,2000000,3.8589,19.584,28419902993
2019-11-25 01:41:01,XBTUSD,short,Limit,2000000,5.9207,8.033,29962000000
2019-11-25 02:06:17,XBTUSD,short,Limit,703,5.525,8.442,10488057
2019-11-25 06:30:29,XBTUSD,long,Limit,2000000,0.3811,0.755,30396000000
2019-11-25 12:22:05,XBTUSD,long,Limit,297,5.7971,6.612,4282740
2019-11-25 12:28:47,XBTUSD,short,Limit,1290000,-3.1723,0.112,18029040000
2019-11-25 12:29:36,XBTUSD,short,Limit,2000000,-1.9763,0.098,28050093351
2019-11-25 12:44:02,XBTUSD,short,Limit,2000000,0.8089,0.277,28289820487
2019-11-25 12:44:29,XBTUSD,short,Limit,2460,1.7733,0.271,34831140
2019-11-25 13:10:21,XBTUSD,long,Limit,540,2.9381,0.431,7427700
2019-11-25 13:26:07,XBTUSD,short,Limit,887000,1.238,0.263,12354136000
2019-11-25 23:14:54,XBTUSD,short,Limit,436,1.5818,10.075,6093536
2019-11-26 06:40:06,XBTUSD,long,Limit,2000000,1.4907,7.135,27527504859
2019-11-26 07:06:44,XBTUSD,long,Limit,837513,0.56,0.058,11664881064
2019-11-26 08:30:18,XBTUSD,long,Limit,358650,0.7083,0.127,5002091550
2019-11-26 11:52:57,XBTUSD,long,Limit,2000000,0.4236,0.608,28130000000
2019-11-26 13:50:13,XBTUSD,long,Limit,2000000,-1.7443,1.552,28410000000
2019-11-27 11:31:45,XBTUSD,long,Limit,2000000,1.1793,2.234,28632000000
2019-11-27 11:41:05,XBTUSD,long,Limit,565,3.3961,2.375,7913955
2019-11-27 11:41:36,XBTUSD,short,Limit,1565413,0.2099,0.009,21954917325
2019-11-27 17:10:40,XBTUSD,short,Limit,1000,-1.8276,2.457,13377000
2019-11-27 21:43:05,XBTUSD,short,Limit,2000000,-0.0069,4.626,26702000000
2019-11-28 05:32:19,XBTUSD,short,Limit,2000000,1.2143,5.486,26864000000
2019-11-28 22:51:33,XBTUSD,short,Limit,2000000,0.8697,16.288,26990000000
2019-11-28 23:01:41,XBTUSD,short,Limit,1520722,2.7046,7.674,20648363316
2019-11-28 23:44:00,XBTUSD,short,Limit,479278,1.6667,8.44,6447247656
2019-11-29 05:29:05,XBTUSD,short,Limit,2000000,1.4985,12.786,26808000000
2019-11-29 12:19:01,XBTUSD,short,Limit,143354,0.3359,8.845,1916499626
2019-11-29 12:22:12,XBTUSD,short,Limit,829241,-0.5913,8.616,10984324160
2019-11-29 12:24:17,XBTUSD,short,Limit,1027405,-1.1792,8.498,13529896445
2019-11-29 12:25:14,XBTUSD,short,Limit,2000000,-1.3044,4.394,26212154664
2019-11-29 14:16:56,XBTUSD,short,Limit,2000000,-0.6582,0.202,25729431329
2019-11-30 19:07:34,XBTUSD,short,Limit,2000000,3.2334,15.558,26702000000
2019-12-01 00:20:33,XBTUSD,short,Limit,2000000,0.1337,3.155,26648000000
2019-12-01 01:25:58,XBTUSD,short,Limit,2000000,1.8215,1.61,26973180969
2019-12-01 15:20:33,XBTUSD,short,Limit,435,2.7748,15.389,5926005
2019-12-01 15:44:24,XBTUSD,long,Limit,84942,-0.2474,0.133,1162771038
2019-12-01 16:05:02,XBTUSD,long,Limit,565232,0.0377,0.475,7716547264
2019-12-01 16:48:42,XBTUSD,long,Limit,1434768,0.0199,1.207,19600365648
2019-12-01 19:18:28,XBTUSD,long,Limit,43523,0.1016,2.152,596613284
2019-12-01 19:54:23,XBTUSD,long,Limit,1956477,0.7589,1.099,26617869585
2019-12-02 06:24:26,XBTUSD,long,Limit,86050,0.1452,0.083,1190845950
2019-12-03 03:31:13,XBTUSD,long,Limit,2000000,1.6596,21.141,27260000000
2019-12-03 10:02:47,XBTUSD,long,Limit,982966,0.0072,0.048,13567879698
2019-12-04 00:38:37,XBTUSD,long,Limit,2000000,0.4914,0.041,27972000000
2019-12-04 13:28:06,XBTUSD,long,Limit,565,6.7252,12.849,7440485
2019-12-04 13:32:17,XBTUSD,short,Limit,1250000,0.6891,0.049,16605222129
2019-12-04 13:32:39,XBTUSD,short,Limit,1250000,0.8699,0.051,16622500000
2019-12-04 13:42:16,XBTUSD,short,Limit,2000000,0.5169,0.136,26578000000
2019-12-04 13:44:08,XBTUSD,short,Limit,59365,0.5093,0.113,789257675
2019-12-04 14:03:45,XBTUSD,short,Limit,529058,0.4654,0.034,7058691836
2019-12-04 14:31:44,XBTUSD,short,Limit,1227130,0.5981,0.19,16405500970
2019-12-04 15:16:37,XBTUSD,short,Limit,2500000,0.1201,0.372,33507718987
2019-12-04 20:51:56,XBTUSD,short,Limit,2500000,1.1402,4.84,33715000000
2019-12-05 05:10:25,XBTUSD,short,Limit,475,3.9333,13.144,6592525
2019-12-05 05:32:44,XBTUSD,short,Limit,96163,-1.4456,0.839,1320029501
2019-12-05 05:36:28,XBTUSD,short,Limit,1773307,-2.4871,0.846,24125841735
2019-12-05 05:37:05,XBTUSD,short,Limit,1880693,-1.75,0.705,25719273381
2019-12-05 05:53:28,XBTUSD,short,Limit,280242,0.2026,0.06,3836232738
2019-12-05 08:49:14,XBTUSD,short,Limit,2454084,0.0223,2.872,33533238181
2019-12-05 09:07:02,XBTUSD,short,Limit,45916,-0.7514,3.168,622575044
2019-12-05 09:08:01,XBTUSD,short,Limit,433555,0.7123,0.039,5910655315
2019-12-05 09:09:43,XBTUSD,short,Limit,2066445,0.6421,0.087,28134648675
2019-12-05 14:12:48,XBTUSD,short,Limit,400,0.2367,5.116,5422800
2019-12-05 14:43:57,XBTUSD,long,Limit,705375,0.2865,0.539,9532437750
2019-12-05 17:51:56,XBTUSD,long,Limit,2500000,-0.5907,2.599,34082500000
2019-12-06 08:36:44,XBTUSD,long,Limit,334,-0.0814,17.295,4533716
2019-12-06 09:17:05,XBTUSD,short,Limit,2500000,0.2722,0.512,34107500000
2019-12-06 12:14:08,XBTUSD,short,Limit,206350,0.4436,2.226,2802439350
2019-12-06 12:16:18,XBTUSD,short,Limit,2293650,0.3081,2.254,31122536850
2019-12-06 17:53:03,XBTUSD,short,Limit,2500000,-1.4641,6.627,33593529372
2019-12-09 15:01:55,XBTUSD,short,Stop,2500000,-1.4713,10.419,32731428592
2019-12-09 15:17:08,XBTUSD,short,Limit,1478258,0.3858,0.308,19671179206
2019-12-09 15:34:06,XBTUSD,short,Limit,1021742,0.7034,0.585,13641605775
2019-12-09 16:41:24,XBTUSD,short,Limit,702715,2.7269,1.633,9483138925
2019-12-09 19:57:17,XBTUSD,short,Limit,2500000,2.2652,4.62,33922500000
2019-12-10 14:56:42,XBTUSD,short,Limit,2313728,2.5646,22.78,32024309248
2019-12-10 14:57:28,XBTUSD,short,Limit,186272,2.1718,22.339,2564419491
2019-12-10 15:51:40,XBTUSD,short,Limit,2500000,2.5931,22.878,34603379662
2019-12-10 18:10:05,XBTUSD,short,Limit,2500000,2.6525,15.934,34776206748
2019-12-11 06:01:34,XBTUSD,short,Limit,590435,0.6301,6.102,8225072056
2019-12-11 06:04:21,XBTUSD,short,Limit,8303,0.526,6.121,115544548
2019-12-11 06:25:12,XBTUSD,short,Limit,1901262,0.3172,6.465,26406627918
2019-12-11 12:18:04,XBTUSD,short,Limit,2500000,0.0975,11.203,34548214369
2019-12-11 13:30:11,XBTUSD,short,Limit,1702631,0.1594,0.125,23603573125
2019-12-11 13:57:57,XBTUSD,short,Limit,555354,-0.0831,0.128,7676102988
2019-12-11 14:01:51,XBTUSD,short,Limit,1944646,-0.1263,0.146,26866723441
2019-12-11 15:31:01,XBTUSD,short,Limit,2500000,0.6856,0.881,34829331739
2019-12-13 08:09:53,XBTUSD,short,Limit,2500000,0.2047,0.161,34689914004
2019-12-16 04:13:03,XBTUSD,short,Limit,629986,0.5704,1.649,8949179253
2019-12-16 04:20:34,XBTUSD,short,Limit,1870014,0.6144,1.387,26576638968
2019-12-16 06:16:15,XBTUSD,short,Limit,177057,-0.1264,1.59,2504294208
2019-12-16 06:23:59,XBTUSD,short,Limit,17483,-0.1416,1.698,247227103
2019-12-16 06:28:04,XBTUSD,short,Limit,2305460,-0.2325,1.558,32589711615
2019-12-17 09:01:44,XBTUSD,short,Limit,308709,0.0588,1.719,4493876913
2019-12-17 09:06:50,XBTUSD,short,Limit,224036,0.0291,1.74,3260619944
2019-12-17 09:12:01,XBTUSD,short,Limit,2394985,0.004,1.808,34851953517
2019-12-17 09:14:35,XBTUSD,short,Limit,72270,-0.0375,1.851,1051167150
2019-12-17 11:54:58,XBTUSD,short,Limit,896684,-0.6646,2.14,12967591605
2019-12-17 11:56:00,XBTUSD,short,Limit,2103316,-0.7029,1.974,30406452884
2019-12-17 13:42:03,XBTUSD,short,Limit,110428,0.7755,1.509,1611231138
2019-12-17 13:45:58,XBTUSD,short,Limit,3000000,2.2691,1.501,44445000000
2019-12-17 14:14:21,XBTUSD,short,Limit,800000,0.411,0.427,11897964281
2019-12-17 14:17:04,XBTUSD,short,Limit,148872,0.7466,0.467,2223808020
2019-12-17 14:18:13,XBTUSD,short,Limit,2351128,0.5189,0.475,35038860584
2019-12-17 14:18:33,XBTUSD,short,Limit,41000,0.593,0.472,611474000
2019-12-17 15:58:46,XBTUSD,short,Limit,2500000,0.4,0.676,37332054371
2019-12-18 06:24:24,XBTUSD,short,Limit,2500000,0.2299,3.658,37539180002
2019-12-18 12:16:57,XBTUSD,short,Limit,1071477,1.0161,4.195,16327008472
2019-12-18 12:19:09,XBTUSD,short,Limit,2429000,0.5174,3.243,36810002123
2019-12-18 15:12:40,XBTUSD,short,Limit,174370,0.1832,0.122,2590963830
2019-12-18 15:16:34,XBTUSD,short,Limit,77327,-0.2558,0.177,1143049464
2019-12-18 15:25:14,XBTUSD,short,Limit,35856,-0.7414,0.321,527369427
2019-12-18 15:25:33,XBTUSD,short,Limit,25177,-0.8298,0.326,369976015
2019-12-18 15:25:54,XBTUSD,short,Limit,2187847,-1.1575,0.332,32049271674
2019-12-18 15:26:12,XBTUSD,long,Limit,24000,0.1628,0.005,351024000
2019-12-18 15:26:28,XBTUSD,long,Limit,600,0.1392,0.01,8778600
2019-12-18 15:29:04,XBTUSD,short,Limit,785483,-0.0483,0.036,11496191019
2019-12-18 15:29:51,XBTUSD,short,Limit,1785000,-0.2243,0.049,26078522240
2019-12-18 15:33:34,XBTUSD,short,Limit,844000,0.3871,0.043,12402580000
2019-12-19 01:02:54,XBTUSD,short,Limit,969,-5.7588,9.532,13413867
2019-12-19 02:28:17,XBTUSD,long,Limit,2500000,-0.4851,1.42,34820000000
2019-12-19 08:09:19,XBTUSD,long,Limit,2069951,-0.6302,3.032,29215288414
2019-12-19 08:10:57,XBTUSD,long,Limit,430049,-0.4624,3.011,6061110606
2019-12-19 10:02:03,XBTUSD,long,Limit,2500000,0.5045,2.071,35087500000
2019-12-19 13:24:36,XBTUSD,long,Limit,2500000,1.6103,4.998,34650000000
2019-12-20 05:13:08,XBTUSD,long,Limit,1500000,0.389,15.643,21089806981
2019-12-20 05:36:10,XBTUSD,long,Limit,1206689,0.1832,15.381,16992035493
2019-12-20 05:36:45,XBTUSD,long,Limit,1293311,-0.2153,11.812,18225281273
2019-12-21 06:58:15,XBTUSD,long,Limit,2500000,0.3787,24.608,34997990776
2019-12-22 06:02:42,XBTUSD,long,Limit,2500000,0.1665,47.66,35064432111
2019-12-24 10:23:36,XBTUSD,long,Limit,2500000,-0.6721,15.679,33875000000
2019-12-24 14:32:21,XBTUSD,long,Limit,478,-0.4913,19.806,6464950
2019-12-24 15:17:14,XBTUSD,short,Limit,2500000,1.6019,0.69,34357308480
2019-12-24 19:26:45,XBTUSD,short,Limit,522,2.8465,4.845,7265718
2019-12-25 13:10:32,XBTUSD,long,Limit,2500000,-0.1926,12.078,34795000000
2019-12-25 13:12:52,XBTUSD,long,Limit,5000,-0.0695,5.702,69540000
2019-12-26 00:14:50,XBTUSD,long,Limit,254,0.132,16.735,3525520
2019-12-26 07:57:35,XBTUSD,short,Limit,2500000,-0.0556,6.166,34727500000
2019-12-27 16:43:10,XBTUSD,short,Limit,746,0.3266,38.637,10402224
2019-12-27 18:25:02,XBTUSD,long,Limit,2500000,0.3738,1.698,34730000000
2019-12-31 01:35:36,XBTUSD,long,Limit,2500000,-1.2116,25.444,34602500000
2019-12-31 14:42:31,XBTUSD,long,Limit,2500000,0.7664,3.911,34362589690
2020-01-01 11:21:38,XBTUSD,long,Limit,2500000,-0.3239,8.298,34795000000
2020-01-02 03:55:58,XBTUSD,long,Limit,254,-1.5885,24.857,3580638
2020-01-02 16:48:33,XBTUSD,short,Limit,1500000,1.4033,12.67,21352500000
2020-01-02 17:01:14,XBTUSD,short,Limit,2500000,2.0672,9.184,35790827389
2020-01-02 17:01:27,XBTUSD,short,Limit,18000,2.101,6.678,257526000
2020-01-02 17:11:22,XBTUSD,short,Limit,2500000,0.2878,0.116,36050000000
2020-01-03 00:48:32,XBTUSD,short,Limit,196,0.6039,7.728,2835140
2020-01-03 02:10:57,XBTUSD,long,Limit,2500000,-0.138,0.551,36337500000
2020-01-03 08:45:09,XBTUSD,long,Limit,804,5.5599,7.083,11054196
2020-01-03 08:46:23,XBTUSD,short,Limit,2499196,0.0387,0.021,34376440980
2020-01-03 09:53:05,XBTUSD,long,Limit,804,0.6671,1.111,10985856
2020-01-03 10:09:23,XBTUSD,short,Limit,355198,-0.0205,0.272,4852359878
2020-01-03 10:09:52,XBTUSD,short,Limit,2144802,-0.0155,0.285,29300140122
2020-01-03 10:36:31,XBTUSD,short,Limit,196,0.6278,0.72,2691864
2020-01-03 15:53:27,XBTUSD,long,Limit,385155,0.4809,1.863,5268920400
2020-01-03 15:57:24,XBTUSD,long,Limit,1560076,0.3436,1.928,21371481124
2020-01-03 15:59:12,XBTUSD,long,Limit,554769,0.4124,1.952,7594232841
2020-01-03 16:12:39,XBTUSD,long,Limit,2500000,1.52,1.874,34012321008
2020-01-04 05:52:25,XBTUSD,long,Limit,730570,0.0696,13.575,9959860810
2020-01-04 06:08:37,XBTUSD,long,Limit,1769430,0.0856,13.955,24115561470
2020-01-05 01:21:48,XBTUSD,long,Limit,2500000,2.2359,28.262,33625000000
2020-01-05 08:59:12,XBTUSD,long,Limit,1000000,0.8027,8.72,13468000000
2020-01-05 10:07:32,XBTUSD,long,Limit,1500000,0.7421,10.009,20202000000
2020-01-05 12:18:45,XBTUSD,long,Limit,804,1.154,12.0,10790484
2020-01-05 18:36:28,XBTUSD,short,Limit,1500000,0.2137,5.846,20194500000
2020-01-05 21:33:09,XBTUSD,short,Limit,1500000,1.3918,5.871,20367000000
2020-01-07 00:38:21,XBTUSD,short,Limit,3000000,-3.9529,9.926,37548753111
2020-01-07 00:43:37,XBTUSD,short,Limit,1500000,0.6278,0.094,18939000000
2020-01-07 00:56:44,XBTUSD,short,Limit,196,1.374,0.247,2493708
2020-01-07 01:08:11,XBTUSD,long,Limit,1499804,0.4453,0.191,18996517464
2020-01-07 01:40:26,XBTUSD,short,Limit,196,0.133,0.537,2485868
2020-01-07 02:14:45,XBTUSD,long,Limit,804,0.2663,0.572,10169796
2020-01-07 13:35:19,XBTUSD,short,Limit,196,0.9803,11.343,2503900
2020-01-07 16:06:01,XBTUSD,long,Limit,1500000,-0.2554,1.096,19206000000
2020-01-07 16:20:00,XBTUSD,long,Limit,1500000,0.6868,0.704,19132500000
2020-01-07 16:28:11,XBTUSD,long,Limit,1500000,1.5265,0.575,19047000000
2020-01-07 18:50:11,XBTUSD,long,Limit,804,4.6281,2.928,9906084
2020-01-07 22:19:54,XBTUSD,short,Limit,1500000,1.8331,3.496,18820500000
2020-01-08 01:23:39,XBTUSD,short,Limit,1095052,-4.1184,6.155,12997172188
2020-01-08 03:30:39,XBTUSD,short,Limit,151020,-2.1632,8.237,1827190980
2020-01-08 03:31:59,XBTUSD,short,Limit,1348980,-2.1701,7.945,16302423300
2020-01-08 07:50:17,XBTUSD,short,Limit,1500000,0.6093,8.299,18072000000
2020-01-08 13:14:10,XBTUSD,short,Limit,1500000,1.8649,12.013,18148500000
2020-01-08 16:38:01,XBTUSD,short,Limit,1500000,2.2225,12.221,18405000000
2020-01-08 16:41:18,XBTUSD,short,Limit,1500000,2.7993,11.635,18462000000
2020-01-08 16:44:53,XBTUSD,short,Limit,1500000,3.4689,6.179,18588000000
2020-01-08 17:11:39,XBTUSD,short,Limit,1196408,2.8882,3.689,14825887936
2020-01-08 17:18:08,XBTUSD,short,Limit,1500000,1.3224,0.974,18641619020
2020-01-08 18:53:00,XBTUSD,short,Limit,1500000,0.4393,1.147,18645000000
2020-01-08 19:50:19,XBTUSD,short,Limit,592,1.0952,2.1,7407696
2020-01-08 20:39:37,XBTUSD,long,Limit,1500000,-0.1251,0.79,18784500000
2020-01-08 20:41:48,XBTUSD,long,Limit,1500000,0.8214,0.647,18738000000
2020-01-08 20:51:58,XBTUSD,long,Limit,1500000,1.4822,0.538,18726000000
2020-01-08 20:54:06,XBTUSD,long,Limit,408,1.8117,0.573,5077152
2020-01-08 21:04:14,XBTUSD,short,Limit,14254,0.1369,0.169,177619094
2020-01-08 21:13:49,XBTUSD,short,Limit,1500000,0.6883,0.316,18796500000
2020-01-08 21:14:32,XBTUSD,short,Limit,592,0.895,0.248,7424864
2020-01-08 21:25:43,XBTUSD,long,Limit,408,0.6585,0.187,5083680
2020-01-08 23:56:29,XBTUSD,short,Limit,1500000,0.1011,2.148,18703500000
2020-01-09 00:05:09,XBTUSD,short,Limit,1500000,0.3117,1.413,18738000000
2020-01-09 00:05:31,XBTUSD,short,Limit,1025395,1.0558,1.208,12873834225
2020-01-09 00:10:41,XBTUSD,short,Limit,474605,1.0994,1.293,5961038800
2020-01-09 04:35:01,XBTUSD,short,Limit,734537,1.0989,5.506,9223780571
2020-01-09 04:35:23,XBTUSD,short,Limit,388410,1.0061,5.486,4873380270
2020-01-09 04:39:35,XBTUSD,short,Limit,377000,1.0061,5.487,4730219000
2020-01-09 06:23:26,XBTUSD,short,Limit,272200,0.4536,5.962,3428631200
2020-01-09 06:24:49,XBTUSD,short,Limit,1227800,0.4389,5.982,15462913200
2020-01-09 16:11:57,XBTUSD,short,Limit,645,1.2414,15.767,8189565
2020-01-09 19:44:23,XBTUSD,long,Limit,1500000,0.1906,3.501,19023000000
2020-01-09 19:50:27,XBTUSD,long,Limit,1500000,0.8928,3.494,18963000000
2020-01-09 19:52:13,XBTUSD,long,Limit,1341428,1.6599,3.401,16884554236
2020-01-09 20:05:40,XBTUSD,long,Limit,1500000,2.1346,2.698,18832500000
2020-01-09 20:10:29,XBTUSD,long,Limit,1271357,1.0863,0.531,15920399134
2020-01-09 20:12:24,XBTUSD,long,Limit,228643,1.036,0.257,2859180715
2020-01-09 20:52:42,XBTUSD,long,Limit,3218626,-1.303,0.316,41042840036
2020-01-09 20:55:12,XBTUSD,long,Limit,1281374,-1.2626,0.083,16386210712
2020-01-10 12:49:16,XBTUSD,long,Limit,355,-0.5682,15.984,4507790
2020-01-10 13:58:38,XBTUSD,short,Limit,1500000,-0.127,1.147,19023000000
2020-01-10 13:58:58,XBTUSD,short,Limit,947102,0.0662,1.039,12034289501
2020-01-10 13:59:14,XBTUSD,short,Limit,552898,0.0063,1.006,7021251702
2020-01-10 14:00:08,XBTUSD,short,Limit,3000000,0.634,0.452,38139419750
2020-01-10 14:02:36,XBTUSD,short,Limit,645,0.7256,0.44,8198595
2020-01-10 14:10:48,XBTUSD,long,Limit,1385951,0.4891,0.119,17564305468
2020-01-10 14:11:42,XBTUSD,long,Limit,114049,0.4585,0.134,1445799173
2020-01-10 14:37:24,XBTUSD,long,Limit,355,0.987,0.562,4476905
2020-01-10 15:44:15,XBTUSD,short,Limit,1185293,-1.132,1.085,14753264250
2020-01-10 15:45:22,XBTUSD,short,Limit,314707,-1.1957,1.101,3914325666
2020-01-10 16:10:34,XBTUSD,short,Limit,460195,-0.7968,1.292,5724825800
2020-01-10 16:11:13,XBTUSD,short,Limit,442518,0.1254,1.299,5555813490
2020-01-10 16:17:37,XBTUSD,short,Limit,1057482,-0.5737,1.271,13177283202
2020-01-10 16:20:26,XBTUSD,short,Limit,1500000,-0.1981,1.127,18726000000
2020-01-10 16:22:15,XBTUSD,short,Limit,1500000,0.3624,1.1,18750000000
2020-01-10 16:22:29,XBTUSD,short,Limit,429143,1.0066,1.023,5377646396
2020-01-10 16:44:15,XBTUSD,short,Limit,27400,0.6514,1.381,342171200
2020-01-10 16:57:55,XBTUSD,short,Limit,1500000,1.4877,1.225,18856500000
2020-01-10 16:58:10,XBTUSD,short,Limit,1500000,1.5858,0.798,18868500000
2020-01-10 16:58:36,XBTUSD,short,Limit,645,0.8664,0.287,8110875
2020-01-10 18:08:21,XBTUSD,long,Limit,1571524,1.1435,0.816,19595332756
2020-01-10 18:08:32,XBTUSD,long,Limit,129391,1.434,0.439,1611694296
2020-01-11 01:11:32,XBTUSD,long,Limit,1500000,2.4423,6.081,18337500000
2020-01-11 09:50:32,XBTUSD,long,Limit,1500000,0.0374,5.258,18489000000
2020-01-12 04:37:50,XBTUSD,long,Limit,1500000,-0.1114,23.444,18561844046
2020-01-14 04:03:04,XBTUSD,long,Limit,355,5.8035,70.864,4147465
2020-01-14 12:46:01,XBTUSD,short,Limit,645,1.104,8.716,7619385
2020-01-14 13:03:24,XBTUSD,long,Limit,1214683,0.5905,0.291,14265237152
2020-01-14 16:11:08,XBTUSD,long,Limit,355,1.6375,3.409,4114805
2020-01-14 18:11:36,XBTUSD,short,Limit,645,-2.266,2.008,7310430
2020-01-14 18:12:14,XBTUSD,long,Limit,355,0.1303,0.011,4018245
2020-01-14 18:37:14,XBTUSD,short,Limit,645,1.2168,0.417,7391055
2020-01-14 18:44:11,XBTUSD,long,Limit,884292,0.5749,0.105,10111879020
2020-01-15 04:28:32,XBTUSD,long,Limit,1335685,-0.2319,0.144,15512645590
2020-01-16 02:21:18,XBTUSD,long,Limit,355,0.6547,21.961,4086760
2020-01-16 03:12:04,XBTUSD,short,Limit,1500000,0.5764,0.426,17391000000
2020-01-16 15:09:09,XBTUSD,short,Limit,343064,-0.1671,0.42,3947637448
2020-01-16 23:22:15,ETHUSD,long,Limit,1000000,0.4018,45.341,16452450815
2020-01-17 03:32:45,XBTUSD,short,Limit,645,-1.7175,12.756,7309140
2020-01-17 05:25:39,XBTUSD,long,Limit,1500000,0.7419,1.025,16979348908
2020-01-17 06:15:50,XBTUSD,long,Limit,355,2.3721,1.849,3954700
2020-01-17 08:05:31,XBTUSD,short,Limit,1500000,0.7991,1.768,16825500000
2020-01-17 08:07:24,XBTUSD,short,Limit,1000,0.7958,1.636,11219000
2020-01-17 08:34:59,XBTUSD,short,Limit,1500000,0.6534,0.321,16797000000
2020-01-17 14:24:00,XBTUSD,short,Limit,500000,1.6806,5.617,5695000000
2020-01-17 23:29:55,XBTUSD,short,Limit,120348,-0.5601,7.385,1351508040
2020-01-17 23:58:02,XBTUSD,short,Limit,1379652,-0.5082,7.731,15501769872
2020-01-18 02:20:51,XBTUSD,short,Limit,1500000,-0.107,8.112,16855500000
2020-01-18 06:37:38,XBTUSD,short,Limit,3000000,0.9846,6.916,33867565599
2020-01-19 01:07:29,XBTUSD,short,Limit,1500000,-2.4839,17.93,16528500000
2020-01-19 02:29:01,XBTUSD,short,Limit,3000000,-1.1765,1.353,32688021971
2020-01-19 11:01:05,XBTUSD,short,Limit,1500000,3.6403,8.605,17016000000
2020-01-19 11:01:10,XBTUSD,short,Limit,1500000,3.3877,4.274,17085000000
2020-01-19 11:01:26,XBTUSD,short,Limit,1500000,4.8003,4.238,17361000000
2020-01-19 11:01:36,XBTUSD,short,Limit,1500000,4.926,3.75,17412000000
2020-01-19 21:11:01,XBTUSD,short,Limit,1500000,-0.7412,5.754,17263500000
2020-01-19 21:12:11,XBTUSD,short,Limit,1500000,-0.3873,5.055,17271000000
2020-01-19 21:25:57,XBTUSD,short,Limit,148077,-0.6116,0.161,1697110497
2020-01-19 21:31:53,XBTUSD,short,Limit,1351923,-0.7265,0.245,15476814504
2020-01-19 21:42:17,XBTUSD,short,Limit,1500000,-0.8289,0.405,17148927624
2020-01-19 22:15:01,XBTUSD,short,Limit,1500000,1.7454,0.347,17512500000
2020-01-19 22:15:07,XBTUSD,short,Limit,1500000,2.4897,0.224,17637000000
2020-01-20 10:36:34,XBTUSD,short,Limit,1500000,0.6149,12.124,17365500000
2020-01-20 12:47:23,XBTH20,short,Limit,205811,4.4488,77.168,2360240548
2020-01-20 13:13:38,XBTH20,short,Limit,1294189,5.0329,77.539,14927175926
2020-01-20 13:14:56,XBTH20,short,Limit,990896,5.1276,77.52,11435930736
2020-01-20 14:07:34,XBTH20,short,Limit,509104,3.8713,78.294,5808367536
2020-01-21 19:42:12,XBTH20,long,Limit,209338,0.4141,0.009,2405928027
2020-01-21 20:03:34,XBTUSD,short,Limit,4391332,-0.2186,9.664,50807030910
2020-01-21 20:46:57,XBTUSD,short,Limit,1500000,-0.1275,0.393,17245500000
2020-01-21 22:13:16,XBTUSD,short,Limit,1500000,0.2289,1.19,17211000000
2020-01-21 22:23:18,XBTUSD,short,Limit,1500000,0.6285,1.302,17251500000
2020-01-22 07:35:39,XBTUSD,short,Limit,1500000,0.1875,2.44,17228394619
2020-01-22 16:37:16,XBTUSD,short,Limit,1500000,1.6947,11.331,17493000000
2020-01-23 02:10:49,XBTUSD,short,Limit,1500000,2.4529,18.722,17544000000
2020-01-23 05:33:45,XBTUSD,short,Limit,1500000,3.0488,22.018,17668500000
2020-01-23 09:26:56,XBTUSD,short,Limit,1500000,2.5869,16.784,17772000000
2020-01-23 09:54:58,XBTUSD,short,Limit,170988,2.4568,16.297,2026549776
2020-01-23 09:56:32,XBTUSD,short,Limit,1329012,2.4393,16.157,15748792200
2020-01-23 09:56:45,XBTUSD,short,Limit,1291293,1.7021,6.955,15317317566
2020-01-23 09:57:05,XBTUSD,short,Limit,208707,1.6558,6.907,2474638899
2020-01-24 06:51:29,XBTUSD,short,Limit,273,2.8568,27.814,3276819
2020-01-24 11:25:39,XBTUSD,long,Limit,1500000,-0.3721,4.57,18072000000
2020-01-24 11:31:23,XBTUSD,long,Limit,1500000,-0.072,4.665,18018000000
2020-01-24 12:14:18,XBTUSD,long,Limit,727,0.444,5.374,8686196
2020-01-24 15:28:37,XBTUSD,short,Limit,3000000,-0.947,2.803,35369425714
2020-01-27 19:58:53,XBTUSD,short,Limit,3000000,-3.0209,18.271,33680329013
2020-01-28 06:37:14,XBTUSD,short,Limit,273,-4.0944,28.889,3033303
2020-01-28 14:11:09,XBTUSD,long,Limit,1500000,1.1324,6.965,16465500000
2020-01-28 14:15:36,XBTUSD,long,Limit,1500000,1.2709,2.108,16366500000
2020-01-28 14:18:28,XBTUSD,long,Limit,1500000,1.3316,1.707,16429500000
2020-01-29 00:02:20,XBTUSD,long,Limit,3000000,4.182,9.163,31879760744
2020-01-29 14:43:39,XBTUSD,long,Limit,727,3.2871,23.754,7803618
2020-01-30 11:59:30,XBTUSD,short,Limit,1500000,-0.1488,4.993,16077000000
2020-01-30 20:30:09,XBTUSD,short,Limit,261181,-0.1493,0.492,2743445224
2020-01-30 20:49:49,XBTUSD,short,Limit,197374,-0.4069,0.81,2067887398
2020-01-30 20:51:50,XBTUSD,short,Limit,168997,-0.4419,0.843,1770074578
2020-01-30 21:08:56,XBTUSD,short,Limit,872448,-0.4185,1.125,9139765248
2020-01-31 12:34:53,XBTUSD,short,Limit,1500000,0.6036,5.733,16131849443
2020-01-31 13:21:28,XBTUSD,short,Limit,853927,1.3686,6.457,9247421613
2020-01-31 13:22:36,XBTUSD,short,Limit,646073,1.2736,6.464,6990509860
2020-02-01 11:18:59,XBTUSD,short,Limit,366193,-0.8191,20.132,3918265100
2020-02-01 11:20:48,XBTUSD,short,Limit,1133807,-0.9008,20.088,12121530637
2020-02-01 11:51:24,XBTUSD,short,Limit,1500000,0.0102,14.177,16070272120
2020-02-02 00:32:31,XBTUSD,short,Limit,71207,1.0865,22.053,762484556
2020-02-02 02:27:55,XBTUSD,short,Limit,1500000,1.8103,23.443,16186990666
2020-02-02 12:49:23,XBTUSD,short,Limit,1500000,-0.6791,23.431,15943105636
2020-02-02 23:28:28,XBTUSD,short,Limit,34186,-0.0535,33.625,365414154
2020-02-02 23:29:42,XBTUSD,short,Limit,1465814,0.0234,33.179,15676880730
2020-02-02 23:32:26,XBTUSD,short,Limit,411730,-0.2693,18.869,4410451760
2020-02-02 23:33:06,XBTUSD,short,Limit,34186,-0.3117,18.874,366051002
2020-02-02 23:36:09,XBTUSD,short,Limit,1054084,-0.3169,18.923,11286077388
2020-02-03 00:05:41,XBTUSD,short,Limit,1449367,0.3355,17.621,15613359248
2020-02-03 00:05:57,XBTUSD,short,Limit,50633,0.204,17.624,544709814
2020-02-03 04:23:59,XBTUSD,short,Limit,1500000,-0.0537,20.819,16008000000
2020-02-03 04:26:12,XBTUSD,short,Limit,1109261,0.9185,13.699,11843579697
2020-02-03 04:28:04,XBTUSD,short,Limit,390739,0.8597,13.642,4170583795
2020-02-03 04:30:21,XBTUSD,short,Limit,1500000,-0.2616,4.253,16009500000
2020-02-03 04:31:12,XBTUSD,short,Limit,1500000,0.1191,3.829,16020000000
2020-02-03 04:31:51,XBTUSD,short,Limit,1299120,0.4286,3.073,13872850736
2020-02-03 04:43:24,XBTUSD,short,Limit,200880,0.2127,3.252,2140376400
2020-02-04 03:13:15,XBTUSD,short,Limit,1388036,1.4992,21.959,14974913606
2020-02-04 03:14:50,XBTUSD,short,Limit,111964,1.4665,21.983,1207531740
2020-02-04 08:55:57,XBTUSD,short,Limit,1500000,1.9028,27.431,16247259321
2020-02-05 00:26:08,XBTUSD,short,Limit,696678,1.0163,31.332,7597273590
2020-02-05 01:36:11,XBTUSD,short,Limit,803322,0.8959,32.484,8748979902
2020-02-05 02:30:40,XBTH20,short,Limit,1320478,2.5351,170.407,14105345996
2020-02-05 02:40:57,XBTH20,short,Limit,24767,2.4779,170.57,264412492
2020-02-05 03:06:27,XBTH20,short,Limit,681,2.3842,170.963,7263546
2020-02-05 03:26:09,XBTH20,short,Limit,10260,2.2853,171.288,109320300
2020-02-05 03:27:00,XBTH20,short,Limit,139,2.3373,171.302,1481740
2020-02-05 10:39:07,XBTUSD,short,Limit,1500000,-0.1562,0.083,16077000000
2020-02-05 10:51:21,XBTUSD,short,Limit,1500000,-0.0643,0.097,16008000000
2020-02-05 12:11:42,XBTUSD,short,Limit,1500000,-0.1919,0.115,15874500000
2020-02-05 14:28:44,XBTUSD,short,Limit,1500000,0.3931,1.183,15917679969
2020-02-05 16:18:01,XBTUSD,short,Limit,1500000,-0.8463,0.979,15729101125
2020-02-06 11:57:03,XBTUSD,short,Limit,749,-2.4692,20.628,7729680
2020-02-06 12:00:45,XBTUSD,long,Limit,1500000,0.1548,0.062,15456000000
2020-02-06 12:06:29,XBTUSD,long,Limit,1500000,0.3716,0.137,15424500000
2020-02-06 12:07:00,XBTUSD,long,Limit,251,0.449,0.137,2579025
2020-02-06 14:03:02,XBTUSD,short,Limit,1500000,1.0677,0.931,15424500000
2020-02-06 14:04:51,XBTUSD,short,Limit,619899,1.694,0.885,6397361680
2020-02-06 14:59:56,XBTUSD,short,Limit,6000000,-0.4911,0.811,61077111780
2020-02-07 06:34:08,XBTUSD,short,Limit,1500000,0.2042,6.01,15337500000
2020-02-08 13:42:53,XBTUSD,short,Limit,1500000,-0.5206,23.73,15263544811
2020-02-08 13:47:39,XBTUSD,short,Limit,1500000,-0.3076,8.186,15337500000
2020-02-08 13:47:55,XBTUSD,short,Limit,1500000,0.0699,7.443,15368460844
2020-02-08 14:21:01,XBTUSD,short,Limit,1500000,-0.46,5.959,15259500000
2020-02-08 14:26:38,XBTUSD,short,Limit,574874,-0.143,5.622,5851067572
2020-02-08 14:30:58,XBTUSD,short,Limit,925126,-0.166,5.689,9413875577
2020-02-08 14:31:03,XBTUSD,short,Limit,116891,-0.0467,0.103,1189132143
2020-02-08 14:31:17,XBTUSD,short,Limit,198506,-0.0564,0.07,2019187323
2020-02-09 03:00:12,XBTUSD,short,Limit,1500000,-1.2429,10.604,15031500000
2020-02-09 03:01:12,XBTUSD,short,Limit,1500000,-1.3493,10.62,15015000000
2020-02-09 05:50:35,XBTUSD,short,Limit,4500000,-1.1709,2.551,44475551982
2020-02-10 03:29:06,XBTUSD,short,Limit,460942,0.3249,11.505,4571161814
2020-02-10 03:30:17,XBTUSD,short,Limit,1039058,0.3015,11.504,10301221012
2020-02-10 05:59:13,XBTUSD,short,Limit,1500000,3.8429,13.983,15420000000
2020-02-10 06:06:41,XBTUSD,short,Limit,1500000,2.1626,14.11,15159000000
2020-02-10 06:07:03,XBTUSD,short,Limit,1500000,2.3896,3.547,15174000000
2020-02-10 06:07:30,XBTUSD,short,Limit,1500000,-0.3033,0.11,15190500000
2020-02-10 06:33:28,XBTUSD,short,Limit,1500000,-0.1009,0.177,15022500000
2020-02-10 07:14:44,XBTUSD,short,Limit,749,0.0351,0.863,7511721
2020-02-10 09:04:48,XBTUSD,long,Limit,1500000,-1.0557,1.196,15171000000
2020-02-10 09:05:02,XBTUSD,long,Limit,468241,-0.8969,0.726,4734384751
2020-02-10 09:18:23,XBTUSD,long,Limit,1031759,-0.9469,0.943,10437274044
2020-02-10 09:18:28,XBTUSD,long,Limit,57539,-0.4404,0.671,582064524
2020-02-10 09:19:06,XBTUSD,long,Limit,1442461,-0.4835,0.648,14599147781
2020-02-10 09:33:09,XBTUSD,long,Limit,1500000,-0.2851,0.158,15267000000
2020-02-10 09:33:37,XBTUSD,long,Limit,1500000,-0.1741,0.105,15278334929
2020-02-10 13:03:08,XBTUSD,long,Limit,1500000,0.3977,0.794,15237000000
2020-02-10 13:13:03,XBTUSD,long,Limit,1500000,0.4349,0.952,15235500000
2020-02-11 09:12:47,XBTUSD,long,Limit,436064,0.005,6.697,4454393760
2020-02-11 09:15:42,XBTUSD,long,Limit,1114148,-0.0661,6.723,11388636945
2020-02-11 09:19:04,XBTUSD,long,Limit,1450000,-0.0868,6.708,14826250000
2020-02-11 12:00:35,XBTUSD,long,Limit,469490,0.3788,8.433,4788328510
2020-02-11 12:14:08,XBTUSD,long,Limit,1030510,0.4863,8.63,10498835880
2020-02-11 15:08:03,XBTUSD,long,Limit,1500000,1.4173,11.264,15190500000
2020-02-11 15:16:41,XBTUSD,long,Limit,439,1.5585,6.419,4418535
2020-02-11 15:23:57,XBTUSD,short,Limit,1500000,-0.6599,0.096,15015000000
2020-02-11 15:40:04,XBTUSD,short,Limit,561,-1.5769,0.364,5565120
2020-02-11 16:01:43,XBTUSD,long,Limit,3000000,0.8764,0.261,29241000000
2020-02-12 00:29:36,XBTUSD,long,Limit,1500000,0.5122,8.327,14553000000
2020-02-12 06:10:20,XBTUSD,long,Limit,3000000,0.9015,13.901,28992960718
2020-02-12 07:49:26,XBTUSD,long,Limit,1500000,0.7247,1.44,14430847964
2020-02-12 07:49:39,XBTUSD,long,Limit,1500000,0.8766,1.357,14403000000
2020-02-12 13:31:54,XBTUSD,long,Limit,439,0.7409,7.049,4220546
2020-02-12 16:39:17,XBTUSD,short,Limit,1500000,-0.0907,2.212,14458500000
2020-02-12 19:41:00,XBTUSD,short,Limit,896282,-0.1259,3.916,8665254376
2020-02-12 19:44:13,XBTUSD,short,Limit,603718,-0.1319,3.95,5836596228
2020-02-12 19:47:03,XBTUSD,short,Limit,1500000,0.16,2.455,14493000000
2020-02-13 03:41:27,ETHUSD,short,Limit,500000,1.1314,6.774,13545000000
2020-02-13 07:50:39,XBTUSD,short,Limit,1500000,0.5943,1.704,14437500000
2020-02-13 08:10:56,XBTUSD,short,Limit,1500000,-0.1287,0.011,14577795105
2020-02-13 08:45:24,XBTUSD,short,Limit,108695,0.1752,0.584,1059884945
2020-02-13 12:30:53,XBTUSD,short,Limit,1500000,0.1473,4.297,14727000000
2020-02-13 13:53:34,XBTUSD,short,Limit,1500000,-2.6797,4.485,14305500000
2020-02-13 13:58:38,XBTUSD,short,Limit,1500000,-2.5917,4.387,14348698464
2020-02-13 13:58:54,XBTUSD,short,Limit,1500000,-2.8478,1.607,14347500000
2020-02-13 14:00:14,XBTUSD,short,Limit,1500000,0.966,0.443,14641503495
2020-02-13 14:25:11,XBTUSD,short,Limit,1500000,0.5336,0.238,14626500000
2020-02-13 14:57:54,XBTUSD,short,Limit,29341,0.8218,0.775,286661570
2020-02-13 15:11:45,XBTUSD,short,Limit,1470659,0.9731,1.005,14390398315
2020-02-13 16:48:39,XBTUSD,short,Limit,1500000,1.1143,2.63,14698500000
2020-02-14 06:39:21,XBTUSD,short,Limit,37758,1.3393,16.438,370481496
2020-02-14 06:50:32,XBTUSD,short,Limit,1462242,1.2808,16.675,14337282810
2020-02-14 07:39:21,XBTUSD,short,Limit,1500000,1.5833,15.937,14803500000
2020-02-14 11:04:41,XBTUSD,short,Limit,1500000,-0.1413,7.132,14620500000
2020-02-14 16:35:48,XBTUSD,short,Limit,1500000,-1.1354,8.424,14583000000
2020-02-15 00:27:21,XBTUSD,short,Limit,27294,-0.635,13.902,263086866
2020-02-15 00:30:33,XBTUSD,short,Limit,1472706,-0.7567,13.918,14179213368
2020-02-15 15:54:36,XBTUSD,short,Limit,1500000,5.663,25.354,15393000000
2020-02-15 16:03:58,XBTUSD,short,Limit,1500000,2.8031,16.362,14905434278
2020-02-15 16:04:54,XBTUSD,short,Limit,1421282,-1.2584,0.165,14148862310
2020-02-15 16:05:09,XBTUSD,short,Limit,78718,-1.3558,0.162,782929228
2020-02-15 16:06:26,XBTUSD,short,Limit,561,-0.9577,0.183,5601585
2020-02-15 16:17:34,XBTUSD,long,Limit,439,0.3295,0.186,4368928
2020-02-15 16:29:45,XBTUSD,short,Limit,561,0.7514,0.203,5625708
2020-02-15 16:31:31,XBTUSD,long,Limit,439,-0.4813,0.03,4423364
2020-02-15 16:33:23,XBTUSD,short,Limit,1500000,-0.0503,0.019,15052500000
2020-02-16 11:09:12,XBTUSD,short,Limit,1500000,0.0663,18.404,15114000000
2020-02-16 12:11:09,XBTUSD,short,Limit,1500000,0.2264,18.955,15129000000
2020-02-16 13:20:52,XBTH20,short,Limit,1500000,-5.0893,445.106,14851500000
2020-02-16 13:23:35,XBTH20,short,Limit,500000,-5.1253,404.995,4952500000
2020-02-16 13:33:59,XBTH20,short,Limit,50,-5.2031,388.849,495050
2020-02-16 13:41:38,XBTH20,short,Limit,182180,-4.7213,360.07,1801395840
2020-02-16 13:50:50,XBTH20,short,Limit,1377,-2.7834,252.469,13559319
2020-02-16 14:21:54,XBTH20,short,Limit,1316393,-2.8874,252.855,12945408762
2020-02-16 16:18:42,XBTUSD,short,Limit,6000000,1.8101,12.117,61198123074
2020-02-16 17:01:30,XBTUSD,short,Limit,1500000,0.1245,0.182,15424500000
2020-02-16 17:11:37,XBTUSD,short,Limit,1500000,-0.6301,0.344,15305838342
2020-02-16 19:12:01,XBTUSD,short,Limit,1500000,0.0344,1.455,15337500000
2020-02-16 19:49:50,XBTUSD,short,Limit,569777,0.6632,1.632,5852749344
2020-02-17 01:01:33,XBTUSD,short,Limit,930223,-0.75,6.828,9421298544
2020-02-17 02:14:21,XBTUSD,short,Limit,1018282,0.4203,0.09,10360001068
2020-02-17 03:35:14,XBTUSD,short,Limit,1500000,0.1322,1.203,15264000000
2020-02-17 03:35:47,XBTUSD,short,Limit,1500000,0.1474,0.704,15267000000
2020-02-17 10:04:37,XBTUSD,short,Limit,40935,0.3428,5.048,418724115
2020-02-17 10:06:13,XBTUSD,short,Limit,1459065,0.3058,5.064,14918939625
2020-02-17 10:16:36,XBTUSD,short,Limit,1500000,0.4303,5.033,15376735083
2020-02-17 10:21:56,XBTUSD,short,Limit,494533,0.8135,3.936,5070941382
2020-02-17 10:24:20,XBTUSD,short,Limit,1005467,0.7831,3.973,10307042217
2020-02-17 10:25:06,XBTUSD,short,Limit,1500000,0.7132,3.717,15393000000
2020-02-17 10:25:23,XBTUSD,short,Limit,1500000,0.8248,0.626,15400500000
2020-02-17 11:05:07,XBTUSD,short,Limit,1500000,0.4475,0.505,15445169094
2020-02-17 11:26:13,XBTUSD,short,Limit,275931,0.1639,0.022,2870446857
2020-02-17 11:26:41,XBTUSD,short,Limit,1566010,0.0173,0.029,16273132879
2020-02-17 11:33:40,XBTUSD,short,Limit,1500000,-0.6327,0.126,15472500000
2020-02-17 16:48:00,XBTUSD,short,Limit,7500000,-0.6048,2.464,77182483284
2020-02-17 17:05:16,XBTUSD,short,Limit,1500000,0.051,0.186,15471000000
2020-02-17 17:06:44,XBTUSD,short,Limit,1500000,0.1844,0.219,15487500000
2020-02-17 17:07:50,XBTUSD,short,Limit,1500000,0.2931,0.228,15499500000
2020-02-17 17:08:12,XBTUSD,short,Limit,1500000,0.3555,0.235,15510000000
2020-02-17 17:36:09,XBTH20,long,Limit,630413,-0.4951,8.799,6370953778
2020-02-17 17:44:09,XBTH20,long,Limit,869587,-0.5115,6.683,8787461751
2020-02-17 17:55:23,XBTH20,long,Limit,578580,0.1151,6.628,5847129480
2020-02-17 17:58:12,XBTH20,long,Limit,372183,0.1517,6.672,3759420483
2020-02-17 18:03:16,XBTH20,long,Limit,57957,0.2023,6.765,585133872
2020-02-17 18:57:56,XBTH20,long,Limit,491280,0.2529,7.657,4957506480
2020-02-18 05:00:14,XBTUSD,short,Limit,9000000,-1.5339,9.65,91733353958
2020-02-18 05:14:53,XBTUSD,short,Limit,1500000,-0.9573,5.71,15304500000
2020-02-18 05:15:11,XBTUSD,short,Limit,1500000,-0.0382,0.458,15312000000
2020-02-18 05:21:08,XBTUSD,short,Limit,241,-0.0255,0.555,2460369
2020-02-18 09:06:00,XBTUSD,long,Limit,759,-0.5207,3.748,7789617
2020-02-18 10:15:24,XBTUSD,short,Limit,6000000,0.4489,0.734,62053604303
2020-02-18 20:27:52,XBTUSD,short,Limit,3000000,0.0335,0.394,29712204943
2020-02-21 09:00:10,XBTUSD,short,Limit,1500000,4.8797,48.544,15552000000
2020-02-24 03:58:45,XBTUSD,short,Limit,1500000,-2.1864,96.784,15337500000
2020-02-24 04:00:15,XBTUSD,short,Limit,1500000,-2.0719,96.692,15352500000
2020-02-24 07:01:25,XBTUSD,short,Limit,1500000,-0.9752,92.594,15409500000
2020-02-24 07:01:44,XBTUSD,short,Limit,286249,-2.1405,84.639,2941780973
2020-02-24 07:04:00,XBTUSD,short,Limit,713751,-2.2476,84.583,7333791525
2020-02-24 17:04:46,XBTUSD,short,Limit,1500000,-1.1765,94.565,15541500000
2020-02-24 17:07:41,XBTUSD,short,Limit,500000,-1.1779,94.579,5176000000
2020-02-24 18:03:54,XBTUSD,short,Limit,1500000,0.2577,93.422,15721500000
2020-02-25 04:49:03,XBTUSD,short,Limit,1500000,-0.4607,10.435,15634500000
2020-02-25 04:49:26,XBTUSD,short,Limit,1500000,-0.1724,9.897,15642000000
2020-02-25 05:18:55,XBTUSD,short,Limit,2416637,0.6172,9.913,25258741957
2020-02-25 05:20:51,XBTUSD,short,Limit,583363,0.4777,9.946,6086809542
2020-02-26 14:11:49,XBTUSD,short,Limit,1500000,0.7667,5.026,16537500000
2020-02-26 14:12:48,XBTUSD,short,Limit,1500000,0.9263,3.751,16537500000
2020-02-26 14:14:12,XBTUSD,short,Limit,15000,0.7108,4.984,165195000
2020-02-26 14:49:13,XBTUSD,short,Limit,328918,2.2645,2.189,3645200386
2020-02-26 14:52:35,XBTUSD,short,Limit,1500000,2.0888,2.033,16575000000
2020-02-26 14:55:39,XBTUSD,short,Limit,1171082,2.2577,2.074,12961535576
2020-02-26 14:55:57,XBTUSD,short,Limit,29756,2.2294,2.026,329369164
2020-02-27 04:00:15,XBTH20,long,Limit,1500000,-7.5144,37.59,16938000000
2020-02-27 06:05:49,XBTH20,long,Limit,1500000,-6.5755,37.163,16891500000
2020-02-27 07:38:03,XBTUSD,short,Limit,30000,-0.8415,14.876,342480000
2020-02-27 12:41:01,XBTUSD,short,Limit,1500000,-1.3249,19.882,17055000000
2020-02-27 21:33:18,XBTUSD,short,Limit,1500000,-1.547,28.748,17016000000
2020-02-27 21:33:18,XBTUSD,short,Limit,1500000,-1.4777,28.748,17026500000
2020-02-27 22:04:26,XBTUSD,short,Limit,1500000,-0.2483,29.002,17232000000
2020-02-27 22:14:12,XBTUSD,short,Limit,1500000,1.3061,15.307,17260500000
2020-02-27 22:22:38,XBTUSD,short,Limit,339301,1.4745,9.095,3906711714
2020-02-28 09:20:32,XBTUSD,short,Limit,1500000,1.1218,19.948,17211000000
2020-02-28 09:55:30,XBTUSD,short,Limit,1500000,2.4099,20.134,17442000000
2020-02-28 12:22:26,XBTUSD,short,Limit,1500000,4.2455,20.882,17719500000
2020-02-28 12:22:53,XBTUSD,short,Limit,1500000,4.7363,15.945,17762767153
2020-02-28 12:23:12,XBTUSD,short,Limit,304540,3.2383,13.791,3604371485
2020-02-28 12:23:50,XBTUSD,short,Limit,1195460,3.1495,13.791,14135717916
2020-02-28 12:26:16,XBTUSD,short,Limit,1500000,3.423,13.817,17698500000
2020-02-28 12:26:27,XBTUSD,short,Limit,1500000,4.1397,12.028,17725443663
2020-02-29 10:42:55,XBTUSD,short,Limit,1500000,0.4281,9.701,17226276707
2020-03-01 08:27:14,XBTUSD,short,Limit,3000000,1.7292,29.147,34928262766
2020-03-01 09:17:54,XBTUSD,short,Limit,1500000,1.1028,19.633,17475734720
2020-03-01 09:18:23,XBTUSD,short,Limit,1500000,-0.2571,3.253,17472000000
2020-03-01 09:20:41,XBTUSD,short,Limit,1500000,-0.4012,2.424,17461500000
2020-03-01 16:35:49,XBTUSD,short,Limit,1500000,0.8205,7.638,17745918301
2020-03-01 16:58:13,XBTUSD,short,Limit,1500000,0.393,7.991,17668500000
2020-03-02 11:26:49,XBTUSD,short,Limit,1500000,-1.5202,20.01,17206500000
2020-03-04 15:04:46,XBTUSD,short,Limit,1500000,-1.9795,70.103,17251500000
2020-03-05 11:21:36,XBTUSD,short,Limit,1500000,-6.3455,84.679,16482000000
2020-03-05 11:22:29,XBTUSD,short,Limit,1500000,-6.522,83.042,16489500000
2020-03-05 11:26:33,XBTUSD,short,Limit,1500000,-2.9556,29.358,16492500000
2020-03-05 11:32:23,XBTUSD,short,Limit,1500000,-1.8282,8.421,16492500000
2020-03-06 14:07:39,XBTUSD,short,Limit,1500000,-0.4098,23.098,16512000000
2020-03-06 14:07:48,XBTUSD,short,Limit,1500000,-0.4185,22.99,16515000000
2020-03-06 14:08:47,XBTUSD,short,Limit,598244,-0.3094,22.971,6587862928
2020-03-08 13:24:52,XBTUSD,short,Limit,1500000,4.5152,70.193,17350500000
2020-03-08 13:26:22,XBTUSD,short,Limit,1500000,4.5628,61.046,17341500000
2020-03-08 16:34:27,XBTUSD,short,Limit,3000000,0.367,0.073,36564000000
2020-03-08 16:48:58,XBTUSD,short,Limit,518310,-0.1821,0.119,6271032690
2020-03-08 17:02:34,XBTUSD,short,Limit,981690,-0.1212,0.348,11885320830
2020-03-08 17:06:14,XBTUSD,short,Limit,1500000,-0.1818,0.408,18148500000
2020-03-08 18:20:54,XBTUSD,short,Limit,1500000,0.4806,1.04,18127500000
2020-03-08 21:45:39,XBTUSD,short,Limit,1500000,1.0702,4.308,18214500000
2020-03-08 21:47:56,XBTUSD,short,Limit,1500000,0.9685,4.463,18204000000
2020-03-08 21:48:19,XBTUSD,short,Limit,1500000,1.0782,4.335,18204000000
2020-03-09 15:10:59,XBTUSD,short,Limit,874,6.8311,21.533,11262364
2020-03-09 16:20:58,XBTUSD,long,Limit,1500000,0.4857,1.162,19267500000
2020-03-09 16:36:36,XBTUSD,long,Limit,1500000,1.2258,1.409,19120500000
2020-03-09 19:45:34,XBTUSD,long,Limit,1500000,0.967,2.756,19156500000
2020-03-09 19:50:32,XBTUSD,long,Limit,1500000,1.4432,2.804,19059000000
2020-03-09 20:36:26,XBTUSD,long,Limit,126,1.6054,3.567,1599066
2020-03-10 11:10:44,XBTUSD,short,Limit,1500000,-1.8267,4.753,18553500000
2020-03-10 11:11:10,XBTUSD,short,Limit,1500000,-1.001,0.605,18576000000
2020-03-10 13:44:03,XBTUSD,short,Limit,502630,0.9865,0.772,6240151450
2020-03-10 15:31:23,XBTUSD,short,Limit,1500000,2.1489,2.545,18836901915
2020-03-10 15:31:42,XBTUSD,short,Limit,1500000,1.7548,2.259,18832500000
2020-03-11 00:01:43,XBTUSD,short,Limit,1500000,0.4553,6.682,19073828801
2020-03-11 00:18:57,XBTUSD,short,Limit,1500000,-0.1266,6.929,18963000000
2020-03-11 17:06:08,XBTUSD,short,Limit,1500000,3.6868,19.941,19468500000
2020-03-11 17:10:10,XBTUSD,short,Limit,1500000,3.93,19.922,19480500000
2020-03-11 19:05:22,XBTUSD,short,Limit,874,2.9944,21.808,11241388
2020-03-11 19:43:43,XBTUSD,long,Limit,203953,0.7979,0.596,2604071904
2020-03-11 22:40:41,XBTUSD,long,Limit,1084295,2.7671,3.564,13578626285
2020-03-11 23:10:16,XBTUSD,long,Limit,87832,2.0656,4.026,1107561520
2020-03-11 23:10:42,XBTUSD,long,Limit,327873,2.0357,4.025,4137101514
2020-03-12 03:11:31,XBTUSD,long,Limit,52891,-2.233,5.602,690915133
2020-03-12 03:16:09,XBTUSD,long,Limit,1447109,-2.3627,5.532,18928185720
2020-03-12 10:57:46,XBTUSD,short,Limit,32361,2.7855,0.031,513698514
2020-03-12 11:03:15,XBTUSD,long,Limit,3000000,-2.6693,0.117,48939000000
2020-03-12 11:04:24,XBTUSD,long,Limit,161066,-3.0536,0.111,2638261080
2020-03-12 11:05:41,XBTUSD,long,Limit,2806573,-0.8202,0.127,45303701366
2020-03-12 11:27:47,XBTUSD,short,Limit,193427,1.6142,0.367,3173556789
2020-03-12 11:49:33,XBTUSD,long,Limit,296169,-4.5119,0.363,5088775758
2020-03-12 11:50:11,XBTUSD,long,Limit,1500000,-4.6345,0.371,25885413607
2020-03-12 11:51:02,XBTUSD,long,Limit,1210404,-2.1565,0.377,20549589061
2020-03-12 11:51:31,XBTUSD,short,Limit,260866,0.7904,0.004,4475845694
2020-03-12 12:26:09,XBTUSD,short,Limit,1500000,1.389,0.11,24570000000
2020-03-12 12:37:41,XBTUSD,long,Limit,51956,-1.25,0.064,876913368
2020-03-12 13:01:34,XBTUSD,long,Limit,1500000,1.7256,0.167,25446000000
2020-03-12 15:04:16,XBTUSD,short,Limit,1500000,0.4963,0.481,24937500000
2020-03-12 15:04:32,XBTUSD,short,Limit,1500000,0.8251,1.241,24958500000
2020-03-12 18:42:39,XBTUSD,short,Limit,424649,1.3531,4.071,7042379016
2020-03-12 18:59:41,XBTUSD,short,Limit,126849,2.0159,4.352,2117617206
2020-03-12 19:04:48,XBTUSD,short,Limit,1373151,1.494,4.028,22809411261
2020-03-12 19:47:19,XBTUSD,short,Limit,139254,1.3047,3.774,2301729366
2020-03-12 20:00:16,XBTUSD,short,Limit,1500000,1.6306,3.672,24897000000
2020-03-12 20:17:33,XBTUSD,short,Limit,1500000,2.005,0.816,25189500000
2020-03-12 20:45:57,XBTUSD,short,Limit,573,5.0615,1.073,9902586
2020-03-12 21:01:43,XBTUSD,long,Limit,553101,-0.9516,0.259,9661015167
2020-03-12 21:56:46,XBTUSD,long,Limit,1500000,1.0988,1.143,25927117918
2020-03-12 22:01:39,XBTUSD,long,Limit,1500000,2.0833,1.036,25967930786
2020-03-12 22:05:52,XBTUSD,long,Limit,427,2.537,0.776,7351159
2020-03-12 22:29:31,XBTUSD,short,Limit,1500000,1.1183,0.335,25929332637
2020-03-12 22:52:38,XBTUSD,short,Limit,1500000,3.1113,0.45,26201729792
2020-03-12 23:02:56,XBTUSD,short,Limit,1500000,1.5057,0.117,26260464390
2020-03-12 23:09:17,XBTUSD,short,Limit,1500000,2.5846,0.202,26478012000
2020-03-12 23:22:49,XBTUSD,short,Limit,1500000,3.3158,0.093,27727574910
2020-03-12 23:26:33,XBTUSD,short,Limit,573,11.2601,0.154,11540793
2020-03-12 23:29:54,XBTUSD,long,Limit,1500000,0.0043,0.055,30211051197
2020-03-12 23:35:59,XBTUSD,long,Limit,760892,2.351,0.112,15867095780
2020-03-12 23:49:23,XBTUSD,long,Limit,507646,-8.981,0.31,11318982862
2020-03-12 23:52:29,XBTUSD,long,Limit,385164,-2.9485,0.364,8074578096
2020-03-12 23:55:53,XBTUSD,long,Limit,550000,-3.0066,0.301,12110562645
2020-03-12 23:58:29,XBTUSD,long,Limit,500000,-0.7224,0.277,10965000000
2020-03-13 00:12:06,XBTUSD,long,Limit,1156598,0.1491,0.404,26098329848
2020-03-13 00:14:41,XBTUSD,long,Limit,300000,2.9545,0.455,6622500000
2020-03-13 00:18:04,XBTUSD,long,Limit,300000,4.1688,0.498,6545305240
2020-03-13 00:18:07,XBTUSD,long,Limit,300000,4.194,0.471,6535800000
2020-03-13 00:18:14,XBTUSD,long,Limit,300000,4.0862,0.469,6535520630
2020-03-13 00:18:28,XBTUSD,long,Limit,300000,4.2452,0.408,6525694832
2020-03-13 00:19:22,XBTUSD,long,Limit,300000,4.8772,0.362,6486372858
2020-03-13 00:19:33,XBTUSD,long,Limit,35000,4.2218,0.364,761504754
2020-03-13 00:31:48,XBTUSD,long,Limit,517,5.3288,0.568,11130493
2020-03-13 00:35:27,XBTH20,long,Limit,300000,8.4249,0.584,6499631531
2020-03-13 00:36:57,XBTUSD,short,Limit,60963,-0.0009,0.07,1311009315
2020-03-13 00:38:16,XBTH20,long,Limit,300000,8.0573,0.631,6521700000
2020-03-13 00:42:48,XBTUSD,short,Limit,300000,1.6534,0.161,6543654985
2020-03-13 00:43:07,XBTUSD,short,Limit,238000,2.6663,0.145,5196524357
2020-03-13 00:45:21,XBTUSD,short,Limit,300000,5.094,0.172,6709935700
2020-03-13 00:45:26,XBTUSD,short,Limit,300000,4.6826,0.157,6696340270
2020-03-13 00:48:31,XBTUSD,short,Limit,1520,7.6915,0.208,35034480
2020-03-13 01:02:07,XBTUSD,long,Limit,480,5.2207,0.227,10514880
2020-03-13 01:05:41,XBTH20,long,Limit,300000,5.4754,1.092,6681465860
2020-03-13 01:54:22,XBTUSD,short,Limit,300000,7.4148,0.871,7100700000
2020-03-13 01:54:53,XBTUSD,short,Limit,300000,8.6401,0.879,7217017990
2020-03-13 01:56:34,XBTUSD,short,Limit,300000,10.786,0.902,7406920435
2020-03-13 01:57:06,XBTUSD,short,Limit,300000,9.4979,0.908,7317366000
2020-03-13 01:57:13,XBTUSD,short,Limit,300000,10.7186,0.876,7372285986
2020-03-13 01:57:28,XBTUSD,short,Limit,300000,10.9102,0.878,7400516264
2020-03-13 01:58:26,XBTUSD,short,Limit,300000,12.0977,0.885,7500000000
2020-03-13 02:01:02,XBTUSD,short,Limit,299520,13.2797,0.919,7582648320
2020-03-13 02:49:08,XBTH20,long,Limit,1482834,10.4074,2.813,31550259018
2020-03-13 03:01:41,XBTH20,long,Limit,355850,7.1177,3.03,7803790500
2020-03-13 03:02:51,XBTH20,long,Limit,490488,13.5572,2.077,10873781762
2020-03-13 03:05:39,XBTH20,long,Limit,322438,21.9065,1.03,7163978979
2020-03-13 03:07:49,XBTH20,long,Limit,500000,24.6106,1.067,10868042392
2020-03-13 03:08:22,XBTH20,long,Limit,448389,25.2716,1.077,9695011546
2020-03-13 03:13:43,XBTUSD,long,Limit,480,23.6709,1.211,9826080
2020-03-13 03:16:08,XBTUSD,short,Limit,1000,1.74,0.04,20833000
2020-03-13 03:43:07,XBTUSD,short,Limit,300000,-1.4511,0.49,6048300000
2020-03-13 03:43:13,XBTUSD,short,Limit,300000,-1.8552,0.431,6097500000
2020-03-13 03:43:31,XBTUSD,short,Limit,300000,2.3471,0.4,6143606923
2020-03-13 03:43:46,XBTUSD,short,Limit,300000,3.1346,0.321,6194147743
2020-03-13 03:43:52,XBTUSD,short,Limit,300000,3.0817,0.289,6144959681
2020-03-13 03:45:08,XBTUSD,short,Limit,300000,5.4819,0.267,6249900000
2020-03-13 03:46:07,XBTUSD,short,Limit,425000,6.4515,0.243,8891425000
2020-03-13 03:47:56,XBTUSD,short,Limit,259,8.1155,0.267,5498829
2020-03-13 03:54:09,XBTUSD,long,Limit,300000,0.3932,0.102,6344464740
2020-03-13 03:54:19,XBTUSD,long,Limit,300000,0.6453,0.098,6336461883
2020-03-13 03:57:41,XBTUSD,long,Limit,300000,1.5336,0.145,6302400000
2020-03-13 03:58:00,XBTUSD,long,Limit,1000000,1.9395,0.119,21052832993
2020-03-13 05:00:56,XBTUSD,long,Limit,300000,-6.0503,1.016,6829374192
2020-03-13 05:01:07,XBTUSD,long,Limit,300000,-5.7989,1.006,6818100000
2020-03-13 05:02:17,XBTUSD,long,Limit,300000,-4.0901,1.024,6710980947
2020-03-13 05:02:23,XBTUSD,long,Limit,300000,-2.7916,1.013,6711300000
2020-03-13 05:02:48,XBTUSD,long,Limit,300000,2.0869,0.199,6681600000
2020-03-13 05:03:00,XBTUSD,long,Limit,300000,1.8373,0.122,6687016079
2020-03-13 05:03:12,XBTUSD,long,Limit,300000,2.8069,0.117,6674359689
2020-03-13 05:07:58,XBTUSD,long,Limit,25952,6.0412,0.196,560044160
2020-03-13 05:14:28,XBTUSD,short,Limit,250000,1.211,0.108,5458500000
2020-03-13 05:14:28,XBTUSD,short,Limit,250000,1.4228,0.108,5470500000
2020-03-13 05:14:36,XBTUSD,short,Limit,250000,1.1716,0.117,5458500000
2020-03-13 05:14:50,XBTUSD,short,Limit,120000,0.7435,0.113,2608680000
2020-03-13 05:29:32,XBTUSD,short,Limit,2300000,-3.4151,0.126,47020116053
2020-03-13 05:30:28,XBTUSD,short,Limit,700000,-2.5105,0.105,14390703906
2020-03-13 05:31:46,XBTUSD,short,Limit,29110,-1.5556,0.114,603545256
2020-03-13 05:35:36,XBTUSD,long,Limit,300000,0.2066,0.04,6263100000
2020-03-13 05:36:12,XBTUSD,long,Limit,300000,1.6852,0.045,6224100000
2020-03-13 05:41:38,XBTUSD,long,Limit,890,2.384,0.135,18339340
2020-03-13 05:58:42,XBTUSD,short,Limit,500000,2.7441,0.284,10593000000
2020-03-13 05:58:56,XBTUSD,short,Limit,500000,2.8866,0.288,10615500000
2020-03-13 06:00:14,XBTUSD,short,Limit,500000,2.9151,0.31,10615500000
2020-03-13 06:02:41,XBTUSD,short,Limit,500000,3.3701,0.246,10661000000
2020-03-13 13:50:50,XBTUSD,short,Limit,500000,-17.3554,8.003,8803000000
2020-03-13 13:58:49,XBTUSD,short,Limit,500000,-13.5484,8.02,9141000000
2020-03-13 14:30:55,XBTUSD,short,Limit,284692,-19.2856,8.322,5003524133
2020-03-13 14:44:15,XBTUSD,short,Limit,500000,-17.0947,8.503,8852888187
2020-03-13 14:45:47,XBTUSD,short,Limit,48000,-16.9772,8.523,849552000
2020-03-13 14:50:10,XBTUSD,short,Limit,500000,-15.1721,8.595,8987988038
2020-03-13 14:54:11,XBTUSD,short,Limit,500000,-12.2279,8.555,9144617505
2020-03-13 14:54:51,XBTUSD,short,Limit,500000,-11.6423,8.423,9141000000
2020-03-13 14:56:51,XBTUSD,short,Limit,500000,-7.2972,8.244,9434213267
2020-03-13 14:58:01,XBTUSD,short,Limit,181764,-4.3599,7.813,3422979648
2020-03-13 15:04:51,XBTUSD,short,Limit,500000,10.6384,0.731,9703762005
2020-03-13 15:30:15,XBTUSD,short,Limit,500000,8.1623,0.89,9671000000
2020-03-13 15:30:17,XBTUSD,short,Limit,500000,4.0571,0.504,9690000000
2020-03-13 15:31:23,XBTUSD,short,Limit,500000,2.0972,0.403,9782611144
2020-03-13 15:33:33,XBTUSD,short,Limit,477,4.5977,0.439,9578160
2020-03-13 15:34:30,XBTUSD,long,Limit,499523,1.8072,0.016,9852591652
2020-03-13 15:56:46,XBTUSD,short,Limit,500000,0.1927,0.035,9727500000
2020-03-13 15:57:04,XBTUSD,short,Limit,500000,0.5812,0.04,9746500000
2020-03-13 16:03:07,XBTUSD,short,Limit,500000,1.7406,0.134,9842500000
2020-03-13 16:03:09,XBTUSD,short,Limit,500000,2.1234,0.135,9862000000
2020-03-13 16:23:25,XBTUSD,short,Limit,330000,-0.7783,0.13,6382860000
2020-03-13 16:47:47,XBTUSD,short,Limit,500000,-2.1871,0.535,9525761261
2020-03-13 16:47:52,XBTUSD,short,Limit,500000,-1.4911,0.533,9560000000
2020-03-13 16:47:52,XBTUSD,short,Limit,500000,-0.523,0.489,9578500000
2020-03-13 16:48:11,XBTUSD,short,Limit,500000,0.0614,0.47,9581719636
2020-03-13 16:48:33,XBTUSD,short,Limit,500000,0.238,0.279,9597000000
2020-03-13 16:52:59,XBTUSD,short,Limit,500000,1.8251,0.334,9708500000
2020-03-13 17:02:17,XBTUSD,short,Limit,500000,4.1502,0.458,9842500000
2020-03-13 18:06:56,XBTUSD,short,Limit,500000,6.5412,1.369,10000000000
2020-03-13 18:07:16,XBTUSD,short,Limit,500000,3.3044,1.015,10040000000
2020-03-13 18:09:31,XBTUSD,short,Limit,500000,4.2466,0.788,10080500000
2020-03-13 18:49:51,XBTUSD,short,Limit,1500000,8.2896,1.383,31453259004
2020-03-14 18:04:23,XBTH20,long,Limit,1000000,1.7308,5.995,18904000000
2020-03-15 10:26:29,XBTUSD,short,Limit,500000,-5.2514,38.743,9242000908
2020-03-15 10:29:10,XBTUSD,short,Limit,500000,-5.0584,38.772,9259500000
2020-03-15 17:40:51,XBTUSD,short,Limit,500000,-2.9875,45.955,9354500000
2020-03-15 17:44:46,XBTUSD,short,Limit,13807,-2.7924,46.018,258801937
2020-03-15 17:46:14,XBTUSD,short,Limit,486193,-3.1792,46.043,9079168082
2020-03-15 21:23:50,XBTUSD,short,Limit,620000,-5.4397,49.619,11222000000
2020-03-15 21:24:08,XBTUSD,short,Limit,38000,-4.4847,49.624,694070000
2020-03-15 21:51:23,XBTUSD,short,Limit,96906,-7.5382,50.078,1719693876
2020-03-15 22:00:18,XBTUSD,short,Limit,500000,-9.7658,30.052,8561500000
2020-03-15 22:00:32,XBTUSD,short,Limit,1000000,-8.0678,6.451,17346000000
2020-03-15 22:00:59,XBTUSD,short,Limit,1000000,-8.5987,7.869,17227000000
2020-03-15 22:01:16,XBTUSD,short,Limit,1000000,-8.0067,1.081,17393471421
2020-03-15 22:01:51,XBTUSD,short,Limit,405000,-4.2276,0.647,6989309068
2020-03-15 22:07:19,XBTUSD,short,Limit,88,-4.138,0.711,1550648
2020-03-15 22:09:23,XBTUSD,long,Limit,999912,0.793,0.037,17481461496
2020-03-15 22:17:39,XBTUSD,short,Limit,88,4.0822,0.135,1603976
2020-03-15 22:19:22,XBTUSD,long,Limit,309265,0.8668,0.029,5582542515
2020-03-15 22:21:04,XBTUSD,long,Limit,13395,0.2,0.057,243105855
2020-03-15 22:21:46,XBTUSD,long,Limit,241185,-0.1695,0.069,4393184775
2020-03-15 22:22:17,XBTUSD,long,Limit,435000,-0.323,0.077,7934715930
2020-03-15 22:27:51,XBTUSD,long,Limit,1067,-2.3273,0.17,19862205
2020-03-16 05:37:26,XBTUSD,short,Limit,180760,3.2648,6.412,3466842796
2020-03-16 05:42:26,XBTUSD,short,Limit,819240,2.7829,6.515,15634376160
2020-03-16 05:45:35,XBTUSD,short,Limit,1000000,3.1523,6.54,19120915998
2020-03-16 05:50:08,XBTUSD,short,Limit,298794,4.4386,6.612,5779462922
2020-03-16 05:50:48,XBTUSD,short,Limit,701206,4.5356,6.631,13577005955
2020-03-16 06:08:21,XBTUSD,short,Limit,202577,0.2417,0.045,4104817751
2020-03-16 06:09:01,XBTUSD,short,Limit,1000000,-0.1006,0.02,20182000000
2020-03-16 06:13:48,XBTUSD,short,Limit,1000000,-0.2207,0.076,20060000000
2020-03-16 07:29:28,XBTUSD,short,Limit,1000000,1.9933,1.285,20422757369
2020-03-16 07:33:34,XBTUSD,short,Limit,742000,2.0105,0.468,15112346560
2020-03-16 07:47:30,XBTUSD,short,Limit,62000,1.2317,0.027,1270524704
2020-03-16 08:18:33,XBTUSD,short,Limit,1000000,0.7236,0.177,20790000000
2020-03-16 10:04:36,XBTUSD,short,Limit,1000000,8.0523,1.205,22173000000
2020-03-16 10:04:36,XBTUSD,short,Limit,625,7.8491,1.204,13827500
2020-03-16 11:28:14,XBTUSD,long,Limit,999375,0.6453,1.394,21968306886
2020-03-16 12:21:49,XBTUSD,short,Limit,1000000,-1.4599,0.204,21449855128
2020-03-16 12:23:31,XBTUSD,short,Limit,1000000,4.4483,0.225,21668000000
2020-03-16 13:02:35,XBTUSD,short,Limit,1000000,1.6855,0.813,21188119794
2020-03-16 13:11:03,XBTUSD,short,Limit,1000000,3.5503,0.909,21505000000
2020-03-16 13:16:31,XBTUSD,short,Limit,1000000,0.8561,0.845,21613298736
2020-03-16 13:27:05,XBTUSD,short,Limit,1000000,3.2873,0.78,21786000000
2020-03-16 13:27:34,XBTUSD,short,Limit,219634,2.142,0.286,4785426577
2020-03-16 13:40:09,XBTUSD,short,Limit,239197,0.0536,0.145,5158405067
2020-03-16 13:43:15,XBTUSD,short,Limit,1000000,1.3179,0.195,21782542296
2020-03-16 14:04:42,XBTUSD,short,Limit,1000000,-1.4864,0.524,20964000000
2020-03-16 14:37:38,XBTUSD,short,Limit,1000000,-0.9025,0.175,19960000000
2020-03-16 14:51:22,XBTUSD,short,Limit,1000000,2.461,0.265,20284000000
2020-03-16 16:17:29,XBTUSD,short,Limit,1000000,0.0996,0.966,19900000000
2020-03-17 03:11:53,XBTUSD,short,Limit,1000000,-5.822,5.187,18975000000
2020-03-17 04:23:54,XBTUSD,short,Limit,135051,-5.3364,5.682,2582175120
2020-03-17 09:39:23,XBTUSD,short,Limit,18003,-4.431,10.937,347205858
2020-03-17 09:53:48,XBTUSD,short,Limit,1000000,0.1912,7.535,19084000000
2020-03-17 09:54:29,XBTUSD,short,Limit,28614,1.7824,6.241,546584628
2020-03-17 11:34:00,XBTUSD,short,Limit,1000000,1.2379,6.726,19029000000
2020-03-17 13:19:49,XBTUSD,short,Limit,1000000,0.4472,3.185,19011000000
2020-03-17 13:56:09,XBTUSD,short,Limit,59072,4.0494,2.857,1160528512
2020-03-17 14:00:51,XBTUSD,short,Limit,807009,4.3355,2.916,15901305336
2020-03-17 14:01:36,XBTUSD,short,Limit,130189,4.147,2.927,2560296874
2020-03-17 14:08:59,XBTUSD,short,Limit,3730,3.1103,3.045,72567150
2020-03-17 14:32:57,XBTUSD,short,Limit,1000000,1.1837,1.285,19175000000
2020-03-17 21:17:04,XBTUSD,short,Limit,37164,-2.9479,7.99,685044012
2020-03-18 00:13:30,XBTUSD,short,Limit,1000000,-1.0382,10.902,18815000000
2020-03-18 07:48:43,XBTUSD,short,Limit,1000000,0.0131,17.467,19417000000
2020-03-18 14:34:06,XBTUSD,short,Limit,167333,-0.064,14.093,3119711051
2020-03-18 14:34:42,XBTUSD,short,Limit,1000000,-0.512,12.994,18619449327
2020-03-18 14:35:14,XBTUSD,short,Limit,1000000,-2.3982,7.3,18610903858
2020-03-18 14:35:21,XBTUSD,short,Limit,275942,-3.6143,6.203,5136052757
2020-03-18 14:35:55,XBTUSD,short,Limit,557000,-3.4731,6.213,10381923000
2020-03-18 20:12:09,XBTUSD,short,Limit,3000000,-2.7102,3.084,55910796927
2020-03-19 03:08:02,XBTUSD,short,Limit,241604,1.1178,3.941,4580087028
2020-03-19 03:10:02,XBTUSD,short,Limit,758396,1.3979,2.413,14336717984
2020-03-19 03:10:44,XBTUSD,short,Limit,179829,1.557,2.424,3402544509
2020-03-19 03:56:24,XBTUSD,short,Limit,63400,1.3966,3.184,1197372400
2020-03-19 13:54:51,XBTUSD,short,Limit,807000,-8.9385,13.154,13794858000
2020-03-19 13:55:33,XBTUSD,short,Limit,1000000,-8.7442,13.03,17109000000
2020-03-19 14:01:20,XBTUSD,short,Limit,529,-8.5581,13.001,9066002
2020-03-19 15:25:50,XBTUSD,long,Limit,1000000,1.9821,0.888,16862264818
2020-03-19 15:51:10,XBTUSD,long,Limit,471,2.0808,1.201,7934466
2020-03-19 16:30:18,XBTUSD,short,Limit,1000000,0.4781,0.062,16103000000
2020-03-19 18:02:53,XBTUSD,short,Limit,1000000,-1.2888,1.148,15949000000
2020-03-19 18:05:55,XBTUSD,short,Limit,149316,-0.3232,1.084,2396671116
2020-03-19 18:06:51,XBTUSD,short,Limit,850684,-0.6441,1.098,13610944000
2020-03-19 18:08:28,XBTUSD,short,Limit,1000000,0.4797,1.113,16077000000
2020-03-19 18:08:44,XBTUSD,short,Limit,529,1.04,1.118,8552872
2020-03-19 18:09:23,XBTUSD,long,Limit,1000000,0.5657,0.015,16077000000
2020-03-19 18:15:06,XBTUSD,long,Limit,471,1.0395,0.101,7512450
2020-03-19 18:36:45,XBTUSD,short,Limit,1000000,0.4793,0.289,16051000000
2020-03-19 19:01:31,XBTUSD,short,Limit,529,2.1565,0.697,8636983
2020-03-19 19:07:41,XBTUSD,long,Limit,1000000,0.661,0.095,16207000000
2020-03-19 19:07:53,XBTUSD,long,Limit,471,0.7341,0.091,7627374
2020-03-20 01:30:51,XBTUSD,short,Limit,1204984,1.6964,6.295,19835241624
2020-03-20 01:45:57,XBTUSD,short,Limit,1500000,1.3477,6.094,24529500000
2020-03-20 08:50:39,XBTUSD,short,Limit,1346000,-5.9425,9.712,20347482000
2020-03-20 09:15:37,XBTUSD,short,Limit,639003,-6.2099,9.205,9616356147
2020-03-20 09:19:53,XBTUSD,short,Limit,951840,-6.4952,9.243,14277869097
2020-03-20 09:25:58,XBTUSD,short,Limit,687409,-6.5569,8.841,10368399486
2020-03-20 09:27:05,XBTUSD,short,Limit,1500000,-7.4157,7.756,22698251855
2020-03-20 09:27:52,XBTUSD,short,Limit,220000,-7.1255,7.522,3325740000
2020-03-20 09:35:44,XBTUSD,short,Limit,394992,-7.2874,7.653,5962009248
2020-03-20 09:40:41,XBTUSD,short,Limit,118084,-7.8543,7.74,1773031260
2020-03-20 09:41:10,XBTUSD,short,Limit,568064,-3.4574,4.025,8535729664
2020-03-20 09:45:01,XBTUSD,short,Limit,1500000,-0.1865,0.968,22557000000
2020-03-20 09:45:40,XBTUSD,short,Limit,420654,0.0177,0.954,6336084976
2020-03-20 17:00:14,XBTUSD,short,Limit,1000000,5.5066,6.328,15504000000
2020-03-20 17:00:22,XBTUSD,short,Limit,1000000,5.6955,6.168,15516000000
2020-03-20 17:00:52,XBTUSD,short,Limit,1000000,5.73,6.16,15528000000
2020-03-20 18:41:06,XBTUSD,short,Limit,24393,9.1618,7.826,393448922
2020-03-20 20:35:42,XBTUSD,long,Limit,1000000,-5.7985,1.912,17122343680
2020-03-20 20:36:35,XBTUSD,long,Limit,1000000,-5.2782,1.917,17036000000
2020-03-20 20:36:48,XBTUSD,long,Limit,1000000,-2.6883,0.529,16944193301
2020-03-20 21:04:23,XBTUSD,long,Limit,5607,-0.5771,0.981,92986488
2020-03-21 00:28:44,XBTUSD,short,Limit,1000000,-1.0421,3.403,16412481923
2020-03-21 00:28:56,XBTUSD,short,Limit,1000000,-0.9614,2.956,16398239228
2020-03-21 00:28:59,XBTUSD,short,Limit,93384,-0.8189,2.956,1530984802
2020-03-21 01:25:17,XBTUSD,short,Limit,10000,-3.4711,3.894,159740000
2020-03-21 01:39:03,XBTUSD,short,Limit,95115,-2.6446,4.123,1531636845
2020-03-21 03:10:37,XBTUSD,short,Limit,1000000,-2.0821,4.854,16077000000
2020-03-21 03:10:59,XBTUSD,short,Limit,1000000,0.7784,1.482,16090000000
2020-03-21 03:22:31,XBTUSD,short,Limit,1000000,1.746,1.356,16155000000
2020-03-21 08:27:34,XBTUSD,short,Limit,16462,4.0952,6.43,272462562
2020-03-21 09:35:04,XBTUSD,long,Limit,1000000,1.0281,0.069,16779000000
2020-03-21 15:01:19,XBTUSD,long,Limit,538,5.0,5.506,8684396
2020-03-21 15:28:49,XBTUSD,short,Limit,1000000,0.8856,0.437,16247000000
2020-03-21 16:44:03,XBTUSD,short,Limit,1000000,1.0458,1.063,16260000000
2020-03-21 16:56:42,XBTUSD,short,Limit,1000000,1.4457,1.126,16300000000
2020-03-21 16:58:09,XBTUSD,short,Limit,1000000,1.6051,1.115,16313000000
2020-03-21 17:57:23,XBTUSD,short,Limit,462,2.5281,2.095,7608216
2020-03-21 18:29:19,XBTUSD,long,Limit,638000,2.3239,0.385,10282008000
2020-03-21 18:34:06,XBTUSD,long,Limit,1000000,2.4712,0.409,16077000000
2020-03-21 19:32:31,XBTUSD,long,Limit,715,2.3723,1.361,11506495
2020-03-21 21:16:19,XBTUSD,short,Limit,1000000,-1.4388,0.594,15613000000
2020-03-21 21:16:28,XBTUSD,short,Limit,1000000,-1.2666,0.582,15625000000
2020-03-21 21:16:33,XBTUSD,short,Limit,1000000,-1.166,0.574,15628315669
2020-03-21 21:43:02,XBTUSD,short,Limit,1000000,2.6289,0.594,15974000000
2020-03-21 21:48:09,XBTUSD,short,Limit,1000000,4.1542,0.671,16209450750
2020-03-21 21:48:21,XBTUSD,short,Limit,1000000,4.0911,0.673,16194000000
2020-03-22 06:31:15,XBTUSD,short,Limit,139919,-1.8454,8.141,2210440362
2020-03-22 06:56:13,XBTUSD,short,Limit,1000000,-1.6828,8.466,15860000000
2020-03-22 12:04:27,XBTUSD,short,Limit,2000000,3.208,13.245,33250000000
2020-03-22 12:04:29,XBTUSD,short,Limit,1000000,4.8332,8.442,16625000000
2020-03-22 18:33:39,XBTUSD,short,Limit,2000000,6.3592,14.725,33757305243
2020-03-22 18:43:58,XBTUSD,short,Limit,1000000,5.6746,12.374,16681075387
2020-03-22 20:01:35,XBTUSD,short,Limit,1000,8.3084,13.566,17161000
2020-03-22 20:02:01,XBTUSD,short,Limit,8245,8.582,13.573,141922481
2020-03-22 20:02:55,XBTUSD,long,Limit,8617,0.1033,0.015,148186549
2020-03-22 20:03:10,XBTUSD,long,Limit,450300,-0.0384,0.02,7768526826
2020-03-22 21:02:55,XBTUSD,long,Limit,532000,3.1385,1.024,8888526590
2020-03-22 21:14:52,XBTUSD,long,Limit,838,3.8038,1.214,13894878
2020-03-22 21:17:04,XBTUSD,short,Limit,440756,0.5865,0.051,7352250836
2020-03-22 21:22:29,XBTUSD,short,Limit,266,0.8624,0.119,4449648
2020-03-22 21:31:01,XBTUSD,long,Limit,1000000,0.7276,0.131,16607036759
2020-03-22 21:35:04,XBTUSD,long,Limit,734,1.0284,0.184,12149168
2020-03-22 21:56:05,XBTUSD,short,Limit,1000000,-0.5577,0.35,16461000000
2020-03-22 21:56:08,XBTUSD,short,Limit,1000000,-0.2955,0.343,16474000000
2020-03-22 21:57:09,XBTUSD,short,Limit,1000000,-0.1653,0.346,16488000000
2020-03-22 22:00:26,XBTUSD,short,Limit,1000000,0.6273,0.296,16592106242
2020-03-22 22:00:39,XBTUSD,short,Limit,1000000,0.8236,0.297,16611000000
2020-03-22 22:00:41,XBTUSD,short,Limit,1000000,0.998,0.285,16625000000
2020-03-22 22:05:41,XBTUSD,short,Limit,1000,1.3169,0.364,16681000
2020-03-22 22:05:46,XBTUSD,short,Limit,333,1.2675,0.366,5551776
2020-03-22 22:54:34,XBTUSD,long,Limit,637730,-1.4179,0.767,10790391600
2020-03-22 23:02:34,XBTUSD,long,Limit,330912,-1.5847,0.814,5608627488
2020-03-22 23:05:11,XBTUSD,long,Limit,1000000,-1.8546,0.827,17064813996
2020-03-22 23:05:59,XBTUSD,long,Limit,29594,-1.7588,0.837,504577700
2020-03-22 23:40:16,XBTUSD,long,Limit,1000000,-2.4999,1.088,17212000000
2020-03-23 03:42:16,XBTUSD,long,Limit,606718,1.9691,2.016,10118459741
2020-03-23 03:42:53,XBTUSD,long,Limit,116928,1.7857,2.013,1953633024
2020-03-23 12:30:26,XBTUSD,long,Limit,1000000,6.5615,10.689,15969210553
2020-03-23 12:30:31,XBTUSD,long,Limit,1000000,6.6288,10.64,15972570064
2020-03-23 12:31:39,XBTUSD,long,Limit,1000000,7.0483,6.27,15936000000
2020-03-23 13:26:19,XBTUSD,long,Limit,785,7.5579,5.477,12437540
2020-03-23 13:38:08,XBTUSD,short,Limit,302000,0.8799,0.057,4870958000
2020-03-23 14:03:58,XBTUSD,short,Limit,1000000,-0.2414,0.363,16064000000
2020-03-23 14:18:26,XBTUSD,short,Limit,1000000,-1.1272,0.537,15924000000
2020-03-24 00:41:58,XBTUSD,short,Limit,1000000,-5.9561,10.935,15186000000
2020-03-24 01:21:02,XBTUSD,short,Limit,1000000,-5.1117,11.482,15222135000
2020-03-24 07:49:37,XBTUSD,short,Limit,299491,-4.2951,17.684,4569034696
2020-03-24 07:50:59,XBTUSD,short,Limit,1000000,-4.5348,17.864,15244000000
2020-03-25 00:05:38,XBTUSD,short,Limit,1000000,-4.4802,28.456,14925000000
2020-03-25 10:43:47,XBTUSD,short,Limit,1000000,2.4523,26.39,15140000000
2020-03-26 13:34:24,XBTUSD,short,Limit,80889,3.5671,49.691,1238734146
2020-03-27 00:56:51,XBTUSD,short,Limit,761415,-1.065,61.006,11151228042
2020-03-27 01:00:28,XBTUSD,short,Limit,193842,-1.4027,61.064,2829995905
2020-03-27 01:01:15,XBTUSD,short,Limit,44743,-1.4804,61.077,652710884
2020-03-27 01:05:45,XBTUSD,short,Limit,1000000,-1.1606,59.548,14619000000
2020-03-27 01:07:08,XBTUSD,short,Limit,1000000,-0.0348,39.721,14631000000
2020-03-27 12:20:56,XBTUSD,short,Limit,1000000,-0.3999,48.543,15015000000
2020-03-28 00:02:24,XBTUSD,short,Limit,1000000,6.9996,43.62,15975414046
2020-03-28 03:36:46,XBTUSD,short,Limit,1000000,6.8627,37.988,16287000000
2020-03-28 03:36:52,XBTUSD,short,Limit,1000000,8.2999,22.633,16338464686
2020-03-28 10:14:31,XBTUSD,short,Limit,1000000,6.7372,29.158,16051000000
2020-03-28 22:57:50,XBTUSD,short,Limit,1000000,6.4691,41.952,16077000000
2020-03-29 15:17:35,XBTUSD,short,Limit,1000000,3.3613,39.594,16304000000
2020-03-29 15:22:32,XBTUSD,short,Limit,1000000,3.5553,39.442,16316000000
2020-03-30 01:48:19,XBTUSD,short,Limit,1000000,4.1924,45.159,16869448730
2020-03-30 02:06:27,XBTUSD,short,Limit,3000000,4.8101,42.457,50454141876
2020-03-30 02:06:39,XBTUSD,short,Limit,6000,5.3264,40.941,100914000
2020-03-30 17:57:19,XBTUSD,short,Limit,315,-1.2341,56.785,4954635
2020-03-31 00:41:13,XBTUSD,long,Limit,685,1.7774,6.732,10586675
2020-03-31 03:05:30,XBTUSD,short,Limit,1000000,0.6998,2.403,15552000000
2020-03-31 04:01:33,XBTUSD,short,Limit,172519,0.7097,2.676,2685554348
2020-03-31 04:06:53,XBTUSD,short,Limit,1643696,0.4887,2.699,25519837839
2020-03-31 04:08:38,XBTUSD,short,Limit,183785,0.3089,2.669,2847197220
2020-03-31 12:46:59,XBTUSD,short,Limit,3000000,1.4911,3.485,47062943762
2020-04-02 17:03:30,XBTUSD,short,Limit,848034,-12.5864,34.178,11943952311
2020-04-02 17:03:35,XBTUSD,short,Limit,1000000,-12.8894,34.171,14033152986
2020-04-02 17:03:55,XBTUSD,short,Limit,1000000,-13.2538,34.177,13984622011
2020-04-02 17:04:02,XBTUSD,short,Limit,1000000,-7.8845,19.879,14015974992
2020-04-02 17:04:42,XBTUSD,short,Limit,1000000,-8.2274,5.225,13879000000
2020-04-02 17:05:31,XBTUSD,short,Limit,1000000,-7.0557,2.484,13831000000
2020-04-02 17:05:43,XBTUSD,short,Limit,1000000,-6.5317,2.386,13863565699
2020-04-02 17:06:08,XBTUSD,short,Limit,1000000,-5.8408,2.244,13903565849
2020-04-02 17:09:38,XBTUSD,short,Limit,1000000,-4.3687,1.297,13964127776
2020-04-02 17:12:03,XBTUSD,short,Limit,1000000,-3.4499,1.161,14065745472
2020-04-02 17:12:13,XBTUSD,short,Limit,152000,-3.4342,1.164,2138488000
2020-04-02 18:03:22,XBTUSD,short,Limit,1000000,1.5406,0.827,14235000000
2020-04-02 19:00:20,XBTUSD,short,Limit,1000000,0.2959,0.065,14771000000
2020-04-02 19:00:38,XBTUSD,short,Limit,1000000,0.4415,0.065,14782000000
2020-04-02 19:01:31,XBTUSD,short,Limit,358000,0.7058,0.076,5301980000
2020-04-06 08:14:06,XBTUSD,short,Limit,3000000,-3.7383,85.088,42367047650
2020-04-06 08:27:54,XBTUSD,short,Limit,3000000,-3.2247,85.002,42392578730
2020-04-07 21:27:27,XBTUSD,short,Limit,2479678,0.9111,27.568,34751592952
2020-04-08 16:48:33,XBTUSD,short,Limit,56146,-1.6032,46.88,767010506
2020-04-08 16:54:05,XBTUSD,short,Limit,23242,-1.5338,46.969,317741382
2020-04-08 16:55:21,XBTUSD,short,Limit,1000000,-1.9463,32.225,13671000000
2020-04-08 16:56:56,XBTUSD,short,Limit,152971,-2.2377,20.588,2091878425
2020-04-08 16:57:39,XBTUSD,short,Limit,1000000,-2.3077,20.594,13674000000
2020-04-08 17:18:53,XBTUSD,short,Limit,767000,-2.5892,20.951,10464181000
2020-04-09 01:42:56,XBTUSD,short,Limit,1000000,-1.1846,22.997,13677612058
2020-04-10 05:12:12,XBTUSD,short,Limit,1000000,4.5827,43.393,14337000000
2020-04-10 05:14:28,XBTUSD,short,Limit,1000000,4.7163,43.207,14347000000
2020-04-10 05:15:01,XBTUSD,short,Limit,1000000,5.0833,43.153,14358000000
2020-04-10 15:51:16,XBTUSD,short,Limit,1000000,7.2647,53.762,14695000000
2020-04-10 19:52:16,XBTUSD,short,Limit,1000000,6.0668,57.598,14514000000
2020-04-10 19:52:31,XBTUSD,short,Limit,639488,6.0112,55.612,9294958080
2020-04-10 22:50:10,XBTUSD,short,Limit,142648,6.4957,58.559,2084083417
2020-04-12 12:24:37,XBTUSD,short,Limit,5218000,3.9082,67.392,75690240093
2020-04-12 17:47:16,XBTUSD,short,Limit,1525586,-2.5849,47.203,21495088863
2020-04-13 14:00:16,XBTUSD,short,Limit,1035987,4.3384,67.42,15657822745
2020-04-13 14:02:02,XBTUSD,short,Limit,785728,5.3238,46.551,11845070412
2020-04-13 14:05:29,XBTUSD,short,Limit,2178285,2.7597,17.058,32439020220
2020-04-13 19:46:06,XBTUSD,short,Limit,3000000,-2.2191,19.091,44080862645
2020-04-14 10:25:26,XBTUSD,short,Limit,3000000,-3.1527,33.741,43734337043
2020-04-15 00:12:55,XBTUSD,short,Limit,3000000,0.9614,20.199,43881476660
2020-04-16 07:10:55,XBTUSD,short,Limit,3000000,-2.7729,19.046,43411128346
2020-04-16 10:37:56,XBTUSD,short,Limit,695,-3.8155,22.486,9958655
2020-04-16 12:57:23,XBTUSD,long,Limit,3000000,1.5527,2.131,42429131692
2020-04-20 10:32:09,XBTUSD,long,Limit,768,1.8808,95.692,10822656
2020-04-20 18:00:54,XBTUSD,short,Limit,3000000,2.5942,0.716,43875554549
2020-04-20 18:01:01,XBTUSD,short,Limit,209804,2.3849,0.713,3065689020
2020-04-21 17:55:39,XBTUSD,short,Limit,2790428,1.4768,24.622,40393227991
2020-04-21 17:55:57,XBTUSD,long,Limit,209000,0.0362,0.006,3024648000
2020-04-22 17:51:57,XBTUSD,long,Limit,572,2.8737,23.938,8049756
2020-04-22 18:46:18,XBTUSD,short,Limit,2000000,-0.3351,0.889,28080000000
2020-04-22 18:53:21,XBTUSD,short,Limit,2000000,-0.2978,1.003,28100000000
2020-04-22 18:53:37,XBTUSD,short,Limit,2000000,-0.1165,1.009,28133684713
2020-04-25 16:16:49,XBTUSD,short,Limit,6000000,-0.1681,0.153,79568334846
2020-04-25 21:19:29,XBTUSD,short,Limit,428,-0.1729,5.193,5681700
2020-04-26 11:00:31,XBTUSD,long,Limit,1000,1.4914,8.293,13038000
2020-04-26 15:08:34,XBTUSD,long,Limit,2759645,0.5242,5.155,36175880661
2020-04-26 15:09:28,XBTUSD,long,Limit,2510101,-0.0764,4.888,33091086933
2020-04-26 15:10:38,XBTUSD,long,Limit,730826,-0.9799,4.777,9711353634
2020-04-26 18:44:10,XBTUSD,short,Limit,4000000,-1.1279,3.462,52481972824
2020-04-26 18:45:43,XBTUSD,short,Limit,1000,-0.9013,3.277,13135000
2020-04-26 18:45:51,XBTUSD,short,Limit,8826,-0.9013,3.279,115929510
2020-04-27 01:45:36,XBTUSD,long,Limit,2800748,1.0631,4.74,36399132953
2020-04-27 01:52:11,XBTUSD,long,Limit,199000,1.2484,3.781,2582821000
2020-04-27 01:52:12,XBTUSD,long,Limit,1000000,1.3149,3.777,12979000000
2020-04-27 01:52:32,XBTUSD,long,Limit,1000000,1.4415,3.923,12970000000
2020-04-27 02:02:43,XBTUSD,long,Limit,1000000,1.255,3.938,12987000000
2020-04-27 07:45:00,XBTUSD,long,Stop,1,1.1645,9.604,13006
2020-04-27 19:31:49,XBTUSD,long,Limit,1000000,0.0006,13.381,12962000000
2020-04-27 19:32:17,XBTUSD,long,Limit,1836824,0.0726,13.371,23788541635
2020-04-27 19:34:00,XBTUSD,long,Limit,129698,-0.0454,13.405,1682701852
2020-04-27 19:38:18,XBTUSD,long,Limit,2013429,-0.0832,13.471,26132060704
2020-04-27 19:42:04,XBTUSD,long,Limit,1020000,-0.161,13.456,13242660000
2020-04-28 11:53:12,XBTUSD,long,Limit,474,0.4018,29.622,6119340
2020-04-29 02:36:23,XBTUSD,short,Limit,572737,-0.4074,0.457,7343061077
2020-04-29 02:37:17,XBTUSD,short,Limit,1402469,-0.4796,0.453,17975363526
2020-04-29 02:38:51,XBTUSD,short,Limit,1000000,-0.6119,0.483,12812000000
2020-04-29 02:39:51,XBTUSD,short,Limit,664000,-0.7097,0.493,8507168000
2020-04-29 02:51:52,XBTUSD,short,Limit,367240,-0.123,0.118,4705078880
2020-04-29 06:39:21,XBTUSD,short,Limit,683,-1.7831,3.897,8607849
2020-04-29 10:13:08,XBTUSD,long,Limit,1139696,1.5668,2.95,14090769408
2020-04-29 10:28:34,XBTUSD,long,Limit,4867447,2.4119,3.121,59763604367
2020-04-29 13:10:09,XBTUSD,long,Limit,652,4.4214,5.779,7853992
2020-04-29 14:06:53,XBTUSD,short,Limit,4000000,-0.0346,0.933,48130829057
2020-04-29 21:02:06,XBTUSD,short,Limit,500000,-3.2807,4.363,5669000000
2020-04-29 22:29:50,XBTUSD,short,Limit,4000000,-1.432,5.284,45915070490
2020-04-30 09:50:51,XBTUSD,short,Limit,2000000,2.0268,6.692,22806000000
2020-04-30 09:50:57,XBTUSD,short,Limit,2000000,2.2626,6.709,22844000000
2020-04-30 09:53:36,XBTUSD,short,Limit,765026,3.1914,6.397,8698345620
2020-04-30 09:54:25,XBTUSD,short,Limit,1235000,2.9734,6.423,14010083293
2020-04-30 11:21:44,XBTUSD,short,Limit,55657,-1.5569,1.313,627569877
2020-04-30 11:22:11,XBTUSD,short,Limit,101830,-1.6009,1.283,1148031420
2020-04-30 11:22:51,XBTUSD,short,Limit,2000000,-1.6496,1.293,22536000000
2020-04-30 11:23:37,XBTUSD,short,Limit,349080,-1.3051,1.302,3942160440
2020-04-30 11:54:24,XBTUSD,short,Limit,1500000,-1.6498,1.813,16882500000
2020-04-30 11:55:52,XBTUSD,short,Limit,500000,0.6162,0.856,5637000000
2020-04-30 12:07:33,XBTUSD,short,Limit,2000000,0.5183,1.012,22522000000
2020-04-30 12:09:28,XBTUSD,short,Limit,999675,0.5615,1.149,11257540470
2020-04-30 12:23:36,XBTUSD,short,Limit,994080,0.4377,1.042,11190050182
2020-04-30 18:42:52,XBTUSD,long,Limit,2000000,-1.3589,5.998,22936000000
2020-04-30 19:17:00,XBTUSD,long,Limit,2000000,-1.0754,6.565,22884000000
2020-04-30 19:17:03,XBTUSD,long,Limit,2000000,0.6881,2.533,22832000000
2020-04-30 19:20:51,XBTUSD,long,Limit,2000000,3.2448,1.583,22780000000
2020-04-30 19:25:17,XBTUSD,long,Limit,5920,3.4078,1.652,67274880
2020-04-30 20:13:56,XBTUSD,short,Limit,2000000,0.0575,0.819,22740000000
2020-04-30 20:49:06,XBTUSD,short,Limit,1319347,0.7065,1.353,15065275393
2020-04-30 20:49:21,XBTUSD,short,Limit,1536676,0.5336,1.292,17516349694
2020-04-30 21:02:46,XBTUSD,short,Limit,1137645,0.3401,1.455,12942987165
2020-04-30 22:47:12,XBTUSD,short,Limit,412,1.3719,3.192,4736352
2020-05-01 04:58:47,XBTUSD,long,Limit,2000000,0.9552,6.065,22737750812
2020-05-01 10:01:32,XBTUSD,long,Limit,2000000,2.1544,10.783,22542769405
2020-05-01 10:01:49,XBTUSD,long,Limit,2000000,2.2051,10.615,22557443377
2020-05-01 11:28:40,XBTUSD,long,Limit,2000000,3.5878,11.78,22346000000
2020-05-02 16:37:21,XBTUSD,long,Limit,2000000,1.4921,28.003,22249929940
2020-05-02 16:41:00,XBTUSD,long,Limit,2000000,1.6585,27.79,22234000000
2020-05-02 16:41:11,XBTUSD,long,Limit,28596,2.2219,27.184,317502148
2020-05-02 16:41:57,XBTUSD,long,Limit,974078,2.1681,27.195,10821829466
2020-05-02 16:44:53,XBTUSD,long,Limit,997326,1.9864,27.245,11100238380
2020-05-02 18:12:42,XBTUSD,long,Limit,2000000,-0.618,0.105,22624000000
2020-05-03 12:35:18,XBTUSD,long,Limit,2000000,0.5785,0.079,22443474900
2020-05-04 07:36:51,XBTUSD,long,Limit,2000000,-1.9126,6.965,23094000000
2020-05-04 08:03:16,XBTUSD,long,Limit,2000000,-1.602,6.858,23084000000
2020-05-04 13:54:22,XBTUSD,long,Limit,2000056,1.5581,9.145,22719318107
2020-05-04 14:04:46,XBTUSD,long,Limit,2000056,1.8643,9.043,22638633864
2020-05-04 14:05:03,XBTUSD,long,Limit,2000056,2.8384,4.685,22601309464
2020-05-06 09:15:07,XBTUSD,long,Limit,1534000,3.5362,33.88,16913884000
2020-05-06 13:22:36,XBTUSD,long,Limit,775,5.1655,27.198,8412625
2020-05-06 13:55:36,XBTUSD,short,Limit,3939654,-0.392,0.469,42730275933
2020-05-06 14:03:18,XBTUSD,short,Limit,2000000,-0.44,0.535,21656000000
2020-05-06 22:52:31,XBTUSD,short,Limit,60000,-1.7401,9.352,641340000
2020-05-06 23:57:01,XBTUSD,short,Limit,2000000,0.934,0.085,21953878774
2020-05-07 02:01:59,XBTUSD,short,Limit,2000000,-0.0544,2.157,21728000000
2020-05-07 02:44:39,XBTUSD,short,Limit,2569199,-1.3119,2.857,27529426570
2020-05-07 02:47:44,XBTUSD,short,Limit,3460000,-2.1542,2.06,36954671541
2020-05-07 17:05:22,XBTUSD,short,Limit,1000,-4.3823,14.686,10341000
2020-05-07 17:05:31,XBTUSD,short,Limit,2045,-4.4795,14.689,21126895
2020-05-09 10:33:48,XBTUSD,long,Limit,955,-0.5475,41.471,9920540
2020-05-09 13:09:00,XBTUSD,short,Limit,437324,-0.0241,2.587,4541172416
2020-05-09 13:10:41,XBTUSD,short,Limit,1562000,-0.1424,2.594,16204188000
2020-05-10 00:19:07,XBTUSD,short,Limit,2000000,11.0364,9.588,23188000000
2020-05-10 00:19:23,XBTUSD,short,Limit,721,12.0681,9.581,8457330
2020-05-10 01:47:54,XBTUSD,long,Limit,2000000,1.0576,1.471,23215618974
2020-05-10 01:48:07,XBTUSD,long,Limit,1999279,2.1074,1.463,23171519234
2020-05-10 03:14:22,XBTUSD,short,Limit,721,1.3913,1.436,8477518
2020-05-10 03:38:11,XBTUSD,long,Limit,2000000,1.3037,0.415,23161171876
2020-05-10 07:17:31,XBTUSD,long,Limit,2714,2.1114,4.042,31178432
2020-05-10 07:18:41,XBTUSD,long,Limit,2000000,1.3126,3.32,22988000000
2020-05-10 07:21:46,XBTUSD,long,Limit,2000000,1.1228,1.621,22962000000
2020-05-10 07:22:03,XBTUSD,long,Limit,82000,1.3407,1.533,939228000
2020-05-10 08:05:58,XBTUSD,long,Limit,931,2.722,2.265,10520300
2020-05-10 08:23:18,XBTUSD,short,Limit,2000000,0.7874,0.264,22676000000
2020-05-10 10:00:42,XBTUSD,short,Limit,2000000,1.2207,0.449,22948000000
2020-05-10 11:27:13,XBTUSD,short,Limit,876403,0.692,1.39,10080238692
2020-05-10 11:32:27,XBTUSD,short,Limit,1123597,0.3998,1.42,12885410396
2020-05-10 11:42:39,XBTUSD,short,Limit,69,0.8852,1.586,795156
2020-05-10 11:58:15,XBTUSD,long,Limit,2000000,0.5945,0.179,22896000000
2020-05-11 12:20:07,XBTUSD,long,Limit,2000056,4.1444,10.292,22088618464
2020-05-11 12:22:27,XBTUSD,long,Limit,2000056,4.7129,4.229,22099777505
2020-05-11 12:50:45,XBTUSD,long,Limit,607110,-0.7708,0.078,6786882690
2020-05-11 13:00:49,XBTUSD,long,Limit,1392890,-0.9419,0.245,15597454248
2020-05-11 16:41:47,XBTUSD,long,Limit,2000056,-5.4959,3.924,23502413920
2020-05-11 16:42:16,XBTUSD,long,Limit,180732,-5.0804,3.924,2125046856
2020-05-11 16:42:23,XBTUSD,long,Limit,2000056,-5.2963,3.928,23572585684
2020-05-11 16:43:14,XBTUSD,long,Limit,1805795,-4.6202,3.939,21142481592
2020-05-11 18:04:14,XBTUSD,long,Limit,14404,-4.8409,5.289,169030940
2020-05-11 18:44:00,XBTUSD,short,Limit,123755,1.7779,0.663,1478500985
2020-05-11 19:02:21,XBTUSD,short,Limit,23248,-0.0337,0.969,272728336
2020-05-11 19:03:43,XBTUSD,short,Limit,1354871,0.2957,0.991,15947008756
2020-05-11 20:27:24,XBTUSD,short,Limit,2000056,-1.6392,2.338,23202649656
2020-05-11 20:32:02,XBTUSD,short,Limit,2000056,-2.2834,2.326,23270651560
2020-05-11 21:44:26,XBTUSD,short,Limit,629555,-2.2687,3.5,7350054625
2020-05-12 03:59:17,XBTUSD,long,Limit,1370000,1.9017,6.253,15696654118
2020-05-14 00:02:21,XBTUSD,long,Limit,501,9.0893,50.298,5362203
2020-05-14 10:10:02,XBTUSD,short,Limit,2000000,-4.8555,10.113,20410791425
2020-05-14 10:10:09,XBTUSD,short,Limit,2000000,-4.5662,10.077,20470000000
2020-05-14 10:10:10,XBTUSD,short,Limit,2000000,-4.6099,10.077,20467196243
2020-05-14 10:45:07,XBTUSD,short,Limit,2000000,-0.9165,3.084,20817493686
2020-05-14 11:52:14,XBTUSD,short,Limit,2000000,-1.8373,4.165,20618000000
2020-05-14 12:11:46,XBTUSD,short,Limit,2000000,1.0369,3.094,20852308761
2020-05-14 13:02:19,XBTUSD,short,Limit,2000000,1.1887,2.117,20920000000
2020-05-15 02:32:07,XBTUSD,short,Limit,2000000,2.4261,15.256,21042000000
2020-05-15 02:32:12,XBTUSD,short,Limit,2000000,3.1777,15.22,21152000000
2020-05-19 08:08:33,XBTUSD,short,Limit,1500000,-2.0805,3.761,15439500000
2020-05-19 08:08:48,XBTUSD,short,Limit,1500000,-2.0338,3.724,15448500000
2020-05-19 08:08:54,XBTUSD,short,Limit,622943,-2.0313,3.725,6420060127
2020-05-19 08:09:13,XBTUSD,short,Limit,877057,-2.103,3.729,9032810043
2020-05-19 08:09:47,XBTUSD,short,Limit,499,-1.9611,3.736,5146187
2020-05-19 15:49:52,XBTUSD,long,Limit,501,-0.2939,7.668,5181843
2020-05-21 09:50:55,XBTUSD,short,Limit,1500000,3.5588,18.603,16071184846
2020-05-21 09:59:29,XBTUSD,short,Limit,1500000,3.8243,18.71,16120500000
2020-05-21 14:13:02,XBTUSD,short,Limit,1500000,4.6053,22.728,16305000000
2020-05-21 14:34:25,XBTUSD,short,Limit,1500000,3.6794,20.964,16394131471
2020-05-21 14:35:06,XBTUSD,short,Limit,1500000,3.6026,20.922,16384500000
2020-05-21 14:35:17,XBTUSD,short,Limit,760000,3.8939,20.503,8311360000
2020-05-21 18:00:58,XBTUSD,short,Limit,1500000,0.9523,3.249,16710570971
2020-05-21 18:01:25,XBTUSD,short,Limit,360000,1.312,2.875,4008600000
2020-05-22 00:13:09,XBTUSD,short,Limit,1500000,1.1508,9.063,16666500000
2020-05-22 00:13:11,XBTUSD,short,Limit,1500000,1.4696,9.044,16695000000
2020-05-23 12:31:38,XBTUSD,short,Limit,1500000,0.0545,38.798,16456500000
2020-05-24 01:52:57,XBTUSD,short,Limit,1500000,-0.8204,51.514,16321500000
2020-05-24 16:02:35,XBTUSD,short,Limit,387504,1.022,55.341,4313184961
2020-05-24 16:02:41,XBTUSD,short,Limit,1500000,1.1317,54.449,16685322373
2020-05-24 16:03:33,XBTUSD,short,Limit,1120000,1.4762,52.657,12430880000
2020-05-24 16:03:56,XBTUSD,short,Limit,1500000,1.8896,51.301,16657500000
2020-05-25 00:10:07,XBTUSD,short,Limit,1500000,5.0126,33.234,17172000000
2020-05-25 00:10:17,XBTUSD,short,Limit,462928,4.6667,24.419,5300493031
2020-05-25 12:57:43,XBTUSD,short,Limit,1500000,4.2638,37.055,17113500000
2020-05-26 15:55:04,XBTUSD,short,Limit,1500000,4.3224,59.538,17150873342
2020-05-27 10:31:53,XBTUSD,short,Limit,4500000,-2.7291,46.646,49309465982
2020-05-29 00:54:43,XBTUSD,short,Limit,588762,-3.415,15.254,6191459668
2020-05-29 00:59:41,XBTUSD,short,Limit,1500000,-3.547,15.283,15756000000
2020-05-29 00:59:45,XBTUSD,short,Limit,332716,-3.5239,15.285,3496845160
2020-05-29 01:30:14,XBTUSD,short,Limit,1198326,-3.2482,15.606,12628993212
2020-05-29 01:43:05,XBTUSD,short,Limit,887000,-3.3188,15.746,9341884000
2020-06-02 00:59:42,XBTUSD,short,Limit,48,-10.6148,111.02,472176
2020-06-02 14:46:56,XBTUSD,long,Stop,6000000,-7.09,10.849,63841592876
2020-06-02 14:50:24,XBTUSD,long,Limit,52,-5.9161,9.156,546780
2020-06-02 15:20:24,XBTUSD,short,Limit,1500000,0.5783,0.498,15864000000
2020-06-02 15:29:21,XBTUSD,short,Limit,485482,2.4385,0.647,5232630100
2020-06-02 22:16:29,XBTUSD,short,Limit,1500000,0.1256,7.432,15792725483
2020-06-02 22:52:58,XBTUSD,short,Limit,445183,0.6991,8.039,4714257281
2020-06-02 23:11:09,XBTUSD,short,Limit,439900,0.4206,8.346,4645344000
2020-06-03 00:00:08,XBTUSD,short,Limit,4500000,-0.4182,8.513,47267692258
2020-06-06 09:18:32,XBTUSD,short,Limit,4500000,1.6306,24.494,46513738781
2020-06-07 23:20:24,XBTUSD,short,Limit,6000000,-0.9418,28.215,61532447606
2020-06-11 00:41:18,XBTUSD,short,Limit,4500000,-2.6938,88.477,45418500000
2020-06-11 12:23:50,XBTUSD,short,Limit,4441351,0.2319,3.735,45408449341
2020-06-11 12:48:27,XBTUSD,long,Limit,58000,-0.2095,0.359,593978000
2020-06-11 12:54:33,XBTUSD,long,Limit,649,-0.465,0.43,6663283
2020-06-11 15:09:45,XBTUSD,short,Limit,1500000,1.2944,1.949,15673500000
2020-06-11 15:09:48,XBTUSD,short,Limit,1500000,1.3514,1.95,15682500000
2020-06-11 15:10:42,XBTUSD,short,Limit,1500000,1.2389,1.957,15673500000
2020-06-11 16:42:11,XBTUSD,short,Limit,351,2.549,3.476,3717090
2020-06-11 16:58:28,XBTUSD,long,Limit,62250,-0.2684,0.098,668971299
2020-06-11 17:00:10,XBTUSD,long,Limit,1500000,-3.2831,0.123,16612327592
2020-06-11 17:00:15,XBTUSD,long,Limit,1500000,-2.2131,0.072,16574065195
2020-06-11 17:00:48,XBTUSD,long,Limit,818313,0.0388,0.019,8931646906
2020-06-11 17:02:24,XBTUSD,short,Limit,680000,-0.321,0.027,7399080000
2020-06-11 17:02:25,XBTUSD,short,Limit,1687,-0.2238,0.027,18376491
2020-06-11 17:02:50,XBTUSD,long,Limit,520000,0.2723,0.017,5649280000
2020-06-11 17:03:50,XBTUSD,long,Limit,4885,0.6808,0.023,52855700
2020-06-11 17:12:24,XBTUSD,short,Limit,412000,0.1082,0.126,4461136000
2020-06-11 18:50:05,XBTUSD,short,Limit,1500000,0.1099,1.835,16155392381
2020-06-11 19:23:57,XBTUSD,short,Limit,1500000,0.2152,2.06,16173000000
2020-06-12 14:58:08,XBTUSD,short,Limit,1500000,-1.4847,21.566,15901500000
2020-06-12 17:38:00,XBTUSD,short,Limit,1500000,-0.5371,24.216,16026000000
2020-06-12 17:40:29,XBTUSD,short,Limit,1500000,0.0896,23.887,16060500000
2020-06-12 17:41:23,XBTUSD,short,Limit,1500000,-0.1122,14.701,16060500000
2020-06-12 17:42:50,XBTUSD,short,Limit,1500000,-0.0378,14.461,16077000000
2020-06-12 17:49:06,XBTUSD,short,Limit,1500000,0.4018,14.169,16095000000
2020-06-12 18:00:19,XBTUSD,short,Limit,1500000,1.1463,10.699,16095000000
2020-06-15 03:04:20,XBTUSD,short,Limit,1500000,2.4132,66.335,16228471445
2020-06-15 03:06:42,XBTUSD,short,Limit,1500000,1.6244,56.316,16226749869
2020-06-15 03:40:04,XBTUSD,short,Limit,1500000,2.2202,56.619,16332000000
2020-06-15 05:47:39,XBTUSD,short,Limit,1500000,4.4599,56.917,16593454512
2020-06-15 05:48:38,XBTUSD,short,Limit,1500000,4.4372,54.998,16584000000
2020-06-15 05:51:30,XBTUSD,short,Limit,1400971,4.5363,45.472,15569039817
2020-06-15 05:53:34,XBTUSD,short,Limit,1500000,4.3594,45.129,16639500000
2020-06-15 05:54:21,XBTUSD,short,Limit,132000,4.3338,45.086,1463880000
2020-06-15 16:32:15,XBTUSD,short,Limit,740,0.9071,55.718,7922440
2020-06-16 05:16:56,XBTUSD,long,Limit,1364047,2.1359,12.954,14297940654
2020-06-16 05:40:52,XBTUSD,long,Limit,136000,2.0981,13.143,1426096000
2020-06-16 05:54:40,XBTUSD,long,Limit,1500000,2.1082,13.326,15729000000
2020-06-18 15:58:38,XBTUSD,long,Limit,2241615,0.0276,23.985,23894881749
2020-06-18 16:00:34,XBTUSD,long,Limit,758385,-0.0406,24.013,8089692795
2020-06-21 15:29:36,XBTUSD,long,Limit,6000000,-0.0313,62.42,64187617350
2020-06-22 17:51:41,XBTUSD,long,Limit,213,2.6175,88.326,2217543
2020-06-24 11:46:51,XBTUSD,short,Limit,495392,3.768,38.339,5301668721
2020-06-24 11:48:09,XBTUSD,short,Limit,3000000,3.7315,38.403,32085056034
2020-06-24 11:55:01,XBTUSD,short,Limit,1557176,3.607,29.668,16681925622
2020-06-25 03:33:03,XBTUSD,short,Limit,3000000,5.7294,26.824,33202663525
2020-06-26 09:09:01,XBTUSD,short,Limit,1275117,2.4059,45.168,14014361839
2020-06-26 09:10:21,XBTUSD,short,Limit,224000,2.5581,45.188,2465568000
2020-06-26 09:15:21,XBTUSD,short,Limit,1500000,2.5581,45.272,16510500000
2020-06-26 15:03:39,XBTUSD,short,Limit,1500000,1.7056,51.028,16348500000
2020-06-27 00:24:47,XBTUSD,short,Limit,1500000,2.8676,59.427,16464000000
2020-06-27 11:55:32,XBTUSD,short,Limit,1500000,2.3454,70.857,16375500000
2020-06-27 12:16:19,XBTUSD,short,Limit,1500000,1.1664,34.565,16381500000
2020-06-27 13:09:03,XBTUSD,short,Limit,4500000,0.0457,26.817,49102512527
2020-06-27 22:55:27,XBTUSD,short,Limit,917,1.1301,32.392,10225467
2020-06-27 23:17:45,XBTUSD,long,Limit,3000000,0.2542,0.349,33390000000
2020-06-28 14:23:37,XBTUSD,long,Limit,83,1.9192,15.442,908684
2020-06-28 19:47:00,XBTUSD,short,Limit,917,0.0712,5.39,10046652
2020-06-29 18:02:55,XBTUSD,long,Limit,58636,0.8472,14.012,640305120
2020-06-29 19:37:23,XBTUSD,long,Limit,420000,1.4145,6.63,4591020000
2020-06-30 21:58:50,XBTUSD,long,Limit,203,1.553,32.174,2217369
2020-07-01 16:16:00,XBTUSD,short,Limit,1500000,-1.3973,18.222,16173000000
2020-07-01 16:19:54,XBTUSD,short,Limit,604365,-1.3007,18.286,6519285255
2020-07-01 16:31:13,XBTUSD,short,Limit,2400000,-1.3864,18.45,25859239125
2020-07-01 16:37:18,XBTUSD,short,Limit,1500000,-0.7055,2.906,16155000000
2020-07-01 16:42:30,XBTUSD,short,Limit,1500000,-0.7848,2.876,16146000000
2020-07-01 16:48:38,XBTUSD,short,Limit,1500000,-0.7054,2.873,16164000000
2020-07-02 16:00:22,XBTUSD,short,Limit,143872,2.4279,18.196,1594964992
2020-07-02 16:02:22,XBTUSD,short,Limit,166421,2.104,18.221,1838952050
2020-07-02 16:03:06,XBTUSD,short,Limit,1034653,2.104,18.237,11432915650
2020-07-02 16:03:58,XBTUSD,short,Limit,155000,2.3636,18.244,1717245000
2020-07-02 16:39:18,XBTUSD,short,Limit,1500000,2.9376,18.838,16717162425
2020-07-02 22:13:22,XBTUSD,short,Limit,3000000,1.2793,24.401,32887676298
2020-07-05 23:28:13,XBTUSD,short,Limit,10000000,0.9867,81.199,110220955872
2020-07-06 06:18:02,XBTUSD,short,Limit,2000000,-0.9503,54.432,21862000000
2020-07-06 06:19:53,XBTUSD,short,Limit,25484,-1.3142,16.783,278616572
2020-07-06 06:22:17,XBTUSD,short,Limit,3083176,-2.1141,16.405,33436199392
2020-07-06 06:22:36,XBTUSD,short,Limit,1839191,-2.1098,16.41,19953589134
2020-07-06 06:22:58,XBTUSD,short,Limit,3000000,-2.1624,16.417,32556000000
2020-07-06 06:23:08,XBTUSD,short,Limit,50000,-2.1131,16.419,543150000
2020-07-06 06:24:08,XBTUSD,short,Limit,2426,-2.041,16.435,26373046
2020-07-09 01:57:34,XBTUSD,long,Limit,3000000,1.1906,53.953,31950000000
2020-07-09 22:24:23,XBTUSD,long,Limit,6000000,-1.7599,11.765,64997857061
2020-07-14 02:46:56,ETHUSD,long,Limit,787645,0.2691,146.35,18820097050
2020-07-14 05:27:54,XBTUSD,long,Limit,574,-2.1996,111.687,6251434
2020-07-21 07:38:32,XBTUSD,short,Limit,426,-1.1545,170.177,4586742
2020-07-21 13:26:28,XBTUSD,long,Limit,1500000,1.2959,5.706,15915000000
2020-07-21 13:27:52,XBTUSD,long,Limit,1500000,1.0705,5.587,15915000000
2020-07-22 08:24:44,XBTUSD,long,Limit,4500000,-0.5603,12.126,48322721759
2020-07-23 17:21:25,XBTUSD,long,Limit,7500000,1.4677,2.965,77902340331
2020-07-25 05:02:37,XBTUSD,long,Limit,3000000,1.3726,21.286,31128000000
2020-07-27 17:20:10,XBTUSD,long,Limit,451,13.6945,81.576,4172201
2020-07-28 03:01:05,XBTUSD,short,Limit,3000000,-1.5306,9.658,27330964506
2020-07-28 05:43:17,XBTUSD,short,Limit,3000000,-0.5997,12.011,27498000000
2020-07-28 08:11:19,XBTUSD,short,Limit,3000000,1.4557,8.96,27804000000
2020-07-28 08:54:17,XBTUSD,short,Limit,1500549,2.7199,4.494,13985116680
2020-07-28 10:20:30,XBTUSD,long,Limit,1500000,-0.6428,0.831,14032500000
2020-07-28 10:21:00,XBTUSD,long,Limit,1500000,-0.7079,0.346,14014042011
2020-07-28 10:25:03,XBTUSD,long,Limit,1500000,-0.4486,0.4,13992000000
2020-07-28 10:32:02,XBTUSD,long,Limit,3000000,0.1754,0.51,27906000000
2020-07-28 10:39:22,XBTUSD,long,Limit,1210,0.8176,0.557,11214280
2020-07-28 10:43:24,XBTUSD,long,Limit,2999146,1.0993,0.543,27811080858
2020-07-28 12:43:57,XBTUSD,short,Limit,3000000,-1.1286,1.669,27418157143
2020-07-28 16:01:24,XBTUSD,short,Limit,3000000,-1.6716,4.939,27174000000
2020-07-28 16:03:21,XBTUSD,short,Limit,3000000,-1.1894,4.924,27257667179
2020-07-28 16:06:13,XBTUSD,short,Limit,1500000,-0.795,4.736,13611000000
2020-07-28 16:22:13,XBTUSD,short,Limit,3000000,-1.1516,4.977,27083887205
2020-07-28 16:41:30,XBTUSD,short,Limit,3000000,-0.041,5.252,27322179197
2020-07-28 16:42:56,XBTUSD,short,Limit,3000000,0.2269,4.988,27321201239
2020-07-28 16:44:31,XBTUSD,short,Limit,3000000,1.0829,0.567,27372000000
2020-07-28 16:44:57,XBTUSD,short,Limit,3000000,1.6697,0.564,27474000000
2020-07-28 16:45:03,XBTUSD,short,Limit,3000000,1.8094,0.534,27475424876
2020-07-28 18:43:26,XBTUSD,short,Limit,3000000,0.7699,1.441,27534000000
2020-07-28 18:44:17,XBTUSD,short,Limit,899000,0.9998,1.39,8255517000
2020-07-28 19:14:49,XBTUSD,short,Limit,1480851,1.0,1.923,13598654733
2020-07-29 01:13:05,XBTUSD,short,Limit,3000000,1.1879,7.839,27561000000
2020-07-29 14:55:30,XBTUSD,short,Limit,3000000,-0.2269,20.334,27198000000
2020-07-29 23:23:54,XBTUSD,short,Limit,19475,-0.9099,27.703,175606075
2020-07-30 05:59:50,XBTUSD,short,Limit,3000000,-0.091,34.187,27249000000
2020-07-30 06:10:58,XBTUSD,short,Limit,9000000,0.5995,17.0,81718540761
2020-07-30 20:19:46,XBTUSD,short,Limit,529,-0.4545,29.362,4739840
2020-07-31 15:54:10,XBTUSD,long,Limit,6065581,2.552,14.974,53408706839
2020-08-01 07:59:32,XBTUSD,long,Limit,2934890,6.1486,30.516,25113034178
2020-08-01 08:00:03,XBTUSD,short,Limit,65000,0.0684,0.009,556530000
2020-08-01 20:29:10,XBTUSD,short,Limit,7500000,-0.0795,0.521,63423295635
2020-08-01 20:30:44,XBTUSD,short,Limit,380000,-0.423,0.494,3201500000
2020-08-02 04:38:52,XBTUSD,short,Limit,474,4.9915,8.629,4220970
2020-08-02 05:10:56,XBTUSD,long,Limit,6000000,1.526,0.536,52625261816
2020-08-02 05:14:36,XBTUSD,long,Limit,371940,1.1576,0.595,3274187820
2020-08-02 05:15:54,XBTUSD,long,Limit,2627586,0.8928,0.85,23190512322
2020-08-02 10:45:48,XBTUSD,short,Limit,3000000,1.7649,4.558,27024000000
2020-08-02 11:16:24,XBTUSD,short,Limit,414000,0.7965,5.022,3693294000
2020-08-02 11:39:13,XBTUSD,short,Limit,3000000,2.0574,5.393,27126000000
2020-08-02 11:48:54,XBTUSD,short,Limit,3000000,2.5398,5.498,27308891562
2020-08-02 11:49:05,XBTUSD,short,Limit,3000000,2.8482,5.242,27359115360
2020-08-02 11:56:32,XBTUSD,short,Limit,468943,1.9453,3.791,4228459031
2020-08-02 11:58:32,XBTUSD,short,Limit,2531057,1.7683,3.806,22782044057
2020-08-02 12:35:59,XBTUSD,short,Limit,1658000,1.0325,0.392,14998375819
2020-08-02 12:36:54,XBTUSD,short,Limit,3464,0.8065,0.372,31290312
2020-08-02 12:40:11,XBTUSD,short,Limit,3000000,1.1559,0.42,27198000000
2020-08-03 12:13:01,XBTUSD,short,Limit,788,-1.341,23.596,7021868
2020-08-03 17:03:42,XBTUSD,long,Limit,3000000,1.4136,4.844,26361000000
2020-08-03 17:14:25,XBTUSD,long,Limit,2000000,1.4762,4.932,17560000000
2020-08-03 20:11:47,XBTUSD,long,Limit,5000,1.7372,7.874,43785000
2020-08-04 13:56:20,XBTUSD,long,Limit,1381435,-0.7762,15.176,12397780070
2020-08-05 08:13:59,XBTUSD,long,Limit,3000000,0.7922,33.443,26496394842
2020-08-05 09:57:05,XBTUSD,long,Limit,3000000,1.8016,34.762,26304000000
2020-08-05 14:49:00,XBTUSD,long,Limit,3000000,4.5016,33.03,25792504241
2020-08-05 14:49:19,XBTUSD,long,Limit,3000000,4.8401,25.339,25794000000
2020-08-05 15:13:05,XBTUSD,long,Limit,715,5.3832,25.707,6118255
2020-08-06 04:32:51,XBTUSD,short,Limit,3000000,0.6125,13.271,25831988597
2020-08-06 04:33:28,XBTUSD,short,Limit,3000000,0.6077,13.281,25841683336
2020-08-06 21:48:51,XBTUSD,short,Limit,3000000,0.0138,12.412,25554000000
2020-08-06 21:48:54,XBTUSD,short,Limit,3000000,0.1702,9.363,25575000000
2020-08-06 21:48:59,XBTUSD,short,Limit,3000000,0.4725,8.863,25594887054
2020-08-06 21:49:07,XBTUSD,short,Limit,3000000,1.3505,6.786,25704000000
2020-08-06 21:49:17,XBTUSD,short,Limit,3000000,1.5553,2.33,25644526810
2020-08-07 11:55:18,XBTUSD,short,Limit,3000000,0.453,13.685,25602721713
2020-08-07 14:06:56,XBTUSD,short,Limit,3000000,0.8104,15.611,25686000000
2020-08-07 14:17:31,XBTUSD,short,Limit,3000000,1.5184,15.779,25862318649
2020-08-07 14:17:34,XBTUSD,short,Limit,3000000,1.7437,13.201,25852613039
2020-08-07 14:17:38,XBTUSD,short,Limit,3000000,1.7213,7.71,25840977901
2020-08-07 14:18:19,XBTUSD,short,Limit,3000000,1.9191,2.304,26005652528
2020-08-07 17:12:52,XBTUSD,short,Limit,285,1.5051,5.202,2460405
2020-08-07 18:54:05,XBTUSD,long,Limit,6000000,-0.7445,1.669,52201729696
2020-08-11 16:42:59,XBTUSD,long,Limit,9000000,-3.1364,75.306,78940813618
2020-08-11 16:43:42,XBTUSD,long,Limit,320306,-3.2335,74.973,2811431988
2020-08-11 16:44:41,XBTUSD,long,Limit,2679694,-3.1765,75.019,23506275768
2020-08-11 16:51:55,XBTUSD,long,Limit,715,-3.117,75.105,6268405
2020-08-11 20:35:05,XBTUSD,short,Limit,285,2.2004,3.72,2554740
2020-08-11 20:42:17,XBTUSD,long,Limit,1016209,1.2868,0.12,8993449650
2020-08-11 22:14:07,XBTUSD,long,Limit,1330473,1.7494,1.655,11721403157
2020-08-11 22:23:59,XBTUSD,long,Limit,1669527,1.5661,1.878,14728567194
2020-08-11 22:35:02,XBTUSD,long,Limit,6000000,1.0443,1.831,53024905302
2020-08-11 23:58:09,XBTUSD,long,Limit,715,1.4374,3.012,6273410
2020-08-12 00:52:47,XBTUSD,short,Limit,3000000,0.7246,0.728,26495412155
2020-08-12 02:11:13,XBTUSD,short,Limit,3000000,0.8772,2.07,26550000000
2020-08-12 02:23:18,XBTUSD,short,Limit,285,1.3596,2.224,2534505
2020-08-12 03:52:55,XBTUSD,long,Limit,1000000,1.1796,1.484,8803000000
2020-08-12 04:00:36,XBTUSD,long,Limit,3000000,1.2544,1.674,26326990192
2020-08-12 09:46:50,XBTUSD,long,Limit,600000,2.2585,6.893,5216400000
2020-08-12 09:46:59,XBTUSD,long,Limit,2400016,2.2666,6.81,20865739104
2020-08-12 09:59:47,XBTUSD,short,Limit,8000,0.2304,0.214,69712000
2020-08-13 02:43:59,XBTUSD,short,Limit,343738,-0.4003,16.95,2976599013
2020-08-13 05:23:15,XBTUSD,short,Limit,2656000,-0.4568,19.605,22995648000
2020-08-13 08:08:14,XBTUSD,short,Limit,3000000,0.0844,22.15,26114593895
2020-08-13 08:29:09,XBTUSD,short,Limit,3000000,0.4414,22.303,26183906461
2020-08-13 08:41:33,XBTUSD,short,Limit,3000000,0.8399,22.315,26274791763
2020-08-13 08:42:13,XBTUSD,short,Limit,3000000,1.4055,19.984,26317428099
2020-08-13 08:42:31,XBTUSD,short,Limit,3000000,1.8324,17.149,26317796683
2020-08-13 11:21:38,XBTUSD,short,Limit,3000000,0.2154,10.83,25839000000
2020-08-13 21:02:05,XBTUSD,short,Limit,901,-0.7434,20.458,7686431
2020-08-13 22:16:32,XBTUSD,long,Limit,99,0.6782,1.241,838926
2020-08-17 19:15:46,XBTUSD,short,Limit,901,-4.5039,92.987,7306209
2020-08-17 19:36:50,XBTUSD,long,Limit,99,0.1906,0.351,801207
2020-08-18 01:28:53,XBTUSD,short,Limit,9000000,-0.1212,5.252,72681877501
2020-08-18 01:48:04,XBTUSD,short,Limit,901,0.0121,4.482,7290892
2020-08-18 04:17:06,XBTUSD,long,Limit,3359253,-0.4813,2.455,27343529875
2020-08-18 17:54:14,XBTUSD,long,Limit,4140846,-2.7037,16.051,34472549550
2020-08-19 03:25:09,XBTUSD,short,Limit,7500000,0.5506,9.366,62900089317
2020-08-19 03:28:32,XBTUSD,short,Limit,3000000,0.6268,7.636,25113000000
2020-08-19 04:18:22,XBTUSD,short,Limit,42591,2.6978,6.884,362790138
2020-08-19 04:23:16,XBTUSD,short,Limit,3000000,2.4896,6.965,25509000000
2020-08-19 04:25:42,XBTUSD,short,Limit,1458409,2.5716,6.879,12412518999
2020-08-19 04:25:54,XBTUSD,short,Limit,3000000,2.6534,6.867,25554000000
2020-08-19 05:23:52,XBTUSD,short,Limit,3000000,0.3402,0.387,25575060270
2020-08-19 06:21:54,XBTUSD,short,Limit,230,1.3721,1.332,1981220
2020-08-19 06:40:05,XBTUSD,long,Limit,3000000,0.8082,0.336,25620000000
2020-08-19 07:13:04,XBTUSD,long,Limit,770,1.2416,0.85,6534990
2020-08-19 10:21:16,XBTUSD,short,Limit,4500000,0.1284,2.815,38233769084
2020-08-19 18:18:48,XBTUSD,short,Limit,6000000,0.9044,9.863,51245241229
2020-08-19 20:18:04,XBTUSD,short,Limit,174,1.4895,10.538,1494834
2020-08-20 00:19:02,XBTUSD,long,Limit,6000000,1.3933,4.029,50838812645
2020-08-20 00:21:27,XBTUSD,long,Limit,1800000,1.5654,4.022,15247800000
2020-08-20 20:17:18,XBTUSD,long,Limit,4500000,1.3734,17.432,37891139232
2020-08-21 06:49:04,XBTUSD,long,Limit,4500000,0.9848,25.588,38070000000
2020-08-21 06:54:14,XBTUSD,long,Limit,37854,1.1838,24.786,319752738
2020-08-22 14:58:25,XBTUSD,long,Limit,6000000,-0.9686,27.761,51623555618
2020-08-24 07:39:37,XBTUSD,long,Limit,4500000,0.5774,66.95,38232000000
2020-08-24 12:00:15,XBTUSD,long,Limit,6000000,2.0034,22.973,50850000000
2020-08-24 12:06:30,XBTUSD,long,Limit,2000,1.5213,18.848,16932000
2020-08-25 07:36:11,XBTUSD,long,Limit,858,-0.3782,38.342,7401966
2020-08-25 16:35:13,XBTUSD,short,Limit,636660,1.2625,7.386,5570138340
2020-08-25 17:12:04,XBTUSD,short,Limit,1281356,2.7713,7.99,11374170410
2020-08-25 17:12:17,XBTUSD,short,Limit,3000000,2.6185,7.998,26595038173
2020-08-25 17:12:42,XBTUSD,short,Limit,701938,2.599,8.0,6226826334
2020-08-25 17:13:45,XBTUSD,short,Limit,4880000,1.632,4.751,43238502734
2020-08-25 18:10:50,XBTUSD,short,Limit,188,2.1394,3.633,1684480
2020-08-25 18:24:25,XBTUSD,long,Limit,3000000,0.8762,0.226,26643000000
2020-08-25 18:48:03,XBTUSD,long,Limit,1806659,0.5394,0.364,16016032035
2020-08-25 18:48:43,XBTUSD,short,Limit,53000,-0.0576,0.003,469580000
2020-08-26 12:42:54,XBTUSD,short,Limit,2000000,0.4134,14.44,17678000000
2020-08-26 12:46:43,XBTUSD,short,Limit,3000000,0.2744,12.821,26526000000
2020-08-26 14:03:32,XBTUSD,short,Limit,303738,-1.3695,12.843,2646925735
2020-08-26 14:03:44,XBTUSD,short,Limit,4500000,-1.6364,12.84,39152407024
2020-08-26 14:05:09,XBTUSD,short,Limit,3256117,-1.3513,10.733,28320245958
2020-08-26 14:06:00,XBTUSD,short,Limit,4500000,-1.0197,6.174,39154500000
2020-08-26 14:07:46,XBTUSD,short,Limit,4500000,-0.8179,3.004,39190500000
2020-08-26 14:08:36,XBTUSD,short,Limit,940292,-0.7152,2.148,8192764196
2020-08-26 15:01:41,XBTUSD,long,Limit,3000000,-0.1594,0.86,26187000000
2020-08-26 15:08:14,XBTUSD,long,Limit,727000,-0.048,0.934,6341621000
2020-08-26 15:10:09,XBTUSD,long,Limit,451,0.0044,0.954,3931818
2020-08-27 05:49:42,XBTUSD,short,Limit,3000000,1.181,11.987,26439000000
2020-08-27 13:16:47,XBTUSD,short,Limit,3000000,-0.3957,18.645,26043000000
2020-08-27 13:16:57,XBTUSD,short,Limit,3000000,-0.8097,12.115,26045837527
2020-08-27 13:17:27,XBTUSD,short,Limit,132231,-1.1646,6.594,1148822928
2020-08-27 13:17:49,XBTUSD,short,Limit,1368318,-1.2524,6.595,11878368558
2020-08-27 13:39:22,XBTUSD,long,Limit,2063610,-0.2123,0.35,17952158696
2020-08-27 13:40:43,XBTUSD,long,Limit,1549451,-0.292,0.363,13495908155
2020-08-27 13:40:57,XBTUSD,long,Limit,6000000,-0.6078,0.334,52346911912
2020-08-27 13:42:11,XBTUSD,long,Limit,299586,-0.692,0.274,2609693646
2020-08-27 13:43:15,XBTUSD,long,Limit,1106993,-0.819,0.288,9657598256
2020-08-27 13:46:22,XBTUSD,long,Limit,1826919,-0.9916,0.334,15976200033
2020-08-27 13:47:30,XBTUSD,long,Limit,700000,-1.2987,0.354,6140400000
2020-08-27 13:50:45,XBTUSD,long,Limit,85000,-1.2987,0.407,745620000
2020-08-27 14:33:45,XBTUSD,long,Limit,85000,0.1262,0.406,750890000
2020-08-27 17:47:26,XBTUSD,long,Limit,3000000,-1.3265,3.626,26907000000
2020-08-27 17:47:27,XBTUSD,long,Limit,3000000,-1.2312,3.654,26883000000
2020-08-27 17:48:24,XBTUSD,long,Limit,3000000,-1.2469,3.632,26907000000
2020-08-27 17:51:00,XBTUSD,long,Limit,123,-1.0619,3.668,1100235
2020-08-27 23:47:27,XBTUSD,short,Limit,3000000,-1.1627,6.049,26526000000
2020-08-28 07:57:00,XBTUSD,short,Limit,877,-0.5698,8.318,7703568
2020-08-28 09:16:51,XBTUSD,long,Limit,123,0.6325,1.331,1073667
2020-08-28 14:39:37,XBTUSD,short,Limit,877,0.275,5.38,7676381
2020-08-28 15:43:57,XBTUSD,long,Limit,123,0.9366,1.072,1066656
2020-08-29 14:06:11,XBTUSD,short,Limit,877,0.7501,22.371,7662349
2020-08-30 03:46:24,XBTUSD,long,Limit,837000,1.3734,13.619,7212429000
2020-08-30 08:19:41,XBTUSD,long,Limit,418,1.4279,17.864,3599398
2020-09-01 05:29:27,XBTUSD,short,Limit,2000000,-0.7131,45.148,17100000000
2020-09-01 05:29:49,XBTUSD,short,Limit,1000000,-0.7098,45.154,8550000000
2020-09-01 12:03:41,XBTUSD,short,Limit,768314,-2.2884,48.043,6469447879
2020-09-01 12:05:15,XBTUSD,short,Limit,3000000,-2.2592,47.878,25265766542
2020-09-01 13:06:51,XBTUSD,short,Limit,10000,-2.4064,47.968,84070000
2020-09-01 14:03:01,XBTUSD,short,Limit,3000000,-1.8619,44.575,25321727060
2020-09-01 14:03:29,XBTUSD,short,Limit,3000000,-1.3097,32.218,25359575233
2020-09-02 11:10:16,XBTUSD,short,Limit,6000000,3.2277,51.641,53052000000
2020-09-02 11:10:24,XBTUSD,short,Limit,6000000,3.7781,35.088,53048604909
2020-09-02 11:22:36,XBTUSD,short,Limit,3000000,6.1779,24.126,26799000000
2020-09-02 11:22:41,XBTUSD,short,Limit,3000000,5.9869,22.868,26811000000
2020-09-02 13:37:40,XBTUSD,short,Limit,3000000,4.2966,23.011,26409000000
2020-09-02 14:03:16,XBTUSD,short,Limit,261876,4.9172,23.063,2314495870
2020-09-02 14:47:45,XBTUSD,short,Limit,3000000,4.5384,22.038,26505000000
2020-09-02 14:55:34,XBTUSD,short,Limit,3000000,1.278,3.671,26643000000
2020-09-02 14:56:40,XBTUSD,short,Limit,3000000,0.5983,3.521,26671899560
2020-09-02 14:58:29,XBTUSD,short,Limit,3000000,1.4156,3.376,26748145855
2020-09-03 07:07:46,XBTUSD,short,Limit,3000000,1.354,18.812,26600291932
2020-09-03 08:02:33,XBTUSD,short,Limit,3000000,-1.1504,16.929,26247000000
2020-09-03 08:04:35,XBTUSD,short,Limit,3000000,-0.9284,16.901,26280000000
2020-09-03 08:10:38,XBTUSD,short,Limit,3000000,-0.5431,16.99,26346883635
2020-09-03 11:23:41,XBTUSD,short,Limit,231840,1.4955,13.4,2068614233
2020-09-03 11:30:54,XBTUSD,short,Limit,2768160,1.3463,13.55,24661870447
2020-09-03 11:33:40,XBTUSD,short,Limit,333000,1.9104,12.762,2968695000
2020-09-03 11:34:22,XBTUSD,short,Limit,3000000,1.8741,11.689,26753826464
2020-09-03 11:36:02,XBTUSD,short,Limit,786310,1.4944,3.014,7020634071
2020-09-03 12:11:32,XBTUSD,short,Limit,3000000,2.1708,3.565,26967000000
2020-09-03 12:12:14,XBTUSD,short,Limit,3000000,4.0637,3.275,27499408302
2020-09-03 12:13:43,XBTUSD,short,Limit,2984767,3.3219,2.319,27226626308
2020-09-03 12:27:24,XBTUSD,short,Limit,3000000,4.7351,1.314,27906000000
2020-09-03 14:21:06,XBTUSD,short,Limit,3000000,3.5498,2.952,27624000000
2020-09-03 14:22:11,XBTUSD,short,Limit,3000000,1.6458,2.264,27675897787
2020-09-03 15:07:16,XBTUSD,short,Limit,1500000,-0.0615,2.408,13894136933
2020-09-03 15:07:17,XBTUSD,short,Limit,1500000,-0.0937,2.404,13894500000
2020-09-03 15:07:23,XBTUSD,short,Limit,15000,-0.1484,2.406,138945000
2020-09-03 15:09:02,XBTUSD,short,Limit,512,0.2087,2.433,4759552
2020-09-03 15:44:57,XBTUSD,long,Limit,3458000,0.1677,0.352,32301178000
2020-09-03 15:45:45,XBTUSD,long,Limit,3000855,1.1894,0.152,27952964325
2020-09-03 15:48:23,XBTUSD,short,Limit,7000,0.0,0.041,65205000
2020-09-03 15:48:48,XBTUSD,short,Limit,145,0.2003,0.048,1353430
2020-09-03 16:05:48,XBTUSD,long,Limit,752000,-0.3595,0.286,7044736000
2020-09-03 16:07:07,XBTUSD,long,Limit,3000000,-0.0934,0.267,28050000000
2020-09-03 16:54:47,XBTUSD,long,Limit,3000000,-0.6874,1.074,28248000000
2020-09-03 17:12:52,XBTUSD,long,Limit,3000000,-0.109,1.217,28155000000
2020-09-04 08:06:03,XBTUSD,long,Limit,234611,-1.7233,15.244,2251095545
2020-09-04 08:08:10,XBTUSD,long,Limit,3000000,-1.8901,15.343,28833000000
2020-09-04 08:41:05,XBTUSD,long,Limit,3000000,-1.4285,14.699,28764000000
2020-09-04 09:12:34,XBTUSD,long,Limit,193065,1.6092,1.242,1845618809
2020-09-04 09:36:24,XBTUSD,long,Limit,2130000,1.3775,1.667,20403270000
2020-09-04 09:47:53,XBTUSD,long,Limit,754,1.7031,1.808,7194668
2020-09-04 11:19:42,XBTUSD,short,Limit,3000000,0.6285,1.512,28799281144
2020-09-04 17:02:46,XBTUSD,short,Limit,3000000,0.773,7.214,28848192653
2020-09-04 17:03:26,XBTUSD,short,Limit,3000000,0.9902,7.152,28856844913
2020-09-04 17:03:40,XBTUSD,short,Limit,3000000,0.5269,6.4,28860174972
2020-09-04 18:23:59,XBTUSD,short,Limit,3000000,0.9669,1.66,28929526647
2020-09-04 18:24:43,XBTUSD,short,Limit,246,0.9981,1.661,2373162
2020-09-04 19:55:19,XBTUSD,long,Limit,3000000,1.0175,0.852,28329000000
2020-09-04 20:00:41,XBTUSD,long,Limit,2687516,1.0565,0.873,25364776008
2020-09-04 20:01:11,XBTUSD,short,Limit,158000,0.0063,0.013,1491343951
2020-09-04 23:00:44,XBTUSD,short,Limit,1200000,1.0865,2.728,11461200000
2020-09-04 23:31:33,XBTUSD,short,Limit,3000000,1.0401,3.102,28668000000
2020-09-04 23:33:39,XBTUSD,short,Limit,1491133,0.8996,3.005,14249266948
2020-09-04 23:34:44,XBTUSD,short,Limit,2326131,0.9618,2.803,22220799596
2020-09-04 23:35:17,XBTUSD,short,Limit,1000000,0.9929,2.769,9551000000
2020-09-04 23:38:27,XBTUSD,short,Limit,6000,0.9929,2.773,57306000
2020-09-04 23:38:27,XBTUSD,short,Limit,30000,0.9929,2.773,286530000
2020-09-05 09:14:19,XBTUSD,short,Limit,1100000,2.4586,12.372,10664500000
2020-09-05 09:15:34,XBTUSD,short,Limit,1103985,2.5842,12.393,10713070440
2020-09-05 09:15:57,XBTUSD,short,Limit,1700000,2.8517,12.264,16512100000
2020-09-05 11:19:35,XBTUSD,short,Limit,1416025,3.6111,14.224,13846304049
2020-09-05 11:20:52,XBTUSD,short,Limit,1500000,3.2273,13.659,14634000000
2020-09-05 11:21:32,XBTUSD,short,Limit,3000000,2.4759,11.59,29337000000
2020-09-05 11:50:04,XBTUSD,short,Limit,1232286,3.2105,11.073,12133305959
2020-09-05 11:52:53,XBTUSD,short,Limit,147631,3.1992,11.044,1454612551
2020-09-05 11:53:20,XBTUSD,short,Limit,1710000,3.1904,11.052,16846920000
2020-09-05 11:53:39,XBTUSD,short,Limit,1338835,3.5049,11.057,13235722810
2020-09-05 11:53:51,XBTUSD,short,Limit,391269,3.3397,11.06,3862607568
2020-09-05 12:28:26,XBTUSD,short,Limit,442686,3.6336,11.636,4383387035
2020-09-05 12:28:52,XBTUSD,short,Limit,3000000,3.8348,11.273,29763000000
2020-09-05 12:29:25,XBTUSD,short,Limit,99345,3.815,10.705,985105020
2020-09-05 12:33:28,XBTUSD,short,Limit,2500000,4.0167,10.77,24840391244
2020-09-05 14:09:14,XBTUSD,short,Limit,3000000,1.2614,7.979,29226000000
2020-09-05 14:18:53,XBTUSD,short,Limit,3000000,0.0213,3.457,29243008710
2020-09-05 16:18:43,XBTUSD,short,Limit,3000000,-0.0266,4.294,29273550492
2020-09-05 16:24:51,XBTUSD,short,Limit,2000,0.6014,2.651,19518000
2020-09-05 16:26:37,XBTUSD,short,Limit,3000000,0.7334,2.791,29326035025
2020-09-05 16:40:16,XBTUSD,short,Limit,3000000,1.4557,1.776,29485555191
2020-09-05 17:53:42,XBTUSD,short,Limit,377662,0.6509,0.982,3737720814
2020-09-05 17:54:35,XBTUSD,short,Limit,1167580,0.6391,0.995,11554371680
2020-09-05 18:01:05,XBTUSD,short,Limit,188574,0.3992,1.103,1861712091
2020-09-05 18:04:24,XBTUSD,short,Limit,1274000,0.4452,1.167,12583407241
2020-09-05 18:17:11,XBTUSD,short,Limit,1149,0.9804,1.37,11376249
2020-09-05 18:17:15,XBTUSD,short,Limit,1750128,0.8249,1.38,17319266688
2020-09-05 18:17:32,XBTUSD,short,Limit,3000000,0.7718,1.376,29661871297
2020-09-05 18:18:49,XBTUSD,short,Limit,95721,0.7847,1.378,946297806
2020-09-05 18:19:10,XBTUSD,short,Limit,1153325,0.7376,1.39,11396262462
2020-09-05 18:20:44,XBTUSD,long,Limit,95000,-0.247,0.018,941070000
2020-09-05 19:16:15,XBTUSD,long,Limit,533320,-0.2878,0.336,5319867000
2020-09-05 19:30:52,XBTUSD,long,Limit,1168345,-1.7244,0.573,11824819745
2020-09-05 19:31:17,XBTUSD,long,Limit,3000000,-2.0044,0.518,30289085795
2020-09-05 19:31:25,XBTUSD,long,Limit,781515,-2.2604,0.466,7881698099
2020-09-05 19:31:51,XBTUSD,long,Limit,152371,-2.5136,0.474,1540623181
2020-09-05 19:41:59,XBTUSD,long,Limit,3000000,-1.9358,0.642,30180000000
2020-09-05 19:42:34,XBTUSD,long,Limit,365000,-1.8254,0.648,3668250000
2020-09-05 19:45:18,XBTUSD,long,Limit,124,-1.2087,0.693,1238512
2020-09-06 08:05:51,XBTUSD,short,Limit,3000000,-0.6402,8.426,29340000000
2020-09-06 08:07:35,XBTUSD,short,Limit,3000000,-0.1964,7.925,29382000000
2020-09-07 09:51:16,XBTUSD,short,Limit,1000000,1.0369,33.507,9887000000
2020-09-07 10:57:15,XBTUSD,short,Limit,980547,1.2524,34.487,9716240223
2020-09-07 10:59:10,XBTUSD,short,Limit,19453,1.3063,34.469,192857042
2020-09-07 16:18:27,XBTUSD,short,Limit,7887893,0.2374,34.494,77445104987
2020-09-07 16:22:11,XBTUSD,short,Limit,3214578,0.1659,24.936,31494747253
2020-09-07 16:29:53,XBTUSD,short,Limit,159092,0.2624,13.6,1561328888
2020-09-07 16:34:56,XBTUSD,short,Limit,738908,0.2409,13.682,7251643112
2020-09-07 16:36:23,XBTUSD,short,Limit,3000000,0.4521,13.955,29489149526
2020-09-07 17:12:43,XBTUSD,short,Limit,6000000,0.13,11.816,58996287399
2020-09-08 10:14:21,XBTUSD,short,Limit,690000,0.1994,0.245,6879300000
2020-09-08 11:58:15,XBTUSD,short,Limit,284000,0.6965,1.964,2845680000
2020-09-08 22:33:52,XBTUSD,short,Stop,6000000,-1.511,12.487,58871460688
2020-09-08 22:33:56,XBTUSD,short,StopLimit,6000000,-1.4777,12.404,58938000000
2020-09-08 22:34:00,XBTUSD,short,Stop,6000000,-3.5847,11.99,57670489858
2020-09-09 01:38:55,XBTUSD,short,Limit,3000000,-0.5699,14.929,29696205841
2020-09-10 10:03:34,XBTUSD,short,Limit,9000000,-2.5333,47.239,87412768158
2020-09-13 12:04:31,XBTUSD,short,Limit,10000,1.4657,12.051,96740000
2020-09-14 14:34:27,XBTUSD,short,Limit,3000000,-0.8279,28.816,28248000000
2020-09-14 14:37:20,XBTUSD,short,Limit,1574556,-0.8721,28.875,14828814475
2020-09-16 18:26:12,XBTUSD,short,Limit,10000000,-6.3821,73.916,90422483447
2020-09-16 18:33:58,XBTUSD,short,Limit,2000000,-7.4272,68.985,18076000000
2020-09-17 15:11:40,XBTUSD,short,Limit,3000000,-5.01,84.181,27624112806
2020-09-17 15:57:46,XBTUSD,short,Limit,3000000,-4.3788,80.057,27675000000
2020-09-21 14:28:41,XBTUSD,short,Limit,6000000,1.1054,168.487,57100695223
2020-09-21 14:30:20,XBTUSD,short,Limit,3000000,4.1716,79.676,28568990806
2020-09-21 14:33:27,XBTUSD,short,Limit,3000000,4.9633,27.668,28781889045
2020-09-22 21:25:07,XBTUSD,short,Limit,3000000,3.9452,40.669,28503000000
2020-09-22 21:26:04,XBTUSD,short,Limit,2711072,-1.0788,30.415,25776605263
2020-09-22 21:26:45,XBTUSD,short,Limit,1796723,-0.6223,26.72,17070665223
2020-09-22 21:45:15,XBTUSD,short,Limit,3000000,-0.7641,24.114,28449000000
2020-09-22 21:53:36,XBTUSD,short,Limit,3000000,-0.7648,22.338,28464000000
2020-09-23 19:05:58,XBTUSD,short,Limit,3000000,1.8551,32.359,29169796139
2020-09-23 19:09:08,XBTUSD,short,Limit,3000000,1.9094,21.988,29195192371
2020-09-23 19:13:17,XBTUSD,short,Limit,9000000,1.5741,16.522,87236459887
2020-09-23 19:49:21,XBTUSD,short,Limit,995,1.7184,14.18,9664435
2020-09-23 20:53:22,XBTUSD,long,Limit,5,-1.3307,1.067,49220
2020-09-24 01:59:48,XBTUSD,short,Limit,3000000,-1.0207,5.068,29186629057
2020-09-24 16:02:51,XBTUSD,short,Limit,3000000,-4.5678,19.079,28182000000
2020-09-24 16:19:52,XBTUSD,short,Limit,3000000,-4.1137,19.336,28221000000
2020-09-24 18:59:52,XBTUSD,short,Limit,281150,-3.8653,21.396,2648714150
2020-09-24 19:01:37,XBTUSD,short,Limit,2719845,-3.9139,21.494,25610060520
2020-09-24 23:27:31,XBTUSD,long,Limit,3000000,1.2191,4.113,27933000000
2020-09-24 23:27:47,XBTUSD,long,Limit,280000,1.2253,4.111,2607080000
2020-09-25 00:03:25,XBTUSD,long,Limit,155,1.3855,4.705,1440880
2020-09-25 09:48:58,XBTUSD,short,Limit,845,1.664,9.759,7988630
2020-09-25 12:05:53,XBTUSD,long,Limit,3000000,0.6619,2.239,28182000000
2020-09-25 12:06:52,XBTUSD,long,Limit,62000,0.8046,2.223,582428000
2020-09-25 12:07:45,XBTUSD,long,Limit,146,1.0417,2.232,1368312
2020-09-25 14:10:28,XBTUSD,short,Limit,854,0.9747,2.045,8082256
2020-09-25 18:47:21,XBTUSD,long,Limit,1976000,1.3258,4.584,18467696000
2020-09-25 19:00:42,XBTUSD,long,Limit,287,1.392,4.793,2680580
2020-10-01 18:51:01,XBTUSD,short,Limit,4735748,1.473,143.632,44891215648
2020-10-01 19:34:41,XBTUSD,short,Limit,4265000,1.1088,143.959,40329840000
2020-10-06 15:05:45,XBTUSD,short,Limit,3000000,0.8625,24.643,28203000000
2020-10-08 07:44:35,XBTUSD,short,Limit,6000000,1.3406,64.183,56669035641
2020-10-08 07:59:25,XBTUSD,short,Limit,3000000,0.1955,25.341,28343157264
2020-10-08 13:26:32,XBTUSD,short,Limit,429,-1.0844,30.776,4001712
2020-10-12 10:45:01,XBTUSD,long,Limit,571,4.8088,93.308,5081900
2020-10-12 10:52:30,XBTUSD,short,Limit,2798789,-0.0681,0.116,24894881718
2020-10-12 10:58:09,XBTUSD,short,Limit,201000,-0.267,0.21,1784277000
2020-10-12 10:58:33,XBTUSD,short,Limit,19441,-0.2128,0.217,172597198
2020-10-12 10:59:58,XBTUSD,short,Limit,2980559,-0.2358,0.23,26455441684
2020-10-12 11:00:11,XBTUSD,short,Limit,2980559,-0.1779,0.211,26458422243
2020-10-12 13:35:05,XBTUSD,short,Limit,20081,-1.0938,2.783,176652557
2020-10-13 10:47:00,XBTUSD,long,Limit,3000000,1.2172,22.647,26102813275
2020-10-13 19:36:58,BCHUSD,long,Limit,250001,12.4395,133.045,6300314310
2020-10-15 10:15:33,XBTUSD,long,Limit,6000000,-0.8602,61.535,52998164059
2020-10-15 10:15:41,XBTUSD,long,Limit,6000000,-0.6797,19.04,53048420474
2020-10-15 10:29:06,XBTUSD,long,Limit,257,-0.6585,18.729,2271366
2020-10-15 12:24:36,XBTUSD,short,Limit,743,-0.5745,1.925,6528741
2020-10-16 04:16:59,XBTUSD,long,Limit,6000000,-0.1592,15.773,52828171489
2020-10-16 04:17:01,XBTUSD,long,Limit,6000000,-0.4936,15.667,52973907533
2020-10-16 04:23:19,XBTUSD,long,Limit,757,-1.2669,9.968,6686581
2020-10-20 17:46:12,XBTUSD,short,Limit,10000000,-6.2216,108.46,83349546331
2020-10-20 17:46:25,XBTUSD,short,Limit,4479964,-6.0425,101.995,37315845050
2020-10-21 03:12:39,XBTUSD,short,Limit,6800000,-4.4744,37.852,55885910904
2020-10-21 03:16:28,XBTUSD,short,Limit,9885638,-4.2156,28.709,81009003587
2020-10-21 03:32:52,XBTUSD,short,Limit,6579740,-2.2387,9.38,53868331380
2020-10-21 12:11:21,XBTUSD,long,Limit,3000000,0.7368,8.638,24381000000
2020-10-21 12:11:25,XBTUSD,long,Limit,3000000,0.8487,8.483,24369000000
2020-10-21 12:16:13,XBTUSD,long,Limit,2352000,0.8193,8.542,19114704000
2020-10-21 14:21:41,XBTUSD,long,Limit,601,3.5395,10.321,4755713
2020-10-21 15:22:14,XBTUSD,short,Limit,119066,0.7835,0.998,943121786
2020-10-21 15:23:46,XBTUSD,short,Limit,305948,0.4322,1.027,2414847564
2020-10-21 20:54:42,XBTUSD,short,Limit,3341473,-0.5316,6.539,26120108165
2020-10-21 20:56:10,XBTUSD,short,Limit,437664,-0.7981,6.563,3412111824
2020-10-21 20:58:24,XBTUSD,short,Limit,5796248,-0.4772,6.597,45089013192
2020-10-21 21:27:38,XBTUSD,long,Limit,5000000,0.6032,0.454,38674789440
2020-10-21 21:27:47,XBTUSD,long,Limit,196079,0.6161,0.424,1515507317
2020-10-21 22:36:41,XBTUSD,long,Limit,1008960,1.8546,1.567,7703009010
2020-10-21 22:36:53,XBTUSD,long,Limit,515913,1.7496,1.57,3942607146
2020-10-21 22:37:55,XBTUSD,long,Limit,5000000,1.8602,1.317,38255000000
2020-10-21 22:38:34,XBTUSD,long,Limit,512775,2.118,1.134,3919895152
2020-10-21 22:40:36,XBTUSD,long,Limit,1832000,1.9906,1.166,14022128000
2020-10-21 22:50:28,XBTUSD,long,Limit,877,2.5683,1.33,6674847
2020-10-21 23:05:17,XBTUSD,short,Limit,123,1.1645,0.247,947223
2020-10-21 23:06:11,XBTUSD,long,Limit,7000000,-0.7803,0.014,54348000000
2020-10-21 23:09:39,XBTUSD,long,Limit,707961,0.819,0.065,5477494257
2020-10-21 23:09:54,XBTUSD,long,Limit,5000000,0.666,0.077,38743758499
2020-10-21 23:11:56,XBTUSD,long,Limit,4095885,0.741,0.107,31714437555
2020-10-22 08:35:59,XBTUSD,short,Limit,5000000,0.3821,8.803,38940000000
2020-10-22 17:34:41,XBTUSD,short,Limit,1188671,-0.3513,17.291,9158869919
2020-10-22 20:41:25,XBTUSD,short,Limit,3094484,-2.2045,20.069,23486903320
2020-10-22 20:43:50,XBTUSD,short,Limit,5717000,-2.1228,19.919,43392030000
2020-10-22 20:55:44,XBTUSD,short,Limit,703,-1.6002,19.966,5361781
2020-10-27 12:09:13,XBTUSD,long,Limit,8197866,2.7346,110.045,61133134499
2020-10-27 17:07:54,XBTUSD,long,Limit,280010,3.6896,114.494,2054433370
2020-10-27 17:13:46,XBTUSD,long,Limit,328403,3.6516,114.592,2410149617
2020-10-27 17:16:00,XBTUSD,long,Limit,4440000,4.0159,38.533,32585160000
2020-10-27 17:27:27,XBTUSD,long,Limit,220,4.3026,10.712,1611940
2020-10-27 17:27:53,XBTUSD,short,Limit,268000,-0.0513,0.011,1962564000
2020-10-27 17:28:20,XBTUSD,short,Limit,898,-0.0183,0.015,6578748
2020-10-27 17:42:06,XBTUSD,long,Limit,102,0.3223,0.229,744804
2020-10-28 12:42:02,XBTUSD,short,Limit,2491073,4.6169,9.876,18870612262
2020-10-28 14:08:56,XBTUSD,short,Limit,428107,5.8165,11.317,3284436904
2020-10-28 14:09:04,XBTUSD,short,Limit,5000000,5.4583,11.202,38321757714
2020-10-28 16:19:12,XBTUSD,short,Limit,5000000,1.9832,7.416,37995000000
2020-10-28 16:24:15,XBTUSD,short,Limit,328026,0.574,3.615,2491685496
2020-10-28 16:42:11,XBTUSD,short,Limit,5000000,-0.0715,2.109,38225000000
2020-10-29 08:18:01,XBTUSD,short,Limit,5000000,-0.45,17.174,38035000000
2020-10-29 10:34:48,XBTUSD,short,Limit,5000000,0.6402,18.837,38110000000
2020-10-29 10:35:39,XBTUSD,short,Limit,139189,1.3734,10.885,1063543149
2020-10-29 10:36:56,XBTUSD,short,Limit,4862000,1.315,10.824,37126232000
2020-10-29 10:38:42,XBTUSD,short,Limit,5000000,1.3936,10.744,38195000000
2020-10-29 10:41:13,XBTUSD,short,Limit,413,1.548,10.757,3159863
2020-10-29 16:28:44,XBTUSD,long,Limit,587,3.7492,5.792,4329125
2020-10-29 16:31:14,XBTUSD,short,Limit,1730000,-0.0516,0.028,12760480000
2020-10-29 16:38:05,XBTUSD,short,Limit,429642,-0.214,0.142,3163883688
2020-10-29 16:38:22,XBTUSD,short,Limit,60747,-0.214,0.147,447340908
2020-10-29 16:41:40,XBTUSD,short,Limit,252776,-0.2694,0.202,1860431360
2020-10-29 16:55:35,XBTUSD,short,Limit,478762,-0.0074,0.434,3533263560
2020-10-29 22:56:15,XBTUSD,short,Limit,5000000,0.957,6.443,37245000000
2020-10-29 22:57:47,XBTUSD,short,Limit,3471609,1.0264,6.43,25877373486
2020-10-29 22:59:16,XBTUSD,short,Limit,1528000,1.1982,6.384,11386656000
2020-10-29 22:59:56,XBTUSD,short,Limit,5000000,1.2531,6.373,37270000000
2020-10-29 23:06:39,XBTUSD,short,Limit,114950,0.9163,5.443,854883150
2020-10-29 23:08:55,XBTUSD,short,Limit,4885995,0.9211,5.477,36342030810
2020-10-29 23:10:27,XBTUSD,long,Limit,113756,-0.1078,0.006,847027176
2020-10-29 23:19:17,XBTUSD,long,Limit,249,0.2901,0.153,1846584
2020-10-29 23:24:30,XBTUSD,short,Limit,1496000,-0.0185,0.088,11092840000
2020-10-29 23:25:27,XBTUSD,short,Limit,1698849,0.0482,0.054,12602061882
2020-10-29 23:26:13,XBTUSD,short,Limit,308,0.0519,0.065,2284744
2020-10-30 01:12:11,XBTUSD,long,Limit,692,1.3278,1.766,5066132
2020-10-30 01:15:41,XBTUSD,short,Limit,2020223,0.2474,0.051,14822376151
2020-10-30 01:24:57,XBTUSD,short,Limit,42054,0.3187,0.191,309054846
2020-10-30 01:27:13,XBTUSD,short,Limit,906720,0.2821,0.228,6661671840
2020-10-30 01:36:41,XBTUSD,long,Limit,884448,-0.2682,0.158,6514843968
2020-10-30 01:37:21,XBTUSD,long,Limit,7840593,-0.152,0.119,57730286259
2020-10-30 01:37:57,XBTUSD,long,Limit,444000,0.1305,0.052,3269172000
2020-10-30 01:44:42,XBTUSD,long,Limit,1336434,-0.0433,0.058,9856200750
2020-10-30 01:47:27,XBTUSD,long,Limit,3827000,0.2213,0.059,28162893000
2020-10-30 03:15:03,XBTUSD,long,Limit,163471,-0.5937,1.518,1212954820
2020-10-30 05:14:11,XBTUSD,long,Limit,1965000,-0.5827,3.51,14578335000
2020-10-30 05:49:54,XBTUSD,long,Limit,29695,-1.8624,4.098,223187620
2020-10-30 06:21:32,XBTUSD,long,Limit,10000000,-2.3473,3.949,75748914018
2020-10-30 07:09:22,XBTUSD,long,Limit,10000000,-0.9678,1.435,75757821741
2020-10-30 23:50:36,XBTUSD,long,Limit,1972607,3.1789,14.689,14508555369
2020-10-31 00:00:02,XBTUSD,long,Limit,1945839,2.9211,14.857,14344725108
2020-10-31 00:06:34,XBTUSD,long,Limit,3500000,2.8528,14.942,25819500000
2020-10-31 00:09:05,XBTUSD,long,Limit,4615000,1.6058,8.702,34031010000
2020-10-31 02:38:26,XBTUSD,long,Limit,664,1.1095,2.602,4841224
2020-11-02 09:58:26,XBTUSD,short,Limit,10000000,0.8267,51.018,73715669828
2020-11-02 12:11:03,XBTUSD,short,Limit,3265649,2.4887,10.047,24429230258
2020-11-02 12:12:43,XBTUSD,short,Limit,1734351,2.2963,10.074,12952133268
2020-11-02 12:38:08,XBTUSD,short,Limit,660361,2.5756,10.498,4947647689
2020-11-02 12:39:22,XBTUSD,short,Limit,4339639,2.7042,10.53,32557046128
2020-11-02 12:46:40,XBTUSD,short,Limit,5000000,3.5952,10.251,37828529071
2020-11-02 13:06:57,XBTUSD,short,Limit,193974,2.6878,10.589,1453835130
2020-11-02 13:11:02,XBTUSD,short,Limit,1325616,2.6586,10.657,9932840688
2020-11-02 13:21:03,XBTUSD,short,Limit,471833,2.5565,10.824,3531670005
2020-11-02 13:24:38,XBTUSD,short,Limit,215990,2.5565,10.884,1616685150
2020-11-02 18:42:18,XBTUSD,short,Limit,5000000,0.275,11.628,37111811035
2020-11-03 02:50:00,XBTUSD,short,Limit,4543276,-1.4172,13.87,33698301525
2020-11-03 02:51:23,XBTUSD,short,Limit,463000,-1.0124,13.472,3432219000
2020-11-03 02:53:57,XBTUSD,short,Limit,5000000,-1.0021,13.46,37055000000
2020-11-03 02:55:26,XBTUSD,short,Limit,5000000,-0.186,12.355,37075000000
2020-11-03 03:01:07,XBTUSD,short,Limit,32,0.2188,0.181,237824
2020-11-03 06:21:29,XBTUSD,long,Limit,971685,0.5416,2.814,7240024935
2020-11-03 06:22:31,XBTUSD,long,Limit,31517,0.6215,2.83,234549514
2020-11-03 08:22:20,XBTUSD,long,Limit,1264516,1.1781,3.924,9346037756
2020-11-03 08:25:53,XBTUSD,long,Limit,3181,0.7492,1.971,23536219
2020-11-03 08:31:20,XBTUSD,long,Limit,2577138,0.7492,2.033,19068244062
2020-11-03 08:33:11,XBTUSD,long,Limit,2000000,0.7874,2.034,14796000000
2020-11-03 08:38:15,XBTUSD,long,Limit,5000000,0.146,0.31,36970000000
2020-11-03 08:42:13,XBTUSD,long,Limit,22170,-0.0894,0.04,163747620
2020-11-03 08:43:12,XBTUSD,long,Limit,8192,-0.1771,0.053,60555264
2020-11-03 08:46:14,XBTUSD,long,Limit,565729,-0.2214,0.112,4184131684
2020-11-03 08:52:41,XBTUSD,long,Limit,517,-0.1845,0.209,3822181
2020-11-03 08:54:03,XBTUSD,short,Limit,2250844,0.0037,0.023,16640489692
2020-11-03 08:54:21,XBTUSD,long,Limit,1000,-0.0037,0.002,7402000
2020-11-04 01:50:45,XBTUSD,short,Limit,5690582,-1.8117,14.89,41241038442
2020-11-04 02:08:12,XBTUSD,short,Limit,4310092,-1.9369,15.43,31200755988
2020-11-04 16:32:35,XBTUSD,long,Limit,154098,3.1882,8.615,1102108896
2020-11-05 03:55:01,XBTUSD,long,Limit,1567277,6.0209,19.987,10909657731
2020-11-05 03:58:34,XBTUSD,long,Limit,3636632,5.452,19.192,25376456894
2020-11-05 07:36:25,XBTUSD,long,Limit,2209000,3.5162,14.792,15262531880
2020-11-05 07:38:32,XBTUSD,long,Limit,311,1.2217,3.651,2144967
2020-11-05 11:10:08,XBTUSD,short,Limit,24618,0.0655,0.261,168140940
2020-11-05 13:20:22,XBTUSD,short,Limit,382840,-2.1742,2.319,2556988360
2020-11-05 13:24:02,XBTUSD,short,Limit,1269511,-2.5403,2.18,8466368859
2020-11-05 13:59:48,XBTUSD,short,Limit,3348000,-1.8056,2.65,22555476000
2020-11-05 17:33:01,XBTUSD,short,Limit,5000000,-1.7685,5.754,33535000000
2020-11-05 17:33:23,XBTUSD,short,Limit,5000000,-1.224,5.277,33645000000
2020-11-05 17:56:51,XBTUSD,short,Limit,5000000,-0.7764,4.763,33211292510
2020-11-06 04:01:41,XBTUSD,short,Limit,5000000,-2.0977,11.979,32283680923
2020-11-06 08:40:47,XBTUSD,short,Limit,5000000,-1.3611,10.309,31970000000
2020-11-06 08:41:19,XBTUSD,short,Limit,5000000,-0.3212,9.731,32010000000
2020-11-06 08:42:19,XBTUSD,short,Limit,5000000,0.128,9.591,32050000000
2020-11-06 10:48:50,XBTUSD,short,Limit,5000000,-1.1604,1.228,32052674260
2020-11-06 20:42:48,XBTUSD,short,Limit,9094307,0.0853,10.923,58863630799
2020-11-06 20:46:09,XBTUSD,short,Limit,1076057,-0.0594,9.199,6953480334
2020-11-06 20:53:10,XBTUSD,short,Limit,1803000,-0.3004,0.115,11614926000
2020-11-06 20:53:20,XBTUSD,short,Limit,474,0.2347,0.045,3055404
2020-11-07 00:07:45,ETHUSD,long,Limit,150000,3.5055,3.045,6907500000
2020-11-07 00:08:35,ETHUSD,long,Limit,235175,3.5537,3.053,10834512250
2020-11-07 01:28:06,YFIUSDTZ20,short,Limit,3000,2.1354,0.125,494415000
2020-11-07 01:28:14,YFIUSDTZ20,short,Limit,158,1.315,0.048,26085010
2020-11-07 01:35:45,XBTUSD,long,Limit,5000000,1.5081,4.702,31755000000
2020-11-07 01:42:24,XBTUSD,long,Limit,576699,1.538,4.801,3661461951
2020-11-07 01:43:44,XBTUSD,long,Limit,1735724,1.7221,4.793,10999282988
2020-11-07 01:49:14,XBTUSD,long,Limit,1366000,1.654,4.833,8665904000
2020-11-07 01:49:34,XBTUSD,long,Limit,5000000,0.2421,1.354,31759680527
2020-11-07 02:13:51,LINKUSDT,short,Limit,10000,-1.0372,0.1,1327000000
2020-11-07 02:22:27,LINKUSDT,short,Limit,2711,-1.1966,0.24,361105200
2020-11-07 02:22:30,LINKUSDT,short,Limit,10000,-0.4385,0.273,1325000000
2020-11-07 14:11:18,XBTUSD,long,Limit,618543,-0.5211,3.045,3993932151
2020-11-07 14:11:35,XBTUSD,long,Limit,2455888,-0.5445,3.028,15860754069
2020-11-07 14:11:55,XBTUSD,long,Limit,332404,-0.5976,3.03,2147718353
2020-11-07 14:12:57,XBTUSD,long,Limit,6000000,-0.5163,1.163,38818914023
2020-11-07 14:17:36,XBTUSD,long,Limit,174605,-0.4734,0.517,1130043560
2020-11-07 14:19:30,XBTUSD,long,Limit,3889000,-0.4551,0.199,25227536845
2020-11-07 14:20:44,XBTUSD,long,Limit,3889000,-0.3241,0.159,25210873337
2020-11-07 14:24:37,XBTUSD,long,Limit,1111000,-0.1748,0.113,7204835000
2020-11-07 15:25:42,XBTUSD,long,Limit,7000000,-0.7954,0.655,45866285498
2020-11-07 15:39:08,XBTUSD,long,Limit,900302,0.004,0.084,5855564208
2020-11-07 18:52:51,XBTUSD,long,Limit,4917661,-2.1187,2.555,32792679029
2020-11-07 18:53:17,XBTUSD,long,Limit,1669705,-2.2695,1.833,11166754264
2020-11-07 19:00:10,XBTUSD,short,Limit,955899,0.1123,0.115,6396878130
2020-11-07 19:00:33,XBTUSD,short,Limit,3833496,-0.1863,0.104,25670203967
2020-11-07 19:05:52,XBTUSD,short,Limit,1747698,-1.2247,0.132,11665504834
2020-11-07 19:14:12,XBTUSD,long,Limit,1099206,-0.5437,0.139,7376064849
2020-11-07 19:21:18,ETHUSD,long,Limit,312855,-5.2101,4.573,13469354395
2020-11-07 19:32:11,XBTUSD,short,Limit,5000000,1.7209,0.188,34103946097
2020-11-07 19:33:17,XBTUSD,short,Limit,482328,1.1391,0.107,3264460266
2020-11-07 19:43:57,XBTUSD,long,Limit,3000000,-0.2686,0.115,20498102405
2020-11-07 19:44:52,XBTUSD,long,Limit,3000000,-0.1346,0.098,20478000000
2020-11-07 19:45:24,XBTUSD,long,Limit,1433643,-0.1605,0.126,9788104020
2020-11-07 20:13:02,XBTUSD,long,Limit,4000000,0.6584,0.064,27388000000
2020-11-07 20:15:37,XBTUSD,long,Limit,3999743,0.7975,0.145,27324697280
2020-11-07 20:18:31,XBTUSD,long,Limit,885938,0.5542,0.152,6066017486
2020-11-07 20:20:56,XBTUSD,long,Limit,257,0.3285,0.053,1753254
2020-11-07 21:21:50,XBTUSD,short,Limit,963000,-0.8846,1.003,6493509000
2020-11-07 21:27:01,XBTUSD,short,Limit,773267,-0.7762,1.082,5219552250
2020-11-07 21:39:26,XBTUSD,short,Limit,746001,-0.87,1.288,5030996253
2020-11-07 21:46:23,XBTUSD,short,Limit,5000000,-0.6517,1.377,33755748683
2020-11-07 21:47:54,XBTUSD,short,Limit,4762672,-0.2236,1.295,32217785251
2020-11-07 21:48:43,XBTUSD,short,Limit,2882485,0.1011,1.202,19494246055
2020-11-07 22:04:15,XBTUSD,short,Limit,2500000,0.2089,1.477,16915155724
2020-11-07 22:09:10,XBTUSD,short,Limit,1470000,0.4047,1.523,9956310000
2020-11-07 22:10:48,XBTUSD,short,Limit,2500000,0.6836,1.543,16972500000
2020-11-07 22:13:44,XBTUSD,short,Limit,2500000,0.9066,1.417,16995000000
2020-11-08 13:32:32,XBTUSD,short,Limit,5000000,-1.7909,16.625,33005000000
2020-11-08 13:32:56,XBTUSD,short,Limit,252601,-1.6779,16.61,1667419201
2020-11-08 17:35:55,XBTUSD,short,Limit,158436,-4.328,20.66,1019173638
2020-11-08 17:36:51,XBTUSD,short,Limit,4562116,-4.0248,13.505,29316287843
2020-11-08 17:39:28,XBTUSD,short,Limit,677171,-3.5504,7.263,4343374794
2020-11-08 17:44:22,XBTUSD,short,Limit,111021,-3.8057,7.325,710312358
2020-11-08 17:46:55,XBTUSD,short,Limit,273217,-3.5599,7.367,1752140621
2020-11-08 17:50:06,XBTUSD,short,Limit,76452,-3.4238,7.42,490974744
2020-11-08 17:58:12,XBTUSD,short,Limit,6425394,-3.2151,7.319,41218902510
2020-11-08 18:06:55,XBTUSD,short,Limit,1778,-3.308,7.28,11352530
2020-11-08 18:07:10,XBTUSD,short,Limit,393658,-3.2553,7.269,2514687304
2020-11-08 18:13:03,XBTUSD,short,Limit,24438,-2.9518,7.357,156574266
2020-11-08 18:15:39,XBTUSD,short,Limit,32598,-2.6913,7.4,209376954
2020-11-08 18:17:06,XBTUSD,short,Limit,2595,-2.6484,7.424,16675470
2020-11-08 18:22:28,XBTUSD,short,Limit,13675,-2.6913,7.513,87834525
2020-11-08 18:25:48,XBTUSD,short,Limit,644047,-2.5231,7.569,4143798398
2020-11-08 18:28:56,XBTUSD,short,Limit,67359,-2.6319,7.622,432916293
2020-11-08 19:18:54,XBTUSD,short,Limit,3464000,-1.5637,8.363,22488190130
2020-11-08 19:21:19,XBTUSD,short,Limit,3464000,-1.4328,8.343,22508276017
2020-11-08 19:54:57,XBTUSD,short,Limit,2635575,-0.8124,7.91,17218187719
2020-11-09 05:01:13,XBTUSD,short,Limit,3900000,-1.0491,16.922,25373400000
2020-11-09 05:08:22,XBTUSD,short,Limit,1743994,-0.7596,16.89,11354663081
2020-11-09 08:30:20,XBTUSD,short,Limit,2500000,0.3437,19.234,16452500000
2020-11-09 08:30:35,XBTUSD,short,Limit,2500000,0.459,18.051,16470000000
2020-11-09 10:47:21,XBTUSD,short,Limit,325574,-1.5934,20.328,2101580170
2020-11-09 10:54:50,XBTUSD,short,Limit,3338654,-0.2664,17.373,21534318300
2020-11-09 10:59:19,XBTUSD,short,Limit,25539,0.4114,16.114,164854245
2020-11-09 11:03:34,XBTUSD,short,Limit,161476,0.4822,16.18,1043134960
2020-11-09 11:11:15,XBTUSD,short,Limit,3836113,-0.3165,13.515,24647026025
2020-11-09 11:15:28,XBTUSD,short,Limit,468191,-0.3254,12.649,3006722602
2020-11-09 11:58:11,XBTUSD,short,Limit,5366396,-2.0551,11.587,33859206031
2020-11-09 12:02:32,XBTUSD,long,Limit,5366396,-0.4471,0.047,34094483116
2020-11-09 12:04:35,XBTUSD,long,Limit,1180610,-0.457,0.053,7507498990
2020-11-09 12:15:56,XBTUSD,long,Limit,3336000,0.5953,0.063,21443808000
2020-11-09 13:30:52,XBTUSD,long,Limit,5000000,-0.827,0.357,32595000000
2020-11-09 17:08:29,XBTUSD,long,Limit,2138000,-1.8606,3.978,14096003427
2020-11-09 17:10:00,XBTUSD,long,Limit,417804,-1.747,4.004,2751239340
2020-11-09 17:10:34,XBTUSD,long,Limit,2500000,-1.743,3.964,16475000000
2020-11-09 17:12:05,XBTUSD,long,Limit,2500000,0.1245,2.158,16485000000
2020-11-09 17:13:39,XBTUSD,long,Limit,2082199,0.0,2.184,13738349002
2020-11-09 17:19:14,XBTUSD,long,Limit,2500000,0.4613,2.205,16485000000
2020-11-09 21:38:27,XBTUSD,short,Limit,2500000,-1.0509,3.928,16250000000
2020-11-09 21:39:19,XBTUSD,short,Limit,2500000,-0.8861,3.897,16265000000
2020-11-09 21:48:10,XBTUSD,short,Limit,2500000,-0.4284,2.954,16282500000
2020-11-09 22:36:52,XBTUSD,short,Limit,2500000,0.3627,3.313,16297500000
2020-11-09 22:37:09,XBTUSD,short,Limit,1940739,0.4547,3.302,12663321975
2020-11-10 12:35:42,XBTUSD,long,Limit,2063983,-0.2721,13.976,13505080446
2020-11-10 12:39:59,XBTUSD,long,Limit,5000000,-0.3262,14.048,32785000000
2020-11-10 12:43:40,XBTUSD,long,Limit,4365655,0.0831,12.698,28621234180
2020-11-18 05:35:18,XBTUSD,short,Limit,5000000,-9.6972,59.795,28650103494
2020-11-18 05:35:26,XBTUSD,short,Limit,5000000,-9.7264,59.797,28660000000
2020-11-18 05:46:08,XBTUSD,short,Limit,5000000,5.6787,0.976,28849212866
2020-11-18 05:55:34,XBTUSD,short,Limit,5000000,4.6133,1.147,28450000000
2020-11-18 09:09:32,XBTUSD,short,Limit,2200000,-2.0258,3.56,12148400000
2020-11-18 09:10:53,XBTUSD,short,Limit,2200000,-1.6338,3.572,12194600000
2020-11-18 09:11:30,XBTUSD,short,Limit,2860000,-1.9824,3.394,15858700000
2020-11-19 17:11:17,XBTUSD,short,Limit,10000000,0.1125,33.835,55713599365
2020-11-19 17:13:13,XBTUSD,short,Limit,1642,1.6616,33.02,9157434
2020-11-20 22:09:30,XBTUSD,long,Limit,5000000,-0.16,7.028,26990544463
2020-11-20 22:10:01,XBTUSD,long,Limit,597,-0.3926,7.009,3223800
2020-11-21 12:00:53,XBTUSD,long,Limit,10000000,-0.2621,12.939,53920906448
2020-11-22 01:41:30,XBTUSD,long,Limit,5159610,-1.6869,8.858,27914068217
2020-11-22 01:43:21,XBTUSD,long,Limit,6515384,-0.4984,1.393,35332927432
2020-11-22 01:44:27,XBTUSD,long,Limit,10,-0.3355,0.04,54300
2020-11-22 23:56:15,XBTUSD,long,Limit,3082462,-0.3197,0.707,16719273888
2020-11-23 01:15:44,XBTUSD,long,Limit,5000000,-0.8964,1.303,27364637039
2020-11-24 06:03:44,XRPUSD,short,Limit,357545,8.2678,0.22,5006345090
2020-11-24 06:04:14,XRPUSD,long,Limit,142455,0.8427,0.007,2011464600
2020-11-24 06:06:49,XRPUSD,short,Limit,7545,-0.2833,0.039,106837200
2020-11-24 14:55:38,XBTUSD,long,Limit,5000000,5.2311,38.493,25825000000
2020-11-24 14:55:44,XBTUSD,long,Limit,5000000,2.3097,5.439,25814443296
2020-11-25 04:09:57,XBTUSD,long,Limit,5000000,-0.5148,18.509,26535000000
2020-11-25 04:11:05,XBTUSD,long,Limit,538,-0.7286,18.527,2861622
2020-11-25 16:33:15,XBTUSD,short,Limit,462,-0.7446,12.37,2438898
2020-11-25 21:57:27,XBTUSD,long,Limit,5000000,-0.5309,5.444,26492702726
2020-11-25 23:42:19,XBTUSD,long,Limit,538,-0.6429,7.13,2853552
2020-11-26 02:45:26,XBTUSD,short,Limit,5600000,1.9756,1.622,30252804192
2020-11-26 02:46:03,XBTUSD,short,Limit,74000,1.9991,1.596,399896000
2020-11-26 02:49:17,XBTUSD,short,Limit,573,2.5445,1.65,3113682
2020-11-26 02:53:25,XBTUSD,long,Limit,5000000,0.0498,0.075,27124078520
2020-11-26 03:08:14,XBTUSD,long,Limit,427,-1.9281,0.302,2358321
2020-11-26 03:31:01,XBTUSD,short,Limit,573,1.6292,0.38,3216822
2020-11-26 03:31:29,XBTUSD,long,Limit,5000000,-0.6882,0.008,28266220941
2020-11-26 03:31:47,XBTUSD,long,Limit,4999427,-1.6233,0.009,28583898490
2020-11-26 03:32:58,XBTUSD,short,Limit,573,0.4646,0.02,3291317
2020-11-26 03:34:52,XBTUSD,long,Limit,5000000,-0.0213,0.023,28635000000
2020-11-26 03:46:57,XBTUSD,long,Limit,4999427,1.8411,0.212,28083523012
2020-11-26 03:48:48,XBTUSD,short,Limit,573,-0.1376,0.029,3214530
2020-11-26 04:02:51,XBTUSD,long,Limit,1460417,-0.3357,0.036,8200241455
2020-11-26 04:08:18,XBTUSD,long,Limit,1500000,1.128,0.136,8300676634
2020-11-26 04:56:44,XBTUSD,long,Limit,736451,-0.2238,0.934,4130753659
2020-11-26 04:58:32,XBTUSD,long,Limit,2500000,-0.5599,1.014,14091645675
2020-11-26 05:02:34,XBTUSD,long,Limit,2500000,-0.0806,0.805,14071061706
2020-11-26 05:02:37,XBTUSD,long,Limit,1948669,0.2936,0.352,10971006470
2020-11-26 05:06:47,XBTUSD,long,Limit,2315000,0.847,0.427,12961685000
2020-11-26 08:10:02,XBTUSD,long,Limit,1200734,0.1339,0.043,6894942044
2020-11-26 08:11:12,XBTUSD,long,Limit,1924033,-0.1888,0.06,11081934632
2020-11-26 08:17:17,XBTUSD,long,Limit,1100000,0.5171,0.164,6287600000
2020-11-26 09:16:41,XBTUSD,long,Limit,2000998,-2.5035,1.131,11790901310
2020-11-26 09:47:40,XBTUSD,long,Limit,2500000,-2.8547,1.659,14782500000
2020-11-26 09:50:26,XBTUSD,long,Limit,2500000,-0.1267,1.426,14757500000
2020-11-26 09:57:06,XBTUSD,long,Limit,2500000,1.3964,1.374,14675933853
2020-11-26 10:02:14,XBTUSD,long,Limit,1613756,1.8802,1.217,9373378104
2020-11-26 10:06:29,XBTUSD,long,Limit,2500000,1.0619,0.988,14595000000
2020-11-26 10:07:02,XBTUSD,long,Limit,2500000,1.3878,0.879,14575938144
2020-11-26 10:09:15,XBTUSD,long,Limit,2500000,0.5205,0.317,14601776840
2020-11-26 10:16:24,XBTUSD,long,Limit,581750,0.7036,0.215,3370321117
2020-11-26 10:16:26,XBTUSD,long,Limit,2500000,0.757,0.201,14490936247
2020-11-26 10:16:50,XBTUSD,long,Limit,1900000,0.9079,0.186,11014300000
2020-11-26 10:18:04,XBTUSD,long,Limit,965,1.1469,0.201,5582525
2020-11-26 11:28:38,XBTUSD,short,Limit,3960000,-0.2574,1.073,22888800000
2020-11-26 11:41:00,XBTUSD,short,Limit,2500000,-0.0635,1.149,14512500000
2020-11-26 11:50:12,XBTUSD,short,Limit,2500000,1.0185,0.926,14602500000
2020-11-26 11:50:27,XBTUSD,short,Limit,2500000,1.5778,0.604,14620000000
2020-11-26 11:50:56,XBTUSD,short,Limit,3654,1.9767,0.47,21419748
2020-11-26 12:08:32,XBTUSD,long,Limit,346,0.8265,0.293,2011644
2020-11-26 16:54:04,XBTUSD,short,Limit,654,3.1977,4.759,3927924
2020-11-26 17:19:43,XBTUSD,long,Limit,5000000,-0.6227,0.432,30217396632
2020-11-26 18:01:54,XBTUSD,long,Limit,2500000,1.2869,1.02,15004824770
2020-11-26 18:07:20,XBTUSD,long,Limit,1500000,1.3465,1.026,8997000000
2020-11-26 18:15:39,XBTUSD,long,Limit,568649,2.1092,1.164,3385392924
2020-11-26 18:16:31,XBTUSD,long,Limit,14617,1.9422,1.178,87161171
2020-11-26 18:18:27,XBTUSD,long,Limit,2500000,1.9465,1.036,14954912856
2020-11-26 18:31:32,XBTUSD,long,Limit,2000000,2.5132,1.062,11946000000
2020-11-26 18:43:54,XBTUSD,long,Limit,2000000,2.4753,1.26,11954000000
2020-11-26 18:45:16,XBTUSD,long,Limit,3000000,1.1812,0.984,17949000000
2020-11-26 20:18:38,XBTUSD,long,Limit,274889,2.0698,1.418,1621911273
2020-11-26 20:18:43,XBTUSD,long,Limit,5000000,1.919,1.372,29557660690
2020-11-26 20:45:14,XBTUSD,long,Limit,5000000,2.1753,1.866,29501352183
2020-11-26 20:51:29,XBTUSD,long,Limit,4729469,2.4669,1.821,27814007189
2020-11-26 21:25:51,XBTUSD,short,Limit,5000000,-0.3548,0.542,29190000000
2020-11-26 21:26:23,XBTUSD,short,Limit,561657,-0.0438,0.537,3285760266
2020-11-26 21:26:48,XBTUSD,short,Limit,5000000,0.0948,0.528,29230000000
2020-11-26 22:07:46,XBTUSD,short,Limit,5000000,0.9198,1.098,29381056993
2020-11-26 22:08:31,XBTUSD,short,Limit,1652522,1.4332,0.861,9713247517
2020-11-27 01:04:04,XBTUSD,short,Limit,2500000,-0.6663,3.789,14387500000
2020-11-27 01:06:42,XBTUSD,short,Limit,2500000,-0.9831,2.881,14405000000
2020-11-27 02:46:08,XBTUSD,short,Limit,5000000,0.012,2.715,29255624233
2020-11-27 02:47:16,XBTUSD,short,Limit,5000000,1.5572,2.004,29261427383
2020-11-27 03:29:54,XBTUSD,short,Limit,1815837,1.1712,2.486,10537302111
2020-11-27 11:23:06,XBTUSD,short,Limit,1707246,3.3743,10.363,10136647868
2020-11-27 11:23:18,XBTUSD,short,Limit,185954,3.2488,10.365,1102396826
2020-11-27 11:23:35,XBTUSD,short,Limit,5000000,2.9392,10.187,29585164213
2020-11-27 11:24:23,XBTUSD,short,Limit,2040896,2.6406,9.328,12084846561
2020-11-27 11:24:35,XBTUSD,short,Limit,2030868,1.8321,7.954,12005638250
2020-11-27 11:24:56,XBTUSD,short,Limit,5000000,1.9201,7.606,29570000000
2020-11-27 11:27:17,XBTUSD,short,Limit,4192230,2.1416,5.986,24828083475
2020-11-27 14:56:17,XBTUSD,long,Limit,5000000,-1.3893,2.604,29875135980
2020-11-27 16:32:14,XBTUSD,long,Limit,7000,-1.7746,3.943,41944000
2020-11-27 16:41:15,XBTUSD,long,Limit,5000000,-1.2501,1.989,29917463558
2020-11-28 03:42:21,XBTUSD,long,Limit,5000000,1.8051,11.266,29419655415
2020-11-28 11:19:06,XBTUSD,long,Limit,5000000,1.6376,17.068,29169464526
2020-11-28 17:22:49,XBTUSD,long,Limit,5000000,4.056,7.195,28293653138
2020-11-29 09:04:41,XBTUSD,long,Limit,5000000,2.4839,10.718,27620159176
2020-11-29 21:06:15,XBTUSD,long,Limit,5000000,3.0414,18.697,27244836795
2020-11-30 00:30:48,XBTUSD,long,Limit,2294,3.5107,19.798,12442656
2020-11-30 08:04:42,XBTUSD,short,Limit,3522000,-0.4816,7.571,19033038675
2020-11-30 09:11:06,XBTUSD,short,Limit,1354760,-0.2128,8.653,7343990992
2020-11-30 09:12:54,XBTUSD,short,Limit,833294,-0.2806,8.679,4517127821
2020-11-30 09:24:35,XBTUSD,short,Limit,1368832,-0.3821,8.875,7413594112
2020-11-30 09:35:15,XBTUSD,short,Limit,1443000,0.1658,9.049,7857135000
2020-11-30 12:36:02,XBTUSD,short,Limit,1269000,-1.94,12.03,6763770000
2020-11-30 14:56:03,XBTUSD,short,Limit,5000000,-6.6224,14.148,25405790949
2020-11-30 14:58:36,XBTUSD,short,Limit,5000000,-6.3595,13.806,25493207947
2020-11-30 14:59:15,XBTUSD,short,Limit,5000000,-5.3009,6.872,25547721468
2020-11-30 15:22:57,XBTUSD,short,Limit,5000000,-6.0769,4.56,25342485478
2020-11-30 15:29:12,XBTUSD,short,Limit,5000000,-4.0452,1.782,25305000000
2020-11-30 15:32:10,XBTUSD,short,Limit,5000000,-2.9318,1.756,25510000000
2020-11-30 15:32:16,XBTUSD,short,Limit,5000000,-1.8143,1.452,25556259924
2020-11-30 15:33:01,XBTUSD,short,Limit,5000000,0.8888,0.512,25633077520
2020-11-30 15:55:41,XBTUSD,short,Limit,5000000,1.533,0.795,25695000000
2020-11-30 19:32:06,XBTUSD,short,Limit,4649235,2.4129,4.345,24137006566
2020-11-30 19:40:05,XBTUSD,short,Limit,4219000,1.3944,4.061,21926143000
2020-11-30 19:41:22,XBTUSD,short,Limit,956,1.6709,4.077,4983628
2020-11-30 19:44:58,XBTUSD,long,Limit,44,0.391,0.06,228448
2020-12-01 00:06:04,XBTUSD,short,Limit,754686,-0.632,3.632,3859902490
2020-12-01 00:06:35,XBTUSD,short,Limit,25626,-0.5665,3.64,131144067
2020-12-01 00:39:19,XBTUSD,short,Limit,5000000,-0.9443,4.203,25491262101
2020-12-01 05:04:01,XBTUSD,short,Limit,5000000,0.5794,8.601,25875000000
2020-12-01 11:35:17,XBTUSD,short,Limit,5000000,0.6364,14.924,25865000000
2020-12-01 11:35:40,XBTUSD,short,Limit,5000000,1.0888,14.079,25913995980
2020-12-01 20:49:14,XBTUSD,short,Limit,5000000,3.4145,21.473,26447312719
2020-12-01 20:49:23,XBTUSD,short,Limit,1348459,3.6039,21.349,7131805384
2020-12-01 20:49:30,XBTUSD,short,Limit,93247,3.517,21.345,492699531
2020-12-01 21:09:12,XBTUSD,short,Limit,982723,3.1514,21.668,5172950099
2020-12-01 23:10:00,XBTUSD,short,Limit,5000000,4.4496,23.48,26577149912
2020-12-02 00:11:00,XBTUSD,short,Limit,1648056,5.9287,24.361,8882490036
2020-12-02 00:11:30,XBTUSD,short,Limit,5000000,6.0083,13.543,26880288392
2020-12-02 00:20:53,XBTUSD,short,Limit,148159,5.4904,13.334,792190886
2020-12-04 12:05:24,XBTUSD,long,Limit,1841,0.8927,59.742,9753618
2020-12-04 12:13:29,XBTUSD,short,Limit,5000000,0.8102,0.135,26712123821
2020-12-04 12:51:08,XBTUSD,short,Limit,5000000,-0.4005,0.678,26390000000
2020-12-04 13:22:40,XBTUSD,short,Limit,5000000,-0.6299,0.988,26380000000
2020-12-04 23:34:37,XBTUSD,short,Limit,3939899,0.591,11.157,21013184637
2020-12-05 02:44:30,XBTUSD,long,Limit,101,0.4773,3.155,536108
2020-12-06 09:48:11,XBTUSD,short,Limit,5000000,-0.9907,30.595,26293072272
2020-12-06 12:54:43,XBTUSD,short,Limit,5000000,-0.6275,33.176,26330000000
2020-12-06 16:30:26,XBTUSD,short,Limit,60859,-0.8056,36.052,319327173
2020-12-07 01:19:37,XBTUSD,short,Limit,9940040,-2.0004,42.925,51349464807
2020-12-09 10:26:07,XBTUSD,long,Limit,59960,-6.4747,57.085,331159080
2020-12-09 18:28:45,XBTUSD,short,Limit,943000,-0.763,8.052,5171412000
2020-12-09 18:41:06,XBTUSD,short,Limit,5000000,-0.497,8.228,27465000000
2020-12-09 18:42:20,XBTUSD,short,Limit,5000000,-0.7345,8.25,27440000000
2020-12-09 18:55:45,XBTUSD,short,Limit,1675935,0.6004,7.721,9227698110
2020-12-10 10:12:12,XBTUSD,short,Limit,8000000,0.6415,21.443,43901665502
2020-12-10 10:29:09,XBTUSD,short,Limit,5000000,0.0295,16.108,27455000000
2020-12-10 10:31:07,XBTUSD,short,Limit,378548,-0.0357,15.951,2078607068
2020-12-11 00:37:02,XBTUSD,long,Limit,10000000,-0.2698,13.743,55192665741
2020-12-12 22:35:52,XBTUSD,long,Limit,5000000,4.126,57.086,26490000000
2020-12-12 22:41:15,XBTUSD,long,Limit,5000000,3.8314,57.66,26385000000
2020-12-13 07:22:09,XBTUSD,long,Limit,5000000,6.6212,40.727,26145000000
2020-12-13 07:46:48,XBTUSD,long,Limit,5000000,7.1132,41.105,26010000000
2020-12-13 10:04:10,XBTUSD,long,Limit,410,7.8781,43.342,2117650
2020-12-13 20:10:08,XBTUSD,short,Limit,4999590,1.0342,9.59,26092860210
2020-12-16 16:27:58,XBTUSD,long,Limit,410,8.411,68.297,1973740
2020-12-17 03:23:40,XBTUSD,short,Limit,5000000,-5.3563,10.932,22854346577
2020-12-17 03:25:03,XBTUSD,short,Limit,5000000,-5.2393,10.968,22875000000
2020-12-17 03:31:07,XBTUSD,short,Limit,5000000,-5.0,10.972,22895000000
2020-12-17 03:57:01,XBTUSD,short,Limit,590,-5.3481,10.178,2706920
2020-12-17 05:37:22,XBTUSD,long,Limit,5000000,1.0334,1.662,22700000000
2020-12-17 05:37:38,XBTUSD,long,Limit,410,1.1143,1.637,1859350
2020-12-17 09:19:36,XBTUSD,short,Limit,5000000,-6.1224,3.699,21370000000
2020-12-17 09:19:44,XBTUSD,short,Limit,503845,-5.9547,3.686,2154192075
2020-12-17 09:23:01,XBTUSD,short,Limit,5000000,-5.4615,3.596,21460000000
2020-12-17 09:23:47,XBTUSD,short,Limit,5000000,-4.4046,2.103,21506010296
2020-12-17 09:24:05,XBTUSD,short,Limit,5000000,-0.4464,0.287,21550000000
2020-12-17 09:24:35,XBTUSD,short,Limit,5000000,2.6641,0.11,21690000000
2020-12-17 09:39:32,XBTUSD,short,Limit,155882,3.7975,0.353,683698452
2020-12-17 10:00:15,XBTUSD,long,Limit,5000000,-0.2033,0.345,21980000000
2020-12-17 10:01:39,XBTUSD,long,Limit,5000000,0.7034,0.371,21880000000
2020-12-17 10:03:07,XBTUSD,long,Limit,4844118,1.887,0.356,21195437805
2020-12-17 13:55:54,XBTUSD,short,Limit,5000000,2.2221,0.389,21979071359
2020-12-17 18:18:34,XBTUSD,short,Limit,358092,2.7839,4.648,1580785860
2020-12-17 19:33:04,XBTUSD,short,Limit,642732,0.7606,5.889,2777329946
2020-12-17 19:40:03,XBTUSD,short,Limit,5000000,0.2658,5.995,21505000000
2020-12-17 19:41:27,XBTUSD,short,Limit,5000000,-0.3561,5.915,21480000000
2020-12-17 19:42:33,XBTUSD,short,Limit,5000000,-1.3405,5.438,21530000000
2020-12-17 19:49:05,XBTUSD,short,Limit,5000000,2.8843,3.278,21880831918
2020-12-17 20:48:52,XBTUSD,short,Limit,996322,2.0376,2.27,4428238498
2020-12-17 21:23:38,XBTUSD,short,Limit,5000000,1.7991,2.849,22175837361
2020-12-17 23:20:51,XBTUSD,short,Limit,5000000,1.1794,4.768,21990000000
2020-12-19 06:12:54,XBTUSD,short,Limit,5000000,0.1308,35.387,21720000000
2020-12-20 20:06:43,XBTUSD,short,Limit,5000000,-3.9303,71.538,20885000000
2020-12-20 20:19:47,XBTUSD,short,Limit,4971119,-4.9822,69.625,20600893904
2020-12-20 20:21:30,XBTUSD,short,Limit,627089,-4.9023,69.564,2595521371
2020-12-20 20:22:56,XBTUSD,short,Limit,5000000,-4.8841,68.777,20695000000
2020-12-20 20:23:29,XBTUSD,short,Limit,159,-4.6154,62.203,658737
2020-12-20 20:31:09,XBTUSD,short,Limit,2191290,-4.572,62.324,9080705760
2020-12-20 20:31:39,XBTUSD,short,Limit,2258000,-4.7237,62.354,9343604000
2020-12-20 22:02:55,XBTUSD,short,Limit,5000000,2.434,0.765,21505059267
2020-12-20 22:03:25,XBTUSD,short,Limit,5000000,2.7494,0.631,21573805621
2020-12-21 00:02:17,XBTUSD,short,Limit,5000000,-0.4292,1.942,21375000000
2020-12-21 00:03:32,XBTUSD,short,Limit,140000,-0.1354,1.856,598780000
2020-12-21 05:20:48,XBTUSD,short,Limit,10000000,-2.2682,7.262,41814699224
2020-12-21 06:12:12,XBTUSD,short,Limit,5000000,-1.5751,8.024,21000000000
2020-12-21 10:17:17,XBTUSD,short,Limit,5000000,2.7167,12.028,21871491781
2020-12-21 10:17:34,XBTUSD,short,Limit,5000000,2.848,11.899,21936668205
2020-12-21 10:31:02,XBTUSD,short,Limit,3949177,4.1716,12.114,17547621046
2020-12-21 11:03:03,XBTUSD,short,Limit,600000,3.5342,12.646,2648400000
2020-12-21 11:04:21,XBTUSD,short,Limit,50000,3.3128,12.667,220200000
2020-12-21 12:12:20,XBTUSD,short,Limit,5000000,6.4372,13.41,22688079937
2020-12-21 12:12:24,XBTUSD,short,Limit,5000000,6.7042,12.828,22756167070
2020-12-21 12:12:31,XBTUSD,short,Limit,252653,6.5675,12.784,1148684346
2020-12-21 12:46:35,XBTUSD,short,Limit,4821547,3.5825,2.728,21846429457
2020-12-21 15:39:22,XBTUSD,short,Limit,5000000,-1.0032,5.108,21760000000
2020-12-21 17:22:04,XBTUSD,short,Limit,5000000,-0.6135,6.788,21775000000
2020-12-21 17:22:20,XBTUSD,short,Limit,4926692,-1.2977,6.342,21455743660
2020-12-23 00:01:41,XBTUSD,long,Limit,5000000,4.1495,30.116,21003805154
2020-12-23 00:09:12,XBTUSD,long,Limit,5000000,4.135,29.905,21052476265
2020-12-23 11:12:34,XBTUSD,long,Limit,10000000,-2.7686,6.592,43810000000
2020-12-23 21:18:57,XRPUSD,long,Limit,150000,2.9632,0.469,810000000
2020-12-23 21:19:02,XRPUSD,long,Limit,150000,5.1449,0.467,813000000
2020-12-23 21:19:06,XRPUSD,long,Limit,12075,6.2627,0.469,65688000
2020-12-23 21:19:19,XRPUSD,long,Limit,150000,5.9724,0.471,813055566
2020-12-23 21:19:46,XRPUSD,long,Limit,150000,5.6736,0.475,813000976
2020-12-23 21:20:05,XRPUSD,long,Limit,112636,5.1944,0.483,610487120
2020-12-23 22:23:28,XBTUSD,long,Limit,65480,-1.6724,11.186,288832280
2020-12-23 22:44:08,XRPUSD,long,Limit,150000,11.7647,0.523,798000000
2020-12-23 22:44:16,XRPUSD,long,Limit,130479,12.6582,0.522,696757860
2020-12-23 22:45:16,XRPUSD,long,Limit,64834,11.1063,0.525,337396136
2020-12-23 22:46:41,XRPUSD,long,Limit,300000,12.4295,0.552,1567946438
2020-12-23 22:48:41,XRPUSD,long,Limit,95853,14.4956,0.579,511859820
2020-12-23 23:27:10,XRPUSD,long,Limit,150000,13.7747,1.215,792000000
2020-12-23 23:27:53,XRPUSD,long,Limit,150000,14.6779,1.237,795000000
2020-12-23 23:28:54,XRPUSD,long,Limit,150000,14.8927,1.246,795000000
2020-12-23 23:29:29,XRPUSD,long,Limit,10390,14.3935,1.25,55274800
2020-12-23 23:33:47,XRPUSD,long,Limit,36405,17.3229,1.323,198771300
2020-12-23 23:34:05,XRPUSD,long,Limit,19000,16.7382,1.327,103360000
2020-12-23 23:35:43,XRPUSD,long,Limit,150000,16.7772,1.358,810000000
2020-12-23 23:36:02,XRPUSD,long,Limit,150000,17.0054,1.361,813000000
2020-12-23 23:38:19,XRPUSD,long,Limit,5153,15.0226,1.411,27620080
2020-12-23 23:38:43,XRPUSD,long,Limit,150000,15.6657,1.402,801000000
2020-12-23 23:39:09,XRPUSD,long,Limit,150000,15.6933,1.409,801000000
2020-12-24 01:41:08,XRPUSD,long,Limit,150000,24.4501,3.464,867048416
2020-12-24 01:41:11,XRPUSD,long,Limit,150000,25.0713,3.442,861166944
2020-12-24 01:41:19,XRPUSD,long,Limit,150000,26.1318,3.444,864000000
2020-12-24 01:43:44,XRPUSD,long,Limit,150000,26.8313,3.398,870000000
2020-12-24 01:43:46,XRPUSD,long,Limit,150000,33.3093,3.327,873000000
2020-12-24 01:44:01,XRPUSD,long,Limit,150000,33.7536,3.328,873000000
2020-12-24 01:44:06,XRPUSD,long,Limit,150000,30.5552,3.317,873180420
2020-12-24 01:44:42,XRPUSD,long,Limit,52032,25.8621,3.314,303866880
2020-12-24 01:47:09,XRPUSD,long,Limit,150000,23.7488,3.351,864000000
2020-12-24 01:47:24,XRPUSD,long,Limit,31065,23.176,3.355,178313100
2020-12-24 01:48:25,XRPUSD,long,Limit,150000,23.3463,3.371,855024186
2020-12-24 01:49:40,XRPUSD,long,Limit,150000,23.843,3.382,858000000
2020-12-24 01:49:44,XRPUSD,long,Limit,150000,19.7964,3.073,861000000
2020-12-24 01:50:05,XRPUSD,long,Limit,150000,15.5164,2.894,861000000
2020-12-24 01:50:28,XRPUSD,long,Limit,13436,16.129,2.897,77391360
2020-12-24 01:50:58,XRPUSD,long,Limit,145835,16.064,2.817,837092900
2020-12-24 01:51:57,XRPUSD,long,Limit,150000,6.7066,2.219,858000000
2020-12-24 01:54:17,XRPUSD,long,Limit,150000,14.2961,1.97,864000000
2020-12-24 01:54:44,XRPUSD,long,Limit,150000,14.6892,1.971,867000000
2020-12-24 01:55:13,XRPUSD,long,Limit,150000,14.7547,1.905,867000000
2020-12-24 01:55:19,XRPUSD,long,Limit,145502,16.5032,1.855,844103856
2020-12-24 02:36:18,XRPUSD,short,Limit,150000,6.6922,0.625,828000000
2020-12-24 02:36:30,XRPUSD,short,Limit,150000,6.9836,0.618,825000000
2020-12-24 02:41:21,XRPUSD,short,Limit,150000,7.0946,0.706,825000000
2020-12-24 02:42:13,XRPUSD,short,Limit,149667,7.4845,0.706,820175160
2020-12-27 12:19:36,XBTUSD,short,Limit,5000000,-18.0233,81.259,18587939562
2020-12-27 12:22:17,XBTUSD,short,Limit,5000000,-17.575,81.235,18645000000
2020-12-27 15:16:38,BCHUSD,long,Limit,10000,0.4403,0.037,353550000
2020-12-27 15:16:45,XRPUSD,long,Market,333,6.7153,84.576,1947384
2020-12-27 15:26:42,BCHUSD,long,Limit,10000,0.5698,0.039,353000000
2020-12-27 18:08:42,XBTUSD,short,Limit,1708455,-8.7119,55.245,6394747065
2020-12-27 18:12:21,XBTUSD,short,Limit,2004,-8.9447,54.646,7472916
2020-12-27 18:19:39,XBTUSD,short,Limit,5000000,-9.9531,53.643,18600000000
2020-12-27 20:49:05,XBTUSD,short,Limit,1413705,-9.4312,53.286,5361540317
2020-12-27 20:49:18,XBTUSD,short,Limit,5000000,-9.5058,53.257,18992339402
2020-12-27 20:49:56,XBTUSD,short,Limit,4821840,-9.2124,53.284,18343311627
2020-12-28 20:54:13,XBTUSD,long,Limit,178160,1.9779,23.987,664536800
2020-12-29 14:17:31,XBTUSD,short,Limit,5000000,0.1416,17.537,18675176619
2020-12-29 14:26:45,XBTUSD,short,Limit,5000000,0.2741,17.501,18685005637
2020-12-29 20:57:58,XRPUSD,long,Limit,179104,0.4608,0.986,780893440
2020-12-29 21:02:26,XRPUSD,long,Limit,300000,1.2006,0.909,1314000000
2020-12-29 21:02:36,XRPUSD,long,Limit,300000,2.1347,0.769,1320000000
2020-12-29 21:02:53,XRPUSD,long,Limit,300000,2.6111,0.672,1320001000
2020-12-29 21:03:09,XRPUSD,long,Limit,32378,2.8037,0.621,142463200
2020-12-29 21:03:39,XRPUSD,long,Limit,74660,2.3364,0.63,327010800
2020-12-29 21:13:12,XRPH21,long,Limit,100267,0.0425,0.791,63597118
2020-12-29 21:13:47,XRPH21,long,Limit,258080,-1.8787,0.801,161520571
2020-12-29 21:14:40,XRPH21,long,Limit,2672421,-3.4252,0.899,1661076377
2020-12-30 05:41:23,ETHUSD,long,Limit,200000,5.7572,60.208,14640000000
2020-12-30 05:42:05,XRPUSD,long,Limit,300000,-1.3721,9.25,1260000000
2020-12-30 05:42:52,XRPUSD,long,Limit,300000,-0.1913,9.113,1260000000
2020-12-30 05:42:56,XRPUSD,long,Limit,204263,0.4762,9.09,861989860
2020-12-30 05:43:47,XRPUSD,long,Limit,300000,0.1442,9.104,1260000000
2020-12-30 05:45:35,XRPUSD,long,Limit,300000,-0.0115,9.123,1254000000
2020-12-30 05:48:52,XRPH21,long,Limit,682240,-4.7846,9.366,418980594
2020-12-30 05:49:26,ETHUSD,long,Limit,200000,4.796,57.733,14640000000
2020-12-30 05:51:09,XRPH21,long,Limit,2322327,-5.9265,9.387,1416729469
2020-12-30 05:54:38,XRPH21,long,Limit,390237,-6.2784,9.417,237654333
2020-12-30 05:55:51,XRPUSD,long,Limit,157439,-0.9471,6.533,645499900
2020-12-30 05:57:07,XRPH21,long,Limit,1730450,-6.6046,9.462,1050383150
2020-12-30 06:02:52,XRPH21,long,Limit,30000,-6.3077,9.522,18270000
2020-12-30 06:03:49,XRPH21,long,Limit,28000,-7.3846,9.542,16856000
2020-12-30 06:05:04,XRPH21,long,Limit,1098531,-7.8462,9.655,658020069
2020-12-30 06:13:36,XRPH21,long,Limit,34000,-7.3846,9.697,20468000
2020-12-30 06:17:03,XRPH21,long,Limit,16996,-7.8462,9.753,10180604
2020-12-30 06:19:21,XRPH21,long,Limit,40532,-8.3077,9.791,24157072
2020-12-30 06:20:46,XRPH21,long,Limit,1,-8.6154,9.815,594
2020-12-30 06:21:49,XRPH21,long,Limit,1398645,-7.9293,9.873,828002957
2020-12-30 06:28:30,XRPH21,long,Limit,8854,-5.12,9.876,5250422
2020-12-30 06:28:48,XRPH21,long,Limit,333442,-4.64,9.892,198731432
2020-12-30 06:39:23,ETHUSD,long,Limit,100000,5.5954,58.601,7360000000
2020-12-30 06:48:28,XRPH21,long,Limit,1281916,-3.04,10.264,776841096
2020-12-30 06:57:37,XRPH21,long,Limit,104160,-3.04,10.358,63120960
2020-12-31 04:02:48,XBTUSD,short,Limit,5000000,-1.524,2.382,17235000000
2020-12-31 04:50:07,XBTUSD,short,Limit,5000000,-1.1542,3.692,17295000000
2020-12-31 05:33:51,XBTUSD,short,Limit,5000000,-0.5459,3.725,17355000000
2020-12-31 09:50:41,XBTUSD,short,Limit,5000000,-1.3218,1.615,17200000000
2020-12-31 09:56:34,XBTUSD,short,Limit,1583000,-1.2156,0.649,5448686000
2020-12-31 09:58:11,XBTUSD,short,Limit,5000000,-1.0368,0.628,17220000000
2021-01-02 05:32:26,XBTUSD,short,Limit,10000000,-4.2531,40.34,33769575948
2021-01-02 05:33:54,XBTUSD,short,Limit,10000000,-4.7458,40.177,33731884149
2021-01-02 05:37:41,XBTUSD,short,Limit,597,-4.522,40.19,2014875
2021-01-03 15:13:08,XBTUSD,short,Limit,5000000,-3.4721,14.625,14935148421
2021-01-03 15:14:07,XBTUSD,short,Limit,5000000,-3.4707,14.671,14915000000
2021-01-03 15:15:11,XBTUSD,short,Limit,449376,-3.3223,14.606,1343793234
2021-01-03 15:23:02,XBTUSD,short,Limit,5000000,-3.0787,14.671,14980000000
2021-01-03 15:24:30,XBTUSD,short,Limit,1332458,-2.6985,14.572,4001371374
2021-01-03 15:25:20,XBTUSD,short,Limit,3218759,-3.081,14.558,9630771946
2021-01-03 23:20:07,XBTUSD,long,Limit,99241,-0.2992,7.915,297822241
2021-01-04 08:42:38,XBTUSD,short,Limit,5000000,4.0562,9.375,15635604404
2021-01-04 08:45:32,XBTUSD,short,Limit,5000000,5.102,9.41,15800000000
2021-01-04 09:35:55,XBTUSD,short,Limit,4900759,6.0583,10.193,15608917415
2021-01-04 10:36:21,XBTUSD,long,Limit,5000000,1.9252,0.354,16890000000
2021-01-04 10:47:40,XBTUSD,long,Limit,5000000,3.574,0.528,16659787294
2021-01-04 10:47:58,XBTUSD,long,Limit,99000,3.8275,0.533,329061105
2021-01-05 01:02:19,XBTUSD,long,Limit,241,12.5091,14.772,739388
2021-01-05 01:06:46,XBTUSD,short,Limit,4600000,0.1651,0.084,14145000000
2021-01-05 01:09:30,XRPUSD,long,Limit,1420472,15.9159,142.996,6681060094
2021-01-05 05:51:08,XBTUSD,short,Limit,233736,6.6769,4.813,768757704
2021-01-05 05:51:14,XBTUSD,short,Limit,5000000,6.5829,4.783,16435000000
2021-01-05 05:52:08,XBTUSD,short,Limit,5000000,6.5941,4.825,16405000000
2021-01-05 05:52:21,XBTUSD,short,Limit,4767526,6.6784,4.775,15683895603
2021-01-05 05:53:21,XBTUSD,long,Limit,232000,-0.4112,0.017,766296000
2021-01-05 07:19:54,XBTUSD,long,Limit,474,2.5312,1.459,1520592
2021-01-05 19:44:57,ETHUSD,short,Limit,436500,-2.7306,0.614,48016778110
2021-01-05 20:02:31,XBTUSD,short,Limit,526,-7.8731,12.71,1564324
2021-01-06 04:34:30,XBTUSD,long,Limit,474,5.4322,8.533,1337154
2021-01-06 09:25:09,XBTUSD,short,Limit,243450,4.467,4.844,718872198
2021-01-07 11:35:58,XRPH21,long,Limit,380653,18.7239,206.975,282453788
2021-01-07 11:37:02,XRPH21,long,Limit,350403,17.8539,206.992,258102275
2021-01-07 11:39:59,XRPH21,long,Limit,2686624,29.2028,206.932,1965245576
2021-01-07 11:50:08,XRPH21,long,Limit,1582320,34.2221,206.961,1174377440
2021-01-07 18:43:38,XBTUSD,short,Limit,5000000,-7.4591,38.147,13126009054
2021-01-07 18:43:47,XBTUSD,short,Limit,5000000,-7.4527,38.147,13125000000
2021-01-10 17:30:07,XBTUSD,short,Limit,5000000,-7.6779,108.817,13100216225
2021-01-10 18:26:42,XBTUSD,short,Limit,5000000,-7.4184,107.792,13071268302
2021-01-10 20:09:06,XBTUSD,short,Limit,5000000,5.5553,71.013,13431993377
2021-01-10 20:15:01,XBTUSD,short,Limit,29753,6.9444,70.748,80749642
2021-01-10 20:15:03,XBTUSD,short,Limit,85389,6.8932,70.749,231574968
2021-01-10 20:15:12,XBTUSD,short,Limit,449094,6.6987,70.752,1215388798
2021-01-10 20:15:27,XBTUSD,short,Limit,586848,6.7144,70.755,1588547555
2021-01-10 20:15:44,XBTUSD,short,Limit,5000000,5.5821,69.154,13530000000
2021-01-10 20:17:20,XBTUSD,short,Limit,3855000,2.2007,65.028,10380628026
2021-01-10 20:37:51,XBTUSD,short,Limit,992,3.1974,65.34,2695264
2021-01-10 20:40:14,XBTUSD,long,Limit,5000000,-0.2717,0.037,13625000000
2021-01-10 20:45:39,XBTUSD,long,Limit,5000000,2.1799,0.131,13335000000
2021-01-10 20:46:47,XBTUSD,long,Limit,5000000,3.0179,0.132,13299306564
2021-01-10 20:57:27,XBTUSD,long,Limit,597,2.0745,0.283,1588617
2021-01-10 21:29:21,XBTUSD,short,Limit,5000000,0.2652,0.49,13300000000
2021-01-10 23:39:08,XBTUSD,short,Limit,991954,-1.0384,2.65,2600613860
2021-01-10 23:53:53,XBTUSD,short,Limit,5000000,-1.5362,2.894,13040000000
2021-01-10 23:57:35,XBTUSD,short,Limit,5000000,-1.1624,2.952,13055000000
2021-01-10 23:58:50,XBTUSD,short,Limit,5000000,-0.8184,2.971,13070000000
2021-01-11 00:01:32,XBTUSD,short,Limit,4008449,-0.2625,2.968,10494119482
2021-01-11 01:07:10,XBTUSD,long,Limit,5000000,1.6316,0.811,13230555695
2021-01-11 03:54:27,XBTUSD,long,Limit,5000000,-4.1944,3.1,14125000000
2021-01-11 03:55:14,XBTUSD,long,Limit,5000000,-3.7649,1.833,14085000000
2021-01-11 03:56:14,XBTUSD,long,Limit,1551,-3.5844,1.841,4356759
2021-01-11 04:25:09,XBTUSD,short,Limit,5000000,2.2472,0.48,14370000000
2021-01-11 04:25:33,XBTUSD,short,Limit,5000000,2.7018,0.434,14390000000
2021-01-11 04:26:55,XBTUSD,short,Limit,2000000,3.0726,0.416,5764000000
2021-01-11 04:28:57,XBTUSD,short,Limit,184000,4.1899,0.449,536360000
2021-01-11 06:13:31,XBTUSD,short,Limit,5000000,3.2557,1.698,14715000000
2021-01-11 06:13:39,XBTUSD,short,Limit,5000000,4.8887,1.261,14740000000
2021-01-11 06:46:50,ETHUSD,short,Limit,87500,6.5022,2.864,9121875000
2021-01-11 06:48:16,XBTUSD,short,Limit,5000000,7.7124,1.732,15220000000
2021-01-11 06:49:29,ETHUSD,short,Limit,50137,8.3992,2.906,5126508250
2021-01-11 07:17:14,ETHUSD,short,Limit,13354,9.5982,3.347,1352092500
2021-01-11 07:47:22,XBTUSD,short,Limit,4978020,1.1621,1.287,14575763955
2021-01-11 07:51:08,ETHUSD,short,Limit,24191,4.6875,3.911,2582389250
2021-01-11 08:08:30,XBTUSD,long,Limit,21980,3.1977,0.321,62379240
2021-01-11 09:10:45,XBTUSD,short,Limit,1848218,0.7324,1.038,5287751698
2021-01-11 09:24:34,XBTUSD,short,Limit,5000000,-0.0889,1.493,14185000000
2021-01-11 10:41:25,XBTUSD,short,Limit,5000000,0.2845,2.31,14145000000
2021-01-11 11:02:41,XBTUSD,short,Limit,5000000,1.8091,2.262,14225000000
2021-01-11 11:05:13,XBTUSD,short,Limit,5000000,2.4589,1.806,14275000000
2021-01-11 11:05:32,XBTUSD,short,Limit,5000000,3.2884,0.992,14295000000
2021-01-11 11:06:10,XBTUSD,short,Limit,3159000,3.7105,0.968,9043217230
2021-01-11 11:19:06,XBTUSD,short,Limit,802,4.3253,1.173,2310562
2021-01-11 21:24:36,XBTUSD,long,Limit,5000000,-0.8658,10.086,14555000000
2021-01-11 23:17:33,XBTUSD,long,Limit,5000000,1.0873,11.495,14265000000
2021-01-11 23:18:33,XBTUSD,long,Limit,5000000,11.6642,9.115,14238720502
2021-01-11 23:20:40,XBTUSD,long,Limit,198,11.6645,9.138,563904
2021-01-12 00:18:27,XBTUSD,short,Limit,5000000,2.2,0.563,14505120269
2021-01-12 01:48:45,XBTUSD,short,Limit,5000000,3.5339,2.052,14680000000
2021-01-12 06:40:49,EOSH21,long,Limit,140449,22.8999,21.229,935555600
2021-01-12 09:06:34,XBTUSD,short,Limit,987140,-0.8105,9.335,2773918161
2021-01-12 09:16:03,XBTUSD,short,Limit,7306866,-2.1146,9.485,20254632552
2021-01-12 09:17:54,XBTUSD,short,Limit,1071794,-1.5689,9.492,2982802702
2021-01-12 10:27:25,XBTUSD,short,Limit,5600000,0.8215,10.642,15943200000
2021-01-12 10:27:41,XBTUSD,short,Limit,5600000,1.0594,10.629,15965600000
2021-01-12 20:33:54,XBTUSD,short,Limit,5000000,4.2596,20.663,14716431801
2021-01-12 20:34:40,EOSH21,long,Limit,359551,26.2163,35.415,2473186170
2021-01-12 21:45:19,XBTUSD,short,Limit,5000000,2.2204,21.009,14576738760
2021-01-12 22:12:50,XBTUSD,short,Limit,5000000,1.0083,19.998,14370000000
2021-01-12 22:16:09,XBTUSD,short,Limit,5000000,2.4178,10.227,14389481582
2021-01-12 22:18:54,XBTUSD,short,Limit,34000,2.5259,10.256,97954000
2021-01-13 06:19:59,XBTUSD,short,Limit,513,5.3425,18.274,1522071
2021-01-13 20:08:17,XBTUSD,long,Limit,5000000,7.2501,13.759,13795000000
2021-01-13 20:11:55,XBTUSD,long,Limit,5000000,7.4759,13.807,13775000000
2021-01-13 22:02:57,XBTUSD,long,Limit,487,11.4241,15.635,1293959
2021-01-15 03:50:52,XBTUSD,short,Limit,5000000,-2.7049,28.469,12963765780
2021-01-15 05:07:43,XBTUSD,short,Limit,5000000,-3.4092,29.267,12971481971
2021-01-15 06:00:28,XBTUSD,short,Limit,5000000,0.105,30.01,13212855062
2021-01-15 06:08:34,XBTUSD,short,Limit,5000000,0.8584,30.054,13290001428
2021-01-15 06:10:44,XBTUSD,short,Limit,2772875,0.6735,29.83,7366590209
2021-01-15 11:08:35,XBTUSD,short,Limit,5000000,-0.2051,29.212,13090000000
2021-01-15 11:13:08,XBTUSD,short,Limit,324000,-0.0393,24.391,848880000
2021-01-15 11:48:41,XBTUSD,short,Limit,5000000,2.244,22.89,13160000000
2021-01-15 12:14:18,XBTUSD,short,Limit,10000000,3.3906,21.863,26291725108
2021-01-15 12:29:38,XBTUSD,short,Limit,5000000,4.649,16.564,13370000000
2021-01-15 12:33:14,XBTUSD,short,Limit,5000000,4.3024,13.075,13380489342
2021-01-15 12:46:45,XBTUSD,short,Limit,10000000,2.7541,9.826,26517009366
2021-01-15 12:48:02,XBTUSD,short,Limit,4458180,1.6281,4.33,11834664493
2021-01-15 12:48:40,XBTUSD,short,Limit,5121462,1.9498,2.668,13566752838
2021-01-15 12:49:32,XBTUSD,short,Limit,5420000,0.4424,0.624,14346740000
2021-01-15 14:35:20,XBTUSD,short,Limit,906,2.3869,2.224,2448918
2021-01-15 16:12:19,XBTUSD,long,Limit,5000000,-4.9266,1.543,14254253306
2021-01-15 16:12:24,XBTUSD,long,Limit,342866,-4.5619,1.414,977313367
2021-01-15 16:17:12,XBTUSD,long,Limit,5000000,-3.4954,1.494,14084597774
2021-01-15 16:27:07,XBTUSD,long,Limit,5000000,-1.8887,1.696,13861697230
2021-01-15 16:30:38,XBTUSD,long,Limit,5000000,-2.0195,1.557,13853748215
2021-01-15 16:30:43,XBTUSD,long,Limit,4657228,2.4133,0.194,12890849519
2021-01-15 16:34:31,XBTUSD,short,Limit,363798,0.7695,0.061,1014632622
2021-01-15 17:15:38,XBTUSD,long,Limit,4636202,-0.2066,0.686,12957889056
2021-01-16 00:21:34,XBTUSD,short,Limit,5000000,-2.3876,6.196,13456277728
2021-01-16 00:45:01,XBTUSD,short,Limit,1087436,-2.2529,6.564,2927935845
2021-01-16 00:48:25,XBTUSD,short,Limit,5000000,-2.2257,6.616,13470696654
2021-01-16 01:45:35,XBTUSD,short,Limit,5000000,-2.4141,7.995,13530135251
2021-01-16 02:20:44,XBTUSD,short,Limit,187708,-1.4454,8.089,512255132
2021-01-16 02:20:52,XBTUSD,short,Limit,5000000,-1.4746,8.027,13635000000
2021-01-16 02:21:26,XBTUSD,short,Limit,5000000,-1.3459,7.384,13635000000
2021-01-16 02:21:58,XBTUSD,short,Limit,4419841,-0.2794,4.103,12085645038
2021-01-16 02:22:06,XBTUSD,short,Limit,5000000,0.0097,3.829,13660139706
2021-01-16 02:23:03,XBTUSD,short,Limit,5000000,-0.0339,3.899,13637445560
2021-01-16 02:35:59,XBTUSD,short,Limit,3594595,-0.0419,4.011,9791825667
2021-01-16 02:38:24,XBTUSD,short,Limit,8573216,0.3061,3.828,23400371239
2021-01-16 09:01:50,XBTUSD,long,Limit,3500000,3.1094,6.238,9313500000
2021-01-16 09:02:10,XBTUSD,long,Limit,3500000,3.6431,6.101,9310000000
2021-01-17 11:44:35,XBTUSD,long,Limit,959203,-2.7425,32.802,2718662859
2021-01-17 11:47:44,XBTUSD,long,Limit,5000000,-2.6749,32.849,14205000000
2021-01-17 12:01:48,XBTUSD,long,Limit,5000000,-5.106,28.311,14196430891
2021-01-17 21:16:27,XBTUSD,long,Limit,5000000,6.4158,12.085,13644911656
2021-01-17 21:17:06,XBTUSD,long,Limit,4000000,0.383,29.354,10927800507
2021-01-18 16:10:17,XBTUSD,long,Limit,10000000,1.1499,16.324,27617920793
2021-01-19 12:49:34,XBTUSD,long,Limit,5000000,4.6771,33.321,13569390210
2021-01-20 00:04:34,XBTUSD,long,Limit,41690,2.0227,44.54,116106650
2021-01-21 01:39:36,XBTUSD,short,Limit,5000000,2.452,25.566,14285491795
2021-01-21 04:43:23,XBTUSD,short,Limit,9958310,3.1887,26.384,28684394984
2021-01-21 09:30:50,XBTUSD,long,Limit,41690,-5.3996,4.791,126904360
2021-01-21 17:27:10,XBTUSD,short,Limit,10000000,3.2918,7.907,31554760416
2021-01-21 22:29:56,XBTUSD,short,Limit,5000000,7.8104,12.889,16585000000
2021-01-21 22:37:55,XBTUSD,short,Limit,5000000,8.2879,12.973,16640000000
2021-01-22 00:25:29,XBTUSD,short,Limit,5000000,9.3065,14.738,16780000000
2021-01-22 00:25:33,XBTUSD,short,Limit,5000000,9.4725,14.695,16805000000
2021-01-22 00:25:47,XBTUSD,short,Limit,5000000,6.992,9.649,16865000000
2021-01-22 01:19:38,XBTUSD,short,Limit,4340152,9.106,10.077,15003905464
2021-01-22 02:05:46,XBTUSD,short,Limit,5000000,6.4839,10.832,16737576617
2021-01-22 02:06:32,XBTUSD,short,Limit,1680000,4.5524,7.239,5633040000
2021-01-22 04:36:59,XBTUSD,short,Limit,5000000,-3.4404,3.794,16164962195
2021-01-22 10:26:56,XBTUSD,short,Limit,5000000,-3.6553,8.572,16066271820
2021-01-22 23:46:42,XBTUSD,short,Limit,5000000,-7.0268,20.72,15245000000
2021-01-22 23:47:57,XBTUSD,short,Limit,5000000,-7.6514,20.46,15197830088
2021-01-23 00:10:41,XBTUSD,short,Limit,546705,-6.0458,20.655,1684944810
2021-01-23 00:19:39,XBTUSD,short,Limit,5000000,-6.0794,21.171,15371190700
2021-01-23 00:50:43,XBTUSD,short,Limit,273050,-6.8483,21.167,835112003
2021-01-23 01:04:56,XBTUSD,short,Limit,10000000,-6.0872,21.267,30610702861
2021-01-23 01:15:16,XBTUSD,short,Limit,10000000,-4.2025,21.131,30916339939
2021-01-23 02:45:08,XBTUSD,short,Limit,10000000,1.0718,13.629,31121130969
2021-01-23 02:46:24,XBTUSD,short,Limit,9182792,4.4388,6.394,28540117536
2021-01-24 09:57:10,XBTUSD,long,Limit,3000000,0.4389,8.736,9168000000
2021-01-25 02:16:41,XBTUSD,long,Limit,1000000,0.1131,16.568,3052000000
2021-01-25 02:18:17,XBTUSD,long,Limit,1000000,0.0318,16.558,3052000000
2021-01-25 13:05:15,XBTUSD,long,Limit,5000000,4.3372,27.3,14625000000
2021-01-25 13:10:38,XBTUSD,long,Limit,5000000,4.7957,9.99,14600000000
2021-01-25 13:12:06,XBTUSD,long,Limit,2849663,3.3287,7.44,8269232885
2021-01-25 13:15:25,XBTUSD,long,Limit,5000000,2.9697,7.474,14565000000
2021-01-25 13:15:41,XBTUSD,long,Limit,200709,3.0828,7.461,584263899
2021-01-25 13:18:07,XBTUSD,long,Limit,1950000,2.7757,7.505,5694000000
2021-01-26 19:11:59,XBTUSD,long,Limit,97,-2.8417,37.399,299633
2021-01-27 09:31:47,XBTUSD,short,Limit,2081652,3.8898,14.254,6710962355
2021-01-27 09:40:14,XBTUSD,short,Limit,10000000,3.4696,14.277,32180000000
2021-01-27 14:04:04,XBTUSD,short,Limit,5000000,6.3558,18.183,16576831549
2021-01-27 14:04:08,XBTUSD,short,Limit,5000000,6.0241,17.345,16576355350
2021-01-27 14:31:47,XBTUSD,short,Limit,5000000,6.9674,16.552,16634604456
2021-01-27 14:31:58,XBTUSD,short,Limit,2988000,7.8543,15.266,9917717023
2021-01-28 20:25:03,XBTUSD,short,Limit,10000000,-4.6083,8.289,30445392137
2021-01-29 01:38:27,XBTUSD,short,Limit,7770808,-6.672,9.556,22976887133
2021-01-29 06:03:32,XBTUSD,short,Limit,3000000,-3.2644,13.633,9142713135
2021-01-29 06:11:44,XBTUSD,short,Limit,107645,-3.2752,13.749,328052730
2021-01-29 08:08:04,XBTUSD,long,Limit,5000000,-1.0393,1.94,15385000000
2021-01-29 08:08:58,XBTUSD,long,Limit,5000000,-0.9893,1.908,15375000000
2021-01-29 08:55:31,XBTUSD,long,Limit,10000000,8.4692,2.638,28079423249
2021-01-29 08:55:51,XBTUSD,long,Limit,10000000,9.2914,2.544,27869251611
2021-01-29 08:59:18,XBTUSD,long,Limit,5000000,2.8937,0.042,13698408242
2021-01-29 09:01:01,XBTUSD,long,Limit,26613,5.4138,0.056,71113656
2021-01-29 09:01:33,XBTUSD,short,Limit,4973387,2.4232,0.024,13642000541
2021-01-29 09:08:05,XBTUSD,long,Limit,5000000,-0.5666,0.076,14025000000
2021-01-29 09:09:58,XBTUSD,long,Limit,5000000,0.2782,0.103,13945000000
2021-01-29 09:29:39,XBTUSD,long,Limit,5000000,5.8821,0.404,13229877148
2021-01-29 09:30:11,XBTUSD,long,Limit,1446000,6.8757,0.397,3823563713
2021-01-29 09:48:32,XBTUSD,long,Limit,5446000,4.0635,0.662,14698754000
2021-01-29 09:49:55,XBTUSD,long,Limit,4600000,3.1992,0.56,12369400000
2021-01-29 09:50:02,XBTUSD,long,Limit,5400000,1.059,0.118,14535822580
2021-01-29 11:07:14,XBTUSD,long,Limit,5000000,1.5316,0.964,13460000000
2021-01-29 11:07:28,XBTUSD,long,Limit,5000000,1.6567,0.969,13460000000
2021-01-29 12:03:45,XBTUSD,long,Limit,70651,1.3735,1.904,190676028
2021-01-29 12:03:52,XBTUSD,long,Limit,4738078,1.4825,1.792,12806244661
2021-01-29 12:04:21,XBTUSD,long,Limit,192000,1.4403,1.778,519360000
2021-01-29 12:59:28,XBTUSD,long,Limit,5000000,4.5216,2.607,13164155742
2021-01-29 13:56:28,XBTUSD,long,Limit,5000000,2.9938,0.844,12972218941
2021-01-29 17:23:44,XBTUSD,long,Limit,381268,-2.8401,2.837,1046580660
2021-01-29 17:23:55,XBTUSD,long,Limit,4600000,-2.9326,2.843,12636157082
2021-01-29 20:33:33,XBTUSD,long,Limit,5000000,-6.0762,4.01,14368927393
2021-01-29 20:33:53,XBTUSD,long,Limit,5000000,-4.3911,3.731,14368733544
2021-01-29 20:47:23,XBTUSD,long,Limit,5000000,-3.7483,3.733,14470000000
2021-01-29 20:48:38,XBTUSD,long,Limit,5000000,-3.3209,2.71,14457889849
2021-01-29 21:06:34,XBTUSD,long,Limit,18850,-3.1754,2.972,54419950
2021-01-31 17:57:20,XBTUSD,short,Limit,10000000,4.5428,25.545,30944683511
2021-02-01 11:17:52,XRPUSD,short,Limit,150000,6.0261,0.138,2106000000
2021-02-01 11:55:49,XRPUSD,short,Limit,150000,11.245,0.769,1989000000
2021-02-01 11:56:32,XRPUSD,short,Limit,150000,9.9216,0.774,2010000000
2021-02-01 11:56:49,XRPUSD,short,Limit,150000,9.5651,0.799,2009011152
2021-02-01 12:02:10,XRPUSD,long,Limit,76767,4.0,0.033,958052160
2021-02-01 12:02:24,XRPUSD,long,Limit,150000,6.247,0.039,1896000000
2021-02-01 12:04:51,XRPUSD,long,Limit,150000,9.1411,0.076,1914900000
2021-02-01 12:33:26,XRPUSD,long,Limit,150000,8.4806,0.323,1842000000
2021-02-01 12:33:57,XRPUSD,long,Limit,150000,9.2366,0.326,1848000000
2021-02-01 12:36:02,XRPUSD,long,Limit,150000,10.1259,0.355,1836900000
2021-02-03 17:34:38,XBTUSD,short,Limit,5000000,-10.0794,97.064,13496968353
2021-02-03 20:03:33,XBTUSD,short,Limit,5000000,-9.1728,99.497,13610205719
2021-02-04 03:53:25,XBTUSD,short,Limit,5000000,-10.9308,67.854,13325060000
2021-02-04 03:55:02,XBTUSD,short,Limit,5000000,-11.0262,67.81,13305000000
2021-02-04 14:54:07,XBTUSD,short,Limit,5000000,-6.708,77.562,13540000000
2021-02-04 15:00:03,XBTUSD,short,Limit,5000000,-7.2191,76.284,13570000000
2021-02-04 15:00:17,XBTUSD,short,Limit,1608002,-4.7658,51.653,4367994441
2021-02-04 15:10:20,XBTUSD,short,Limit,3390000,-4.8049,51.794,9207240000
2021-02-04 15:10:35,XBTUSD,short,Limit,5000000,-4.4382,51.795,13625148581
2021-02-04 15:20:56,XBTUSD,short,Limit,5000000,-3.9936,51.829,13715161434
2021-02-04 15:21:08,XBTUSD,short,Limit,5000000,-3.5112,50.078,13729278996
2021-02-04 15:21:44,XBTUSD,short,Limit,5000000,1.7655,22.774,13775796167
2021-02-06 22:02:50,XBTUSD,short,Limit,5000000,-6.9054,59.82,12472423660
2021-02-07 00:00:30,XBTUSD,short,Limit,5000000,-3.8575,61.453,12820000000
2021-02-07 02:20:00,XBTUSD,short,Limit,5000000,-5.1075,58.033,12960000000
2021-02-07 02:21:50,XBTUSD,short,Limit,5000000,-4.1763,57.256,12976999347
2021-02-07 04:35:49,XBTUSD,short,Limit,5000000,-2.8172,58.311,13086377590
2021-02-07 05:00:49,XBTUSD,short,Limit,5000000,-2.5953,58.513,13040000000
2021-02-07 05:21:10,XBTUSD,short,Limit,5000000,-0.2143,38.916,13030000000
2021-02-07 05:31:27,XBTUSD,short,Limit,5000000,-0.024,38.681,13050000000
2021-02-07 05:36:57,XBTUSD,short,Limit,5000000,0.9629,27.707,13020005736
2021-02-07 11:43:50,XBTUSD,short,Limit,5000000,3.2024,24.442,12820302195
2021-02-07 11:44:51,XBTUSD,short,Limit,5000000,1.5385,10.95,12845000000
2021-02-07 11:44:55,XBTUSD,short,Limit,5000000,1.5084,5.495,12951072020
2021-02-07 14:07:00,XBTUSD,short,Limit,5000000,1.6152,6.045,12950000000
2021-02-07 14:11:41,XBTUSD,short,Limit,5000000,2.117,6.003,12981899180
2021-02-07 15:18:11,XBTUSD,short,Limit,5000000,4.3244,4.887,13196923947
2021-02-07 15:18:20,XBTUSD,short,Limit,5000000,4.0908,4.781,13195000000
2021-02-07 16:17:31,XBTUSD,short,Limit,5000000,1.5674,0.609,13340994150
2021-02-07 16:18:47,XBTUSD,short,Limit,5000000,1.6404,0.566,13340000000
2021-02-08 13:03:28,XBTUSD,short,Limit,5000000,-10.6427,13.863,11585000000
2021-02-08 13:03:36,XBTUSD,short,Limit,5000000,-9.9493,6.706,11600000000
2021-02-08 13:03:51,XBTUSD,short,Limit,5000000,-9.1259,2.234,11615000000
2021-02-08 13:09:38,XBTUSD,short,Limit,5000000,-8.7274,2.057,11630000000
2021-02-08 13:09:53,XBTUSD,short,Limit,5000000,-8.6763,1.946,11655000000
2021-02-08 13:10:17,XBTUSD,short,Limit,5000000,-8.4997,1.927,11670000000
2021-02-08 13:55:17,XBTUSD,short,Limit,5000000,-0.921,0.666,11495000000
2021-02-08 13:57:25,XBTUSD,short,Limit,5000000,-0.5794,0.684,11520000000
2021-02-08 13:57:40,XBTUSD,short,Limit,5000000,-0.3079,0.595,11536529099
2021-02-08 13:58:30,XBTUSD,short,Limit,5000000,-0.3728,0.599,11495000000
2021-02-08 14:00:19,XBTUSD,short,Limit,5000000,0.2337,0.622,11535346433
2021-02-09 01:29:25,XBTUSD,short,Limit,5000000,-5.8324,12.105,10847369769
2021-02-09 01:29:31,XBTUSD,short,Limit,5000000,-5.8596,12.114,10845055155
2021-02-09 01:32:46,XRPUSD,short,Limit,400000,-1.3519,103.634,3615201100
2021-02-09 01:32:53,XRPUSD,short,Limit,179019,-2.2879,103.541,1617946626
2021-02-09 01:34:14,XBTUSD,short,Limit,5000000,-5.2952,12.189,10870000000
2021-02-09 01:34:24,XRPUSD,short,Limit,44181,-1.4283,101.751,401161762
2021-02-09 01:38:14,XRPUSD,short,Limit,222237,-0.5675,100.166,2026801440
2021-02-09 02:01:43,XRPUSD,short,Limit,354980,-1.0079,100.502,3264789846
2021-02-09 12:44:54,XBTUSD,short,Limit,5000000,-4.8717,22.672,10882261170
2021-02-09 12:46:21,XBTUSD,short,Limit,317000,-4.4833,22.472,690158495
2021-02-09 12:56:22,XBTUSD,short,Limit,5000000,-3.5868,22.633,11000000000
2021-02-09 12:57:30,XBTUSD,short,Limit,5000000,-3.3493,22.628,11005000000
2021-02-09 12:58:54,XBTUSD,short,Limit,5000000,-3.0219,22.586,11036655539
2021-02-10 12:58:51,XBTUSD,short,Limit,10000000,-0.3486,38.367,21820000000
2021-02-10 14:35:10,XBTUSD,short,Limit,10000000,5.1246,31.881,22089336248
2021-02-10 19:21:01,XBTUSD,short,Limit,10000000,3.0725,11.124,22370587412
2021-02-11 00:53:35,XBTUSD,short,Limit,5000000,3.3352,12.29,11310000000
2021-02-12 21:41:20,XBTUSD,short,Limit,5000000,-1.7391,3.224,10355000000
2021-02-12 21:41:22,XBTUSD,short,Limit,5000000,-1.7969,3.236,10365000000
2021-02-12 21:42:13,XBTUSD,short,Limit,5000000,-1.7763,3.239,10355000000
2021-02-12 21:42:57,XBTUSD,short,Limit,5000000,-1.6911,3.225,10370000000
2021-02-12 21:43:54,XBTUSD,short,Limit,5000000,-1.5448,3.228,10375000000
2021-02-14 05:53:51,XBTUSD,short,Limit,5000000,-3.0077,30.371,10245000000
2021-02-14 05:54:01,XBTUSD,short,Limit,5000000,-2.9084,30.35,10250000000
2021-02-14 05:54:06,XBTUSD,short,Limit,5000000,-3.6783,30.578,10167130120
2021-02-14 06:17:07,XBTUSD,short,Limit,5000000,-3.9197,30.671,10140000000
2021-02-14 06:21:01,XBTUSD,short,Limit,5000000,-3.5632,30.688,10170000000
2021-02-14 06:21:06,XBTUSD,short,Limit,5000000,-4.7716,11.155,10180000000
2021-02-14 08:23:22,XBTUSD,short,Limit,5000000,0.1609,1.919,10210961524
2021-02-14 09:19:47,XBTUSD,short,Limit,1024523,0.1662,2.808,2091256265
2021-02-14 10:57:14,XBTUSD,short,Limit,5000000,-0.2443,4.426,10165000000
2021-02-14 10:57:21,XBTUSD,short,Limit,3980217,-0.1018,4.544,8099741595
2021-02-15 02:28:07,XBTUSD,long,Limit,41389,-5.5443,15.343,89151906
2021-02-15 02:29:06,XBTUSD,long,Limit,498594,-5.6967,15.36,1075467258
2021-02-15 02:29:49,XBTUSD,long,Limit,479800,-5.5951,15.371,1033969000
2021-02-16 00:37:34,XBTUSD,short,Limit,10000000,-2.5087,22.158,21014417264
2021-02-16 00:53:03,XBTUSD,short,Limit,10000000,-2.7578,22.291,20914252145
2021-02-16 00:55:07,XBTUSD,short,Limit,5000000,-2.4564,22.317,10470000000
2021-02-16 00:55:12,XBTUSD,short,Limit,318272,-2.1972,22.29,667734656
2021-02-16 00:55:23,XBTUSD,short,Limit,5000000,-2.2295,22.281,10482503618
2021-02-16 00:55:24,XBTUSD,short,Limit,1416881,-2.1896,22.325,2968768654
2021-02-16 11:11:51,XBTUSD,short,Limit,567086,-4.4433,32.525,1162526300
2021-02-16 11:11:56,XBTUSD,short,Limit,1410902,-4.458,32.526,2892107314
2021-02-16 11:12:11,XBTUSD,short,Limit,4446567,-4.4967,32.508,9103530385
2021-02-16 11:15:35,XBTUSD,short,Limit,5000000,-4.0545,32.127,10230000000
2021-02-16 11:54:53,XBTUSD,short,Limit,1319103,-3.932,32.699,2697565635
2021-02-17 21:11:59,XBTUSD,long,Limit,3680000,7.1063,33.199,7025120000
2021-02-18 00:08:24,ETHUSD,short,Limit,5000,-1.0722,2.795,930750000
2021-02-18 00:13:29,ETHUSD,short,Limit,5000,-1.1918,2.851,931250000
2021-02-18 00:13:43,ETHUSD,short,Limit,5000,-1.1211,2.853,931000000
2021-02-18 00:14:44,ETHUSD,short,Limit,5000,-0.9334,2.828,930250000
2021-02-18 02:09:35,ETHUSD,short,Limit,5000,-3.0768,4.651,951000000
2021-02-18 03:41:24,ETHUSD,short,Limit,5000,-2.3713,6.083,947500000
2021-02-19 00:41:56,XBTUSD,long,Limit,897,6.1299,60.691,1728519
2021-02-19 06:27:57,XBTUSD,short,Limit,5000000,0.3557,5.836,9675000000
2021-02-19 06:34:30,XBTUSD,short,Limit,5000000,0.3857,5.869,9680000000
2021-02-19 06:39:03,XBTUSD,short,Limit,351948,0.4339,5.934,681723276
2021-02-19 06:54:51,XBTUSD,short,Limit,514000,0.2696,6.181,994590000
2021-02-19 08:50:50,XBTUSD,short,Limit,553811,-0.4826,8.118,1063870931
2021-02-19 08:52:28,XBTUSD,short,Limit,1790000,-0.6651,8.192,3432890864
2021-02-19 09:02:53,XBTUSD,short,Limit,5000000,-1.5689,8.124,9545000000
2021-02-19 09:03:51,XBTUSD,short,Limit,5000000,-1.844,7.964,9550000000
2021-02-19 09:04:06,XBTUSD,short,Limit,255,-1.7501,7.953,487305
2021-02-19 16:31:50,XBTUSD,long,Limit,5000000,3.2784,7.358,9175000000
2021-02-19 16:32:09,XBTUSD,long,Limit,5000000,3.5927,7.412,9184788818
2021-02-19 16:36:55,XBTUSD,long,Limit,5000000,3.5961,7.429,9150000000
2021-02-19 16:38:54,XBTUSD,long,Limit,5000000,3.6641,7.42,9140000000
2021-02-19 16:39:56,XBTUSD,long,Limit,2000,3.841,7.423,3650000
2021-02-19 18:18:27,ETHUSD,short,Limit,5000,-5.4021,44.572,978750000
2021-02-19 19:24:17,XBTUSD,long,Limit,993,4.239,10.162,1805274
2021-02-21 07:28:59,ETHUSD,short,Limit,5000,-2.6526,81.679,954750000
2021-02-21 07:29:06,ETHUSD,short,Limit,5000,-2.5355,81.67,954500000
2021-02-21 07:29:17,ETHUSD,short,Limit,10000,-2.398,81.575,1908999250
2021-02-21 07:29:41,ETHUSD,short,Limit,5000,-2.6808,81.32,954250000
2021-02-21 07:29:58,ETHUSD,short,Limit,5000,-3.1351,80.546,954000000
2021-02-21 07:30:04,ETHUSD,short,Limit,2019,-3.2052,80.14,385013240
2021-02-21 07:31:14,ETHUSD,short,Limit,10000,-3.3911,79.936,1912500000
2021-02-21 07:31:30,ETHUSD,short,Limit,10000,-3.4115,79.78,1911500000
2021-02-21 07:31:32,ETHUSD,short,Limit,2691,-3.3605,79.603,514115550
2021-02-21 07:31:34,ETHUSD,short,Limit,4687,-3.2133,79.557,895549290
2021-02-22 10:10:03,XBTUSD,short,Limit,289401,3.9264,42.852,533843855
2021-02-22 10:10:16,XBTUSD,short,Limit,5000000,3.5076,42.73,9215000000
2021-02-22 10:10:26,XBTUSD,short,Limit,4940000,3.4631,42.283,9099480000
2021-02-22 10:11:29,ETHUSD,short,Limit,10000,4.0639,105.835,1783910975
2021-02-22 10:11:39,ETHUSD,short,Limit,10000,4.8807,105.305,1774900000
2021-02-22 10:12:07,ETHUSD,short,Limit,10000,4.5705,105.217,1786000000
2021-02-22 10:12:08,ETHUSD,short,Limit,10000,4.7839,105.185,1784000000
2021-02-22 10:13:49,ETHUSD,short,Limit,10000,4.1582,105.176,1800000000
2021-02-22 10:13:51,ETHUSD,short,Limit,10000,4.469,105.164,1798000000
2021-02-22 10:13:51,ETHUSD,short,Limit,10000,6.2189,98.737,1796000000
2021-02-22 10:13:57,ETHUSD,short,Limit,8298,6.603,93.137,1488886790
2021-02-22 10:21:07,ETHUSD,short,Limit,4783,7.3725,65.354,864144610
2021-02-22 10:52:57,ETHUSD,short,Limit,10000,6.9088,65.762,1821250000
2021-02-22 12:13:32,XBTUSD,short,Limit,5000000,3.7551,35.787,9322674407
2021-02-22 12:13:54,XBTUSD,short,Limit,5000000,3.617,37.056,9330000000
2021-02-22 12:16:36,XBTUSD,short,Limit,1017354,3.9366,7.53,1906521396
2021-02-22 12:17:53,XBTUSD,short,Limit,5000000,3.8762,7.603,9360000000
2021-02-22 12:18:13,XBTUSD,short,Limit,5000000,3.6536,7.56,9365000000
2021-02-22 12:18:31,XBTUSD,short,Limit,3480000,3.8327,7.513,6525114622
2021-02-22 12:20:12,XBTUSD,short,Limit,500000,4.183,7.426,939000000
2021-02-23 03:35:48,XBTUSD,short,Limit,5000000,8.4441,22.224,9730000000
2021-02-23 03:35:55,XBTUSD,short,Limit,5000000,8.5205,22.16,9741837530
2021-02-23 03:38:16,XBTUSD,short,Limit,229921,9.0372,22.048,448325645
2021-02-23 03:38:40,XBTUSD,short,Limit,778698,8.796,22.055,1515346308
2021-02-23 05:04:58,XBTUSD,short,Limit,4000000,10.747,23.489,7964817716
2021-02-23 08:17:34,XBTUSD,short,Limit,4000000,11.6706,21.848,8304000000
2021-02-23 08:17:38,XBTUSD,short,Limit,4000000,11.5507,21.835,8289790844
2021-02-23 08:18:02,XBTUSD,short,Limit,1999055,11.7775,21.791,4150180166
2021-02-24 08:29:03,XBTUSD,long,Limit,945,5.2614,24.184,1862595
2021-02-24 11:47:05,XBTUSD,short,Limit,1000000,0.6129,3.301,1983000000
2021-02-24 22:00:06,XBTUSD,short,Limit,5000000,3.8926,13.524,10260000000
2021-02-24 22:00:34,XBTUSD,short,Limit,5000000,3.9741,13.514,10265000000
2021-02-25 03:29:48,XBTUSD,short,Limit,5000000,1.1642,18.972,9950427295
2021-02-25 04:04:51,XBTUSD,short,Limit,5000000,1.4553,19.44,9995000000
2021-02-25 04:07:17,XBTUSD,short,Limit,5000000,1.3776,19.201,10010000000
2021-02-25 12:01:55,XBTUSD,short,Limit,10000000,0.3439,26.321,19785771489
2021-02-25 12:02:12,XBTUSD,short,Limit,10000000,-0.2127,25.753,19746415458
2021-02-25 12:06:32,XBTUSD,short,Limit,1182385,-0.0938,25.752,2334178259
2021-02-25 12:07:21,XBTUSD,short,Limit,3800000,-0.1262,25.335,7505000000
2021-02-25 12:57:01,XBTUSD,short,Limit,5000000,-1.385,11.923,9750000000
2021-02-25 12:57:49,XBTUSD,short,Limit,5000000,-2.693,12.113,9624131484
2021-02-25 22:35:25,XBTUSD,short,Limit,5000000,-1.5598,0.463,10295000000
2021-02-25 22:35:28,ETHUSD,short,Limit,10000,-1.0185,0.38,1536000000
2021-02-25 22:36:39,ETHUSD,short,Limit,10000,-0.9868,0.396,1535000000
2021-02-25 22:37:23,ETHUSD,short,Limit,2321,-0.8547,0.407,356041400
2021-02-25 22:37:37,XBTUSD,short,Limit,634448,-1.3615,0.406,1308231776
2021-02-25 22:38:01,XBTUSD,short,Limit,5000000,-1.3241,0.454,10312345624
2021-02-25 22:42:19,ETHUSD,short,Limit,10000,-0.6982,0.478,1532000000
2021-02-25 22:42:21,ETHUSD,short,Limit,9549,-0.5784,0.475,1461951900
2021-02-25 22:42:31,ETHUSD,short,Limit,10000,-0.4473,0.474,1530000000
2021-02-25 22:42:46,ETHUSD,short,Limit,10000,-0.3061,0.468,1529000000
2021-02-25 23:39:37,ETHUSD,short,Limit,15671,2.0607,1.379,2342814500
2021-02-25 23:39:47,ETHUSD,short,Limit,15671,2.2282,1.346,2342814500
2021-02-25 23:39:58,ETHUSD,short,Limit,15000,3.1602,1.204,2231250000
2021-02-25 23:42:26,ETHUSD,short,Limit,11682,3.6432,1.169,1734777000
2021-02-25 23:42:52,ETHUSD,short,Limit,15000,3.7072,1.154,2223750000
2021-02-25 23:43:05,ETHUSD,short,Limit,15000,2.7599,0.97,2220000000
2021-02-25 23:43:47,XBTUSD,short,Limit,5000000,1.2766,1.498,10571272261
2021-02-25 23:43:53,ETHUSD,short,Limit,262,2.5396,0.911,38710500
2021-02-25 23:44:50,ETHUSD,short,Limit,10000,2.4519,0.922,1479000000
2021-02-25 23:45:03,ETHUSD,short,Limit,9301,2.6187,0.897,1374687800
2021-02-25 23:46:30,ETHUSD,short,Limit,10000,2.767,0.919,1477000000
2021-02-25 23:46:36,ETHUSD,short,Limit,10000,2.8968,0.91,1476000000
2021-02-25 23:46:38,ETHUSD,short,Limit,10000,3.0264,0.905,1475000000
2021-02-25 23:46:52,ETHUSD,short,Limit,10000,3.1654,0.905,1474000000
2021-02-25 23:46:52,ETHUSD,short,Limit,10000,3.3529,0.896,1473000000
2021-02-25 23:46:56,ETHUSD,short,Limit,9640,3.5585,0.885,1419008000
2021-02-25 23:47:46,ETHUSD,long,Limit,360,0.1362,0.014,53064185
2021-02-25 23:48:25,XBTUSD,short,Limit,5000000,1.7062,1.569,10605000000
2021-02-25 23:49:19,XBTUSD,short,Limit,5000000,1.9261,1.525,10595000000
2021-02-25 23:50:27,XBTUSD,short,Limit,5000000,2.6738,1.391,10635000000
2021-02-25 23:58:15,XBTUSD,short,Limit,5000000,2.6842,1.126,10695000000
2021-02-25 23:58:58,XBTUSD,short,Limit,4481670,2.6268,1.128,9569911166
2021-02-26 01:04:25,ETHUSD,long,Limit,10000,2.0736,0.501,1490259705
2021-02-26 01:04:35,ETHUSD,long,Limit,10000,2.1258,0.501,1490001740
2021-02-26 01:04:50,ETHUSD,long,Limit,10000,2.059,0.504,1491000000
2021-02-26 01:05:42,XBTUSD,long,Limit,518000,0.0223,1.104,1101786000
2021-02-26 01:24:11,XBTUSD,long,Limit,330,0.9678,1.412,695310
2021-02-26 01:24:17,ETHUSD,long,Limit,10000,2.4697,0.82,1497082275
2021-02-26 01:24:26,ETHUSD,long,Limit,10000,2.6212,0.822,1497325630
2021-02-26 01:24:39,ETHUSD,long,Limit,10000,2.8214,0.842,1498000000
2021-02-26 01:24:45,ETHUSD,long,Limit,10000,2.7039,0.826,1497292355
2021-02-26 01:32:37,ETHUSD,long,Limit,10000,2.8956,0.953,1498000000
2021-02-26 01:43:46,ETHUSD,long,Limit,2084,2.4794,1.134,310953640
2021-02-26 02:08:43,ETHUSD,long,Limit,33515,1.979,1.531,4974455080
2021-02-26 05:52:00,XBTUSD,short,Limit,5000000,3.6719,4.466,10946560301
2021-02-26 05:52:28,XBTUSD,short,Limit,5000000,3.3061,4.471,10909279404
2021-02-26 05:54:01,XBTUSD,short,Limit,5000000,3.3242,4.474,10918334515
2021-02-26 05:59:15,XBTUSD,short,Limit,1344657,3.8015,4.516,2951522115
2021-02-26 06:01:41,XBTUSD,short,Limit,198582,3.4319,4.49,434298834
2021-02-26 06:02:24,XBTUSD,short,Limit,5000000,2.8546,4.4,10910086117
2021-02-26 06:30:21,XBTUSD,short,Limit,5000000,2.5831,4.794,10910000000
2021-02-26 07:21:56,XBTUSD,short,Limit,3472000,3.9586,5.683,7675739404
2021-02-26 08:43:41,ETHUSD,long,Limit,15671,-0.2052,2.867,2286398900
2021-02-26 08:45:50,ETHUSD,long,Limit,3001,-0.0684,2.879,438146000
2021-02-26 08:46:53,ETHUSD,long,Limit,15671,0.0131,2.885,2289533100
2021-02-26 08:47:21,ETHUSD,long,Limit,349,0.0685,2.89,50988900
2021-02-26 09:00:33,ETHUSD,long,Limit,15671,0.5117,3.135,2292667300
2021-02-26 09:05:11,ETHUSD,long,Limit,15671,-0.6225,3.175,2273862100
2021-02-26 09:06:10,ETHUSD,long,Limit,15000,-0.4042,3.146,2178000000
2021-02-26 09:06:24,ETHUSD,long,Limit,9095,-0.206,3.123,1321503500
2021-02-26 09:07:32,ETHUSD,long,Limit,15671,0.1946,2.652,2294234400
2021-02-26 09:07:39,ETHUSD,long,Limit,15671,0.0441,2.395,2295801500
2021-02-26 09:07:48,ETHUSD,long,Limit,2978,0.1366,2.392,436574800
2021-02-26 09:07:53,ETHUSD,long,Limit,5145,0.2407,2.392,754771500
2021-02-26 09:08:52,ETHUSD,long,Limit,15000,1.225,2.307,2212808590
2021-02-26 09:08:58,ETHUSD,long,Limit,15000,3.4308,1.651,2215500000
2021-02-26 09:08:58,ETHUSD,long,Limit,15000,3.2875,1.567,2214134905
2021-02-26 09:09:07,ETHUSD,long,Limit,6027,3.8011,1.564,889585200
2021-02-26 09:10:49,ETHUSD,long,Limit,15000,4.4673,1.587,2226117570
2021-02-26 09:10:55,ETHUSD,long,Limit,15000,4.4862,1.576,2224549430
2021-02-26 09:11:27,ETHUSD,long,Limit,15000,4.3256,2.135,2223000000
2021-02-26 09:54:44,ETHUSD,long,Limit,15000,5.125,2.235,2219948690
2021-02-26 09:54:55,ETHUSD,long,Limit,15671,4.5046,2.244,2322442200
2021-02-26 09:55:29,ETHUSD,long,Limit,11000,5.0707,2.219,1630200000
2021-02-26 09:57:04,ETHUSD,long,Limit,15000,4.6382,2.143,2220375000
2021-02-26 09:59:30,ETHUSD,long,Limit,1325,4.4523,2.172,195835000
2021-02-26 11:23:32,XBTUSD,short,Limit,5000000,-0.7013,2.933,10850000000
2021-02-26 11:36:33,XBTUSD,short,Limit,5000000,-0.6891,3.104,10845000000
2021-02-26 11:41:53,XBTUSD,short,Limit,5000000,-0.3266,3.164,10895000000
2021-02-26 11:41:53,XBTUSD,short,Limit,5000000,-0.1121,3.147,10905000000
2021-02-26 20:35:20,XBTUSD,short,Limit,6022,-0.7084,12.012,13037630
2021-02-26 20:35:28,XBTUSD,short,Limit,2719215,-0.936,11.835,5880056722
2021-02-26 20:36:21,XBTUSD,short,Limit,1911974,-1.161,11.826,4126901066
2021-02-26 20:37:29,XBTUSD,short,Limit,3672456,-0.9474,11.563,7914142680
2021-02-26 20:41:11,XBTUSD,short,Limit,902680,-1.0721,11.563,1941754177
2021-02-26 20:48:12,XBTUSD,short,Limit,2363299,-1.5985,11.422,5055096561
2021-02-26 20:52:47,XBTUSD,short,Limit,5000000,-1.5857,11.127,10674401930
2021-02-26 20:54:51,XBTUSD,short,Limit,5000000,-0.4576,10.189,10695000000
2021-02-26 20:55:48,XBTUSD,short,Limit,5000000,0.9371,7.88,10705000000
2021-02-26 20:55:59,XBTUSD,short,Limit,5000000,0.721,8.501,10703082731
2021-02-26 20:57:08,XBTUSD,short,Limit,5000000,1.6431,5.524,10720550244
2021-02-26 20:58:16,XBTUSD,short,Limit,5000000,2.1579,5.285,10755000000
2021-02-26 20:59:23,XBTUSD,short,Limit,5000000,2.5733,5.218,10775000000
2021-02-26 21:09:52,XBTUSD,short,Limit,80359,3.2013,5.378,174057594
2021-02-26 21:24:18,XBTUSD,short,Limit,118960,1.9916,5.62,254455440
2021-02-26 21:25:02,XBTUSD,short,Limit,5000000,1.518,4.169,10720000000
2021-02-26 21:48:09,XBTUSD,short,Limit,595697,1.4556,0.732,1297267059
2021-02-26 21:49:53,XBTUSD,short,Limit,5000000,1.0152,0.421,10835000000
2021-02-26 21:50:09,XBTUSD,short,Limit,750000,1.2632,0.257,1628909967
2021-02-26 22:11:07,XBTUSD,short,Limit,838,3.1061,0.603,1854494
2021-02-26 22:19:44,XBTUSD,long,Limit,5000000,1.2516,0.148,10915000000
2021-02-26 22:20:39,XBTUSD,long,Limit,4999162,1.3262,0.149,10903172322
2021-02-27 02:55:44,XBTUSD,short,Limit,453658,-2.6719,3.764,958579354
2021-02-27 02:55:50,XBTUSD,short,Limit,8000000,-2.6673,3.683,16896095042
2021-02-27 04:09:38,XBTUSD,short,Limit,5000000,-2.5524,4.683,10535646170
2021-02-27 07:04:09,XBTUSD,short,Limit,2090000,-1.9978,7.58,4426620000
2021-02-27 07:06:17,XBTUSD,short,Limit,1136,-1.4039,7.616,2419680
2021-02-27 15:55:22,XBTUSD,long,Limit,10000000,-0.5142,7.608,21435283276
2021-03-01 13:04:29,XBTUSD,long,Limit,9998864,3.3427,52.67,20720184100
2021-03-01 13:06:27,ETHUSD,long,Limit,10000,5.8961,72.743,1541064220
2021-03-01 13:06:29,ETHUSD,long,Limit,10000,5.5949,63.859,1540019630
2021-03-01 13:08:32,ETHUSD,long,Limit,10000,5.4298,63.823,1538000000
2021-03-01 13:08:38,ETHUSD,long,Limit,10000,5.6021,64.011,1539000000
2021-03-01 13:15:49,ETHUSD,long,Limit,10000,5.487,63.941,1538000000
2021-03-01 13:20:56,ETHUSD,long,Limit,802,5.6966,64.025,123508000
2021-03-03 13:16:00,XBTUSD,short,Limit,968000,-4.3588,5.919,1858560000
2021-03-03 13:17:48,XBTUSD,short,Limit,5000000,-4.1387,5.776,9625000000
2021-03-03 13:17:55,XBTUSD,short,Limit,5000000,-3.4068,5.156,9635000000
2021-03-03 13:19:39,XBTUSD,short,Limit,5000000,-0.428,3.151,9645000000
2021-03-03 13:21:30,XBTUSD,short,Limit,5000000,-0.2906,2.89,9655000000
2021-03-03 13:42:00,XBTUSD,short,Limit,5000000,0.3441,2.824,9695000000
2021-03-03 13:42:02,XBTUSD,short,Limit,5000000,0.4348,2.484,9705000000
2021-03-03 13:56:22,ETHUSD,long,Limit,10000,11.5636,112.353,1616000000
2021-03-03 13:57:36,ETHUSD,long,Limit,5676,12.4835,112.052,917809200
2021-03-03 15:12:58,XBTUSD,short,Limit,5000000,3.049,2.369,9850000000
2021-03-03 15:15:08,XBTUSD,short,Limit,5000000,3.1056,2.739,9860000000
2021-03-03 15:44:29,XBTUSD,short,Limit,5000000,3.2261,2.86,9870000000
2021-03-03 16:06:38,ETHUSD,long,Limit,10000,12.8528,114.445,1619067265
2021-03-03 16:08:03,ETHUSD,long,Limit,10000,12.7518,114.513,1618000000
2021-03-03 16:15:00,ETHUSD,long,Limit,10000,12.5235,114.488,1616000000
2021-03-03 16:25:59,ETHUSD,long,Limit,10000,12.6323,114.493,1617000000
2021-03-03 16:29:57,ETHUSD,long,Limit,10000,13.2103,114.97,1620000000
2021-03-03 16:30:10,ETHUSD,long,Limit,10000,13.0244,114.519,1619592470
2021-03-03 16:30:15,ETHUSD,long,Limit,10000,13.0594,114.9,1619092305
2021-03-03 16:33:01,ETHUSD,long,Limit,10000,12.759,114.68,1615000000
2021-03-03 17:08:07,ETHUSD,long,Limit,10000,14.4146,115.018,1628020640
2021-03-03 17:08:13,ETHUSD,long,Limit,10000,14.0918,115.11,1627080055
2021-03-03 17:08:24,ETHUSD,long,Limit,10000,13.8734,115.112,1626112535
2021-03-03 17:10:21,ETHUSD,long,Limit,10000,14.077,115.131,1626000000
2021-03-03 17:17:43,ETHUSD,long,Limit,10000,14.6326,115.123,1628948440
2021-03-03 17:17:45,ETHUSD,long,Limit,10000,14.656,115.125,1628113570
2021-03-03 17:25:44,ETHUSD,long,Limit,929,14.9564,115.209,151637460
2021-03-06 09:53:09,XBTUSD,short,Limit,5000000,7.5704,68.98,10337448507
2021-03-08 11:44:39,XBTUSD,short,Limit,1718093,1.9666,115.409,3427595535
2021-03-10 10:28:58,XBTUSD,short,Limit,10000000,-7.2556,162.128,18234157223
2021-03-11 08:05:00,XBTUSD,short,Limit,5000000,-6.5658,183.709,9160000000
2021-03-11 08:06:11,XBTUSD,short,Limit,5000000,-6.3617,183.785,9165000000
2021-03-12 13:27:06,XBTUSD,short,Limit,5000000,-7.6848,212.635,9035000000
2021-03-12 13:27:09,XBTUSD,short,Limit,5000000,-7.9977,175.051,9050000000
2021-03-12 13:27:11,XBTUSD,short,Limit,5000000,-8.8264,103.712,9065000000
2021-03-12 13:27:15,XBTUSD,short,Limit,5000000,-8.8583,101.622,9085000000
2021-03-13 08:14:38,XBTUSD,short,Limit,5000000,-14.6559,116.56,8675000000
2021-03-13 08:16:21,XBTUSD,short,Limit,5000000,-14.9512,116.501,8680000000
2021-03-13 08:17:56,XBTUSD,short,Limit,5000000,-6.0913,72.772,8685000000
2021-03-13 08:19:37,XBTUSD,short,Limit,5000000,-6.0381,72.748,8690000000
2021-03-13 08:21:36,XBTUSD,short,Limit,5000000,-5.9572,72.693,8690000000
2021-03-13 08:24:33,XBTUSD,short,Limit,5000000,-5.9224,72.619,8695000000
2021-03-13 08:26:36,XBTUSD,short,Limit,76070,-0.4864,26.946,132361800
2021-03-13 08:26:49,XBTUSD,short,Limit,5000000,-0.4028,26.472,8705000000
2021-03-13 08:27:43,XBTUSD,short,Limit,1081349,-0.4163,26.484,1883709958
2021-03-13 08:28:23,XBTUSD,short,Limit,5000000,-0.392,26.509,8715000000
2021-03-13 08:38:46,XBTUSD,short,Limit,3840000,-0.0534,26.643,6708480000
2021-03-15 14:09:36,XBTUSD,short,Limit,250000,0.1469,80.145,437750000
2021-03-16 05:49:09,XBTUSD,short,Limit,10000000,6.11,55.3,18606317572
2021-03-16 05:49:41,XBTUSD,short,Limit,10000000,11.5893,47.919,18551460988
2021-03-20 11:56:04,XBTUSD,short,Limit,10000000,-4.5313,103.199,16871756592
2021-03-20 11:56:52,XBTUSD,short,Limit,10000000,-4.7302,96.99,16855622198
2021-03-20 13:35:16,XBTUSD,short,Limit,5000000,-6.2847,78.708,8365000000
2021-03-20 13:35:20,XBTUSD,short,Limit,5000000,-6.3167,78.7,8370000000
2021-03-20 13:36:21,XBTUSD,short,Limit,5000000,-1.8201,51.521,8375000000
2021-03-20 13:36:32,XBTUSD,short,Limit,5000000,-1.8292,51.466,8380000000
2021-03-20 14:04:42,XBTUSD,short,Limit,5000000,-0.7151,51.907,8465000000
2021-03-20 14:04:43,XBTUSD,short,Limit,5000000,-0.7242,46.758,8465000000
2021-03-20 15:03:33,XBTUSD,short,Limit,5000000,-1.2319,1.298,8385000000
2021-03-20 15:25:16,XBTUSD,short,Limit,5000000,-1.1456,1.466,8390000000
2021-03-20 20:46:19,XBTUSD,short,Limit,281030,0.9085,6.816,481123360
2021-03-20 20:47:39,XBTUSD,short,Limit,5689000,0.8155,5.748,9745257000
2021-03-20 20:56:39,XBTUSD,short,Limit,8000000,-0.1309,0.514,13656000000
2021-03-21 10:16:39,XBTUSD,short,Limit,10000000,3.8721,13.82,17796356497
2021-03-21 10:26:47,XBTUSD,short,Limit,216599,3.6318,13.836,385329621
2021-03-21 10:26:54,XBTUSD,short,Limit,5000000,3.7509,13.834,8899700410
2021-03-21 10:33:18,XBTUSD,short,Limit,5000000,3.7075,13.868,8895000000
2021-03-23 00:12:50,XBTUSD,short,Limit,10000000,6.7013,51.45,18323192656
2021-03-24 17:15:41,XBTUSD,short,Limit,10000000,4.8215,92.297,17950000000
2021-03-24 22:25:40,XBTUSD,short,Limit,5000000,11.4919,97.288,9655000000
2021-03-24 22:25:49,XBTUSD,short,Limit,5000000,11.3929,96.691,9660000000
2021-03-24 22:46:51,XBTUSD,short,Limit,10000000,8.72,75.421,19051279874
2021-03-25 13:26:30,XBTUSD,short,Limit,10000000,6.0446,35.56,19534654218
2021-03-29 06:30:43,XBTUSD,short,Limit,10000000,-0.2173,50.132,18080000000
2021-03-29 06:42:38,XBTUSD,short,Limit,170000,-0.3783,50.267,306850000
2021-03-30 03:23:58,XBTUSD,short,Limit,10000000,-3.8761,70.926,17453947233
2021-04-03 23:44:10,XBTUSD,short,Limit,10000000,-3.7248,187.019,17485165905
2021-04-03 23:46:42,XBTUSD,short,Limit,10000000,-3.775,186.431,17496181915
2021-04-04 00:16:20,XBTUSD,short,Limit,10000000,-3.1225,186.376,17573750914
2021-04-08 09:22:06,XBTUSD,short,Limit,10000000,-1.2786,280.001,17600000000
2021-04-08 10:52:48,XBTUSD,short,Limit,10000000,-1.14,281.383,17615902813
2021-04-08 10:52:50,XBTUSD,short,Limit,729392,-1.1526,281.369,1283853258
2021-04-09 16:38:14,XBTUSD,short,Limit,10000000,-3.3542,298.161,17203861943
2021-04-09 16:41:29,XBTUSD,short,Limit,10000000,-1.0047,132.329,17193179641
2021-04-10 08:41:00,XBTUSD,short,Limit,8523084,-4.5324,138.998,14042409394
2021-04-10 08:41:51,XBTUSD,short,Limit,10000000,-4.6137,139.024,16470000000
2021-04-18 03:34:04,XBTUSD,short,Limit,5000000,9.9934,82.09,9190000000
2021-04-18 03:34:09,XBTUSD,short,Limit,5000000,10.6825,39.069,9200000000
2021-04-18 03:34:13,XBTUSD,short,Limit,5000000,10.8151,39.064,9210000000
2021-04-18 03:34:14,XBTUSD,short,Limit,5000000,10.8905,39.039,9215000000
2021-04-18 03:34:15,XBTUSD,short,Limit,5000000,11.0272,39.009,9225000000
2021-04-18 03:34:16,XBTUSD,short,Limit,5000000,11.1202,39.002,9235000000
2021-04-18 03:34:16,XBTUSD,short,Limit,5000000,11.1093,38.777,9240000000
2021-04-18 03:34:17,XBTUSD,short,Limit,5000000,11.175,38.591,9250000000
2021-04-18 03:34:17,XBTUSD,short,Limit,5000000,11.5102,37.389,9260000000
2021-04-19 15:45:58,XBTUSD,short,Limit,5000000,10.6448,73.367,9165000000
2021-04-19 15:46:06,XBTUSD,short,Limit,5000000,1.4936,21.736,9175000000
2021-04-19 15:46:53,XBTUSD,short,Limit,5000000,1.5926,21.741,9190000000
2021-04-20 03:02:37,XBTUSD,short,Limit,10000000,2.5246,31.88,18432571796
2021-04-20 03:07:22,XBTUSD,short,Limit,10000000,3.2191,30.658,18442303829
2021-04-20 09:24:34,XBTUSD,short,Limit,10000000,2.3198,35.823,18173435263
2021-04-20 14:59:32,XBTUSD,short,Limit,8223605,2.4227,39.386,14854981452
2021-04-20 15:00:03,XBTUSD,short,Limit,6770000,2.6553,37.925,12213080000
2021-04-21 16:33:04,XBTUSD,short,Limit,10000000,-2.0877,4.615,17911828019
2021-04-21 16:33:26,XBTUSD,short,Limit,5670000,-2.1191,4.571,10154970000
2021-04-22 00:39:53,XBTUSD,short,Limit,8074,1.1431,12.622,14936900
2021-04-22 01:05:43,XBTUSD,short,Limit,140771,0.6548,13.053,259159411
2021-04-22 02:10:52,XBTUSD,short,Limit,5000000,2.6608,14.346,9372970267
2021-04-22 02:31:08,XBTUSD,short,Limit,5000000,2.4573,14.4,9365000000
2021-04-22 02:31:24,XBTUSD,short,Limit,5000000,2.4805,14.331,9344803432
2021-04-22 03:06:25,XBTUSD,short,Limit,5000000,2.0056,14.785,9270000000
2021-04-22 17:09:14,XBTUSD,short,Limit,10000000,0.3971,28.757,18217948247
2021-04-22 17:21:18,XBTUSD,short,Limit,5882298,1.6836,28.928,10839926072
2021-04-22 17:25:14,XBTUSD,short,Limit,155734,1.5018,28.992,286394826
2021-04-22 17:42:37,XBTUSD,short,Limit,5000000,1.663,26.339,9234516705
2021-04-22 19:18:42,XBTUSD,short,Limit,500000,3.2146,18.66,953500000
2021-04-22 19:19:14,XBTUSD,short,Limit,4500000,3.2226,18.669,8586000000
2021-04-22 19:20:33,XBTUSD,short,Limit,5000000,2.8954,18.658,9516838132
2021-04-22 20:39:23,XBTUSD,short,Limit,10000000,3.6203,19.463,19081676880
2021-04-23 01:31:52,XBTUSD,short,Limit,6310000,5.5483,24.32,12272950000
2021-04-23 01:52:06,XBTUSD,short,Limit,342610,6.2083,19.216,679395630
2021-04-23 01:52:08,XBTUSD,short,Limit,5000000,5.5856,13.887,9900000000
2021-04-23 01:52:12,XBTUSD,short,Limit,5000000,1.97,0.945,9900276150
2021-04-23 01:52:26,XBTUSD,short,Limit,5000000,1.8036,0.966,9882606651
2021-04-23 01:53:09,XBTUSD,short,Limit,520902,1.8866,0.857,1030829091
2021-04-23 02:20:08,XBTUSD,short,Limit,4140000,2.9009,1.295,8266819810
2021-04-23 08:01:29,XBTUSD,short,Limit,302,6.7066,6.975,627254
2021-04-23 10:35:36,ETHUSD,long,Limit,2945,-9.2999,14.536,671251805
2021-04-23 10:35:40,ETHUSD,long,Limit,10000,-9.3056,14.521,2277003910
2021-04-23 10:36:12,ETHUSD,long,Limit,10000,-9.4694,14.541,2274121925
2021-04-23 10:37:03,ETHUSD,long,Limit,10000,-9.3981,14.532,2275000000
2021-04-23 10:38:21,ETHUSD,long,Limit,10000,-9.2424,14.522,2277033830
2021-04-23 10:39:37,ETHUSD,long,Limit,10000,-8.9351,14.524,2281469165
2021-04-23 10:39:44,ETHUSD,long,Limit,10000,-8.8116,14.474,2282363310
2021-04-23 10:41:24,ETHUSD,long,Limit,10000,-8.5933,14.379,2286000000
2021-04-23 11:28:02,ETHUSD,long,Limit,10000,-8.1142,15.141,2295447190
2021-04-23 11:28:05,ETHUSD,long,Limit,10000,-8.0706,15.12,2295223050
2021-04-23 11:56:44,ETHUSD,long,Limit,10000,-7.8277,15.587,2299477950
2021-04-23 11:56:51,ETHUSD,long,Limit,10000,-7.8197,15.578,2298176865
2021-04-23 11:57:37,ETHUSD,long,Limit,10000,-7.5737,15.586,2302289695
2021-04-23 13:21:28,XBTUSD,short,Limit,5000000,0.536,3.143,10185000000
2021-04-23 13:24:45,XBTUSD,short,Limit,5000000,0.7092,3.084,10205000000
2021-04-23 13:25:58,XBTUSD,short,Limit,5000000,0.9892,2.882,10225000000
2021-04-23 13:27:54,XBTUSD,short,Limit,5000000,1.1145,3.041,10245000000
2021-04-23 13:42:15,XBTUSD,short,Limit,5000000,2.1668,2.207,10265000000
2021-04-23 20:14:41,ETHUSD,long,Limit,1839,-4.4803,23.867,437276880
2021-04-23 20:14:44,ETHUSD,long,Limit,10000,-4.4234,23.859,2376165515
2021-04-23 20:14:51,ETHUSD,long,Limit,851,-4.3843,23.857,202201855
2021-04-23 20:14:54,ETHUSD,long,Limit,7297,-4.3589,23.848,1733160515
2021-04-23 20:19:39,ETHUSD,long,Limit,10000,-4.443,23.975,2367117540
2021-04-23 20:19:42,ETHUSD,long,Limit,6230,-4.5776,23.927,1474023085
2021-04-23 20:30:55,ETHUSD,long,Limit,10000,-4.0337,24.101,2368000000
2021-04-23 20:31:27,ETHUSD,long,Limit,10000,-4.0233,24.094,2367214230
2021-04-23 20:31:29,ETHUSD,long,Limit,10000,-4.0828,24.091,2366378610
2021-04-23 20:31:36,ETHUSD,long,Limit,10000,-3.8393,24.081,2366394880
2021-04-23 20:31:49,ETHUSD,long,Limit,10000,-3.6872,24.078,2367000000
2021-04-23 20:32:22,ETHUSD,long,Limit,8813,-3.4964,24.074,2086938085
2021-04-23 22:23:54,XBTUSD,short,Limit,2362085,-0.9229,10.84,4699331310
2021-04-24 00:29:55,XBTUSD,short,Limit,7600000,-0.1962,10.545,15152911804
2021-04-24 00:46:47,XBTUSD,short,Limit,10000000,1.1081,6.149,20060149743
2021-04-24 00:50:38,XBTUSD,short,Limit,3011569,2.0838,5.221,6057206876
2021-04-24 01:03:09,XBTUSD,short,Limit,2519088,1.8713,5.217,5053278613
2021-04-24 01:04:51,XBTUSD,short,Limit,2653989,2.0043,5.031,5317350810
2021-04-24 01:39:51,XBTUSD,short,Limit,6850000,2.25,5.77,13756201037
2021-04-24 02:04:54,XBTUSD,short,Limit,10000000,2.9131,5.85,20155644795
2021-04-24 02:05:03,XBTUSD,short,Limit,3000000,2.6726,5.92,6050195242
2021-04-24 02:16:06,XBTUSD,short,Limit,2000000,3.4594,5.701,4042000000
2021-04-24 11:58:04,XBTUSD,short,Limit,10000000,3.537,14.737,20371679072
2021-04-24 12:04:08,XBTUSD,short,Limit,7225,3.4028,14.802,14695650
2021-04-26 00:47:03,ETHUSD,long,Limit,20000,6.0548,47.708,4832060410
2021-04-26 00:47:14,ETHUSD,long,Limit,20000,6.0554,47.662,4830386735
2021-04-26 00:47:37,XBTUSD,long,Limit,10000000,3.266,36.825,19687638683
2021-04-26 00:50:04,ETHUSD,long,Limit,20000,5.9244,47.655,4826000000
2021-04-26 00:59:17,ETHUSD,long,Limit,20000,6.2363,47.597,4839453950
2021-04-26 01:02:34,ETHUSD,long,Limit,20000,6.1833,47.085,4826000000
2021-04-26 01:05:07,XBTUSD,long,Limit,5000000,3.1733,36.935,9855000000
2021-04-26 01:07:38,ETHUSD,long,Limit,20000,7.6266,2.645,4842062170
2021-04-26 01:09:18,XBTUSD,long,Limit,5000000,3.0136,36.823,9850000000
2021-04-26 01:09:53,XBTUSD,long,Limit,2775,2.6023,36.72,5463975
2021-04-26 01:32:35,ETHUSD,long,Limit,20000,8.3461,3.048,4876084170
2021-04-26 01:32:43,ETHUSD,long,Limit,7104,8.5447,3.028,1732665600
2021-04-26 01:33:21,ETHUSD,long,Limit,20000,8.4219,3.021,4870004775
2021-04-26 01:35:14,ETHUSD,long,Limit,13710,7.7341,2.952,3332951610
2021-04-26 20:29:27,XBTUSD,short,Limit,10000000,-5.0001,19.186,18754760538
2021-04-26 20:30:01,XBTUSD,short,Limit,140000,-4.6929,19.011,262780000
2021-04-26 20:54:32,XBTUSD,short,Limit,10000000,-4.5912,19.456,18763630510
2021-04-26 21:00:29,XBTUSD,short,Limit,10000000,-3.8115,19.475,18803035711
2021-04-26 21:05:00,XBTUSD,short,Limit,10000000,-2.978,19.56,18924731054
2021-04-26 21:07:27,XBTUSD,short,Limit,5000000,-2.9563,19.582,9460000000
2021-04-26 21:10:20,XBTUSD,short,Limit,10000000,-3.0055,19.674,18905247637
2021-04-26 21:22:19,XBTUSD,short,Limit,10000000,-3.0652,19.769,18916530053
2021-04-26 21:30:12,XBTUSD,short,Limit,4639878,-2.8681,19.884,8788897050
2021-04-30 02:23:49,XBTUSD,short,Limit,10000000,-4.3555,96.82,18671746459
2021-05-02 14:08:18,XBTUSD,short,Limit,5000000,-7.7062,138.348,8790000000
2021-05-03 14:33:00,DOTUSDT,short,Limit,1,-0.9245,0.429,371705
2021-05-04 00:51:36,XBTUSD,short,Limit,5000000,-1.9897,161.401,8960000000
2021-05-04 00:51:46,XBTUSD,short,Limit,5000000,-1.9293,159.344,8975000000
2021-05-04 00:56:05,XBTUSD,short,Limit,5000000,1.3766,105.11,8995000000
2021-05-04 00:56:08,XBTUSD,short,Limit,5000000,3.3307,73.791,9010000000
2021-05-04 00:56:13,XBTUSD,short,Limit,5000000,4.8946,68.928,9025000000
2021-05-04 00:56:20,XBTUSD,short,Limit,5000000,4.6932,62.816,9040000000
2021-05-04 00:56:39,XBTUSD,short,Limit,5000000,4.6708,59.671,9060000000
2021-05-04 00:56:43,XBTUSD,short,Limit,5000000,3.1102,34.849,9075000000
2021-05-04 02:32:59,ETHUSD,short,Limit,1514,-17.9177,75.855,492504200
2021-05-04 03:02:00,ETHUSD,short,Limit,25000,-16.1764,76.328,8000000000
2021-05-04 03:02:06,ETHUSD,short,Limit,12439,-16.193,76.322,3980492135
2021-05-04 14:15:55,XBTUSD,short,Limit,2390081,4.8462,24.339,4335802426
2021-05-04 14:30:35,XBTUSD,short,Limit,10000000,3.8991,22.531,18100000000
2021-05-04 14:31:52,XBTUSD,short,Limit,10000000,1.5101,9.575,18100699185
2021-05-04 14:33:34,XRPUSD,short,Limit,100000,10.6314,88.032,2854945242
2021-05-04 14:34:13,XRPUSD,short,Limit,100000,10.6344,88.037,2851643368
2021-05-04 14:36:55,XRPUSD,short,Limit,100000,11.497,87.96,2817010284
2021-05-04 14:37:15,XRPUSD,short,Limit,100000,11.0786,87.713,2811599424
2021-05-04 16:00:09,XBTUSD,short,Limit,10000000,4.1703,9.129,18570717869
2021-05-04 16:01:33,XBTUSD,short,Limit,1000000,4.4635,8.956,1862000000
2021-05-04 16:07:56,XBTUSD,short,Limit,12098,3.6637,9.063,22345006
2021-05-05 10:05:36,XBTUSD,long,Limit,1902,2.2432,17.961,3436914
2021-05-05 17:17:10,ETHUSD,short,Limit,10000,-24.723,114.571,3433000000
2021-05-05 17:17:13,ETHUSD,short,Limit,10000,-24.4036,114.201,3427000000
2021-05-05 17:18:47,ETHUSD,short,Limit,3001,-24.3106,113.995,1028142600
2021-05-05 17:21:46,ETHUSD,short,Limit,8709,-24.1446,114.035,2981198770
2021-05-05 17:22:03,ETHUSD,short,Limit,1802,-24.0029,114.029,616284000
2021-05-05 17:23:32,ETHUSD,short,Limit,10000,-23.4357,111.607,3424000000
2021-05-05 17:23:54,ETHUSD,short,Limit,10000,-24.0424,113.412,3425806805
2021-05-05 17:28:55,ETHUSD,short,Limit,7535,-23.3832,111.599,2577611895
2021-05-05 17:29:25,ETHUSD,long,Limit,875,0.0148,0.006,299294345
2021-05-05 20:28:51,XBTUSD,short,Limit,8244570,-2.6472,10.182,14508727229
2021-05-05 22:34:00,BCHUSD,short,Limit,25000,-45.0084,119.775,3589576865
2021-05-05 23:12:58,BCHUSD,short,Limit,24508,-42.5808,120.278,3452915275
2021-05-06 02:57:32,BCHUSD,short,Limit,25000,-36.9923,123.807,3407492665
2021-05-06 03:03:40,BCHUSD,short,Limit,18436,-36.5338,123.7,2507013985
2021-05-06 03:12:14,BCHUSD,short,Limit,7000,-36.245,123.526,949900000
2021-05-06 03:15:21,XRPUSD,short,Limit,100000,-8.1574,123.787,3424000000
2021-05-06 03:20:00,XRPUSD,short,Limit,100000,-7.1244,123.286,3419994800
2021-05-06 06:09:39,BCHUSD,short,Limit,25000,-30.7263,125.975,3294893240
2021-05-06 06:10:57,BCHUSD,short,Limit,18857,-30.5705,125.816,2479593175
2021-05-06 06:11:49,BCHUSD,short,Limit,8000,-31.0895,125.469,1051454975
2021-05-06 08:50:45,BCHUSD,short,Limit,25000,-31.6018,127.151,3275000000
2021-05-06 15:58:32,XBTUSD,short,Limit,3183247,-2.5005,27.925,5571933080
2021-05-06 16:02:08,XBTUSD,short,Limit,8000000,-1.9499,26.026,13969797453
2021-05-06 16:05:25,XBTUSD,short,Limit,4698620,-2.2922,25.499,8203790520
2021-05-06 16:06:43,XBTUSD,short,Limit,2400000,-2.317,25.525,4190400000
2021-05-06 16:07:32,XBTUSD,short,Limit,38673,-2.1142,25.531,67639077
2021-05-08 08:25:18,LINKUSDT,short,Limit,5000,-29.4072,178.034,2439939630
2021-05-08 08:25:54,LINKUSDT,short,Limit,5000,-29.627,177.967,2444996205
2021-05-08 08:34:18,LINKUSDT,short,Limit,5000,-29.9735,177.98,2450000000
2021-05-10 17:10:54,XBTUSD,long,Limit,4300774,0.0357,63.149,7451304593
2021-05-10 17:19:57,XBTUSD,long,Limit,1884205,-0.17,63.247,3269991232
2021-05-10 17:46:58,XBTUSD,long,Limit,2067552,-0.1573,63.682,3587202720
2021-05-10 19:57:30,LTCUSD,short,Limit,10000,-35.2286,234.057,734630712
2021-05-10 19:57:38,LTCUSD,short,Limit,10000,-35.1476,234.057,733822440
2021-05-10 19:57:43,LTCUSD,short,Limit,10000,-35.3596,234.056,734995892
2021-05-10 19:58:00,LTCUSD,short,Limit,10000,-35.263,234.043,733646000
2021-05-10 19:58:08,LTCUSD,short,Limit,10000,-35.3808,234.035,732874078
2021-05-10 19:58:14,LTCUSD,short,Limit,9509,-35.4898,234.038,697009700
2021-05-10 19:59:19,LTCUSD,short,Limit,10000,-35.8595,234.06,735000000
2021-05-10 20:00:09,LTCUSD,short,Limit,10000,-35.6747,234.059,734000000
2021-05-10 20:04:02,LTCUSD,short,Limit,10000,-31.8889,234.121,713519034
2021-05-10 20:04:05,LTCUSD,short,Limit,10000,-31.9657,234.117,713957508
2021-05-10 20:04:07,LTCUSD,short,Limit,10000,-31.9838,234.113,714256370
2021-05-10 20:04:13,LTCUSD,short,Limit,10000,-31.5302,234.112,711578134
2021-05-10 20:05:22,XBTUSD,long,Limit,1196134,-5.9963,65.976,2204094405
2021-05-10 20:05:28,XBTUSD,long,Limit,1618690,-6.094,63.002,2985203424
2021-05-10 20:05:33,XBTUSD,long,Limit,3537180,-6.7679,51.925,6536708640
2021-05-10 20:05:39,XBTUSD,long,Limit,3738811,-8.8007,17.239,6932539312
2021-05-10 20:05:59,LTCUSD,short,Limit,10000,-26.8004,234.136,685990294
2021-05-10 20:06:06,LTCUSD,short,Limit,10000,-26.8222,234.131,686107880
2021-05-10 20:06:44,LINKUSDT,short,Limit,54,-9.2839,237.441,22248025
2021-05-10 20:07:06,LINKUSDT,short,Limit,378,-11.5504,237.446,158965995
2021-05-10 20:08:22,XBTUSD,long,Limit,1881305,-7.5637,17.266,3438693915
2021-05-10 20:09:22,XBTUSD,long,Limit,7318398,-7.5892,15.565,13391331292
2021-05-10 20:11:21,XBTUSD,long,Limit,9362664,-6.7084,10.016,17048365639
2021-05-10 20:27:16,XBTUSD,long,Limit,10000000,-5.5995,4.375,18092862417
2021-05-10 20:34:40,ADAUSDT,short,Market,63,-0.888,0.006,105695080
2021-05-10 20:35:04,XBTUSD,long,Limit,1990947,-5.232,4.444,3593122571
2021-05-10 20:48:54,XRPUSD,short,Limit,705,16.7528,236.576,18780560
2021-05-10 23:30:22,LTCUSD,short,Limit,10000,-32.7172,237.527,718000000
2021-05-10 23:30:24,LINKUSDT,short,Limit,3324,-23.0769,240.806,1542336000
2021-05-10 23:30:31,LTCUSD,short,Limit,10000,-32.5323,237.522,717000000
2021-05-10 23:31:07,LTCUSD,short,Limit,10000,-32.3475,237.528,716000000
2021-05-10 23:31:19,LINKUSDT,short,Limit,3324,-22.8823,240.979,1539012000
2021-05-11 00:00:23,LINKUSDT,short,Limit,3324,-22.6461,240.994,1535688000
2021-05-11 00:03:24,LTCUSD,short,Limit,10000,-32.3475,238.061,716000000
2021-05-11 00:03:26,LTCUSD,short,Limit,10000,-32.1627,238.075,715000000
2021-05-11 00:04:30,LINKUSDT,short,Limit,3324,-22.2812,240.923,1532364000
2021-05-11 00:04:43,LINKUSDT,short,Limit,3324,-22.0159,240.765,1529040000
2021-05-11 05:46:35,LTCUSD,short,Limit,4756,-29.9237,243.777,334293170
2021-05-11 05:46:50,LINKUSDT,short,Limit,843,-19.3533,246.452,379317940
2021-05-11 05:49:08,LINKUSDT,short,Limit,3324,-19.5602,246.169,1505772000
2021-05-11 06:00:14,LTCUSD,short,Limit,2292,-30.6839,244.008,162044400
2021-05-11 16:48:30,BCHUSD,short,Limit,25000,-42.063,238.207,3617500000
2021-05-12 08:37:12,BCHUSD,short,Limit,12597,-13.0233,35.627,1902147000
2021-05-12 08:42:24,XRPUSD,short,Limit,6027,7.642,272.407,177664616
2021-05-12 08:42:30,XRPUSD,short,Limit,100000,7.1778,271.275,2948114932
2021-05-12 08:46:45,BCHUSD,short,Limit,10777,-13.0916,35.745,1635195520
2021-05-12 08:47:01,DOTUSDT,short,Limit,155,-7.3527,210.663,61283900
2021-05-12 09:01:59,XRPUSD,short,Limit,91383,6.9997,271.039,2700550416
2021-05-12 10:04:39,XRPUSD,short,Limit,100000,-5.9431,42.061,2943998960
2021-05-12 10:04:54,DOTUSDT,short,Limit,10000,-7.778,212.432,3973000000
2021-05-12 10:48:05,XRPUSD,short,Limit,100000,-4.8561,38.306,2889815736
2021-05-12 10:48:36,BCHUSD,short,Limit,14223,-10.1201,37.609,2103581700
2021-05-12 20:42:37,XBTUSD,long,Limit,3613923,-6.5508,52.564,6614138815
2021-05-12 20:42:45,XBTUSD,long,Limit,2430503,-6.5999,52.541,4452428981
2021-05-12 20:58:09,XBTUSD,long,Limit,765597,-6.8176,52.78,1405842848
2021-05-12 21:17:47,XBTUSD,long,Limit,4000000,-6.5868,53.103,7325914069
2021-05-12 21:20:25,XBTUSD,long,Limit,357369,-6.6296,53.147,654700008
2021-05-12 21:23:41,XBTUSD,long,Limit,4000000,-6.384,53.179,7312826284
2021-05-12 21:26:52,XBTUSD,long,Limit,2553030,-6.4185,53.218,4669491870
2021-05-12 21:38:34,XBTUSD,long,Limit,4000000,-1.8691,47.089,7331629359
2021-05-12 22:58:47,XBTUSD,long,Limit,4000000,-4.8392,48.319,7559696470
2021-05-12 23:56:00,DOTUSDT,short,Limit,5333,3.7904,225.781,1893215000
2021-05-12 23:56:27,LTCUSD,short,Limit,10000,-14.4035,285.934,618976638
2021-05-12 23:56:33,LTCUSD,short,Limit,20000,-14.3795,285.911,1237586224
2021-05-12 23:56:39,LTCUSD,short,Limit,20000,-14.2147,285.884,1235803378
2021-05-12 23:56:56,LTCUSD,short,Limit,20000,-12.4471,236.073,1237796650
2021-05-12 23:57:11,LINKUSDT,short,Limit,3324,-9.2044,286.29,1382670640
2021-05-12 23:57:58,LTCUSD,short,Limit,20000,-10.6846,225.721,1222000000
2021-05-12 23:58:11,DOTUSDT,short,Limit,1179,5.3045,225.759,412532100
2021-05-12 23:58:18,LINKUSDT,short,Limit,3324,5.0811,83.814,1382784000
2021-05-12 23:58:58,ETHUSD,short,Limit,25000,7.843,1.501,9462500000
2021-05-12 23:59:07,DOTUSDT,short,Limit,5,6.6306,225.768,1725000
2021-05-12 23:59:19,ETHUSD,short,Limit,25000,8.3812,1.351,9462500000
2021-05-13 00:02:11,ETHUSD,short,Limit,25000,7.6935,0.33,9300000000
2021-05-13 00:02:30,ETHUSD,short,Limit,962,8.3333,0.227,354497000
2021-05-13 00:02:53,XRPUSD,short,Limit,100000,11.7171,51.441,2441945426
2021-05-13 00:03:03,XRPUSD,short,Limit,100000,12.2436,51.381,2427970240
2021-05-13 00:06:20,ETHUSD,long,Limit,21169,2.578,0.077,8001882000
2021-05-13 00:07:35,ETHUSD,long,Limit,2869,3.1208,0.084,1090220000
2021-05-13 00:16:54,XBTUSD,long,Limit,4000000,-13.6199,32.722,8235667037
2021-05-13 00:17:39,XBTUSD,long,Limit,4000000,-14.155,15.558,8192000000
2021-05-13 00:17:42,XBTUSD,long,Limit,4000000,-14.0405,15.546,8180000000
2021-05-13 00:18:45,XBTUSD,long,Limit,4000000,-11.0237,11.761,8150582835
2021-05-13 00:19:27,XBTUSD,long,Limit,4000000,-3.2699,0.61,8161600618
2021-05-13 00:19:34,XBTUSD,long,Limit,4000000,-2.3595,0.396,8155873656
2021-05-13 01:09:23,XBTUSD,long,Limit,2980000,1.5617,1.188,5912320000
2021-05-13 08:55:01,ETHUSD,short,Limit,25000,-1.407,8.795,9612500000
2021-05-13 09:13:40,ETHUSD,short,Limit,19500,-0.2564,9.101,7470756760
2021-05-13 09:47:41,DOTUSDT,short,Limit,10000,-0.4184,235.489,3720000000
2021-05-13 10:07:47,XBTUSD,long,Limit,7900000,1.505,0.301,15823700000
2021-05-13 12:13:52,XBTUSD,long,Limit,15461,1.9053,2.366,30844695
2021-05-13 12:13:56,XBTUSD,long,Limit,1380,1.8293,2.366,2754480
2021-05-13 16:54:11,XBTUSD,short,Limit,10000000,2.8214,4.674,20535664736
2021-05-13 17:05:20,ETHUSD,short,Limit,25000,4.0051,16.946,9187500000
2021-05-13 17:05:28,XBTUSD,short,Limit,9998620,4.2476,4.094,20755497634
2021-05-13 17:10:10,ETHUSD,short,Limit,16529,4.5894,16.902,6024820500
2021-05-13 17:11:11,ETHUSD,short,Limit,1781,4.1558,16.915,652068625
2021-05-13 17:28:17,ETHUSD,short,Limit,15000,6.2312,9.61,5411448200
2021-05-13 17:29:50,DOTUSDT,short,Limit,8391,-5.3857,139.376,3187740900
2021-05-13 17:33:26,XRPUSD,short,Limit,83000,9.4962,68.641,2068360000
2021-05-13 17:33:50,LTCUSD,short,Limit,33900,6.9119,140.555,2023180322
2021-05-13 17:34:13,LINKUSDT,short,Limit,3600,10.2155,69.171,1454196455
2021-05-13 17:34:46,ETHUSD,short,Limit,10419,7.752,3.525,3719582400
2021-05-13 21:13:44,XBTUSD,long,Limit,5000000,5.1904,3.929,10045655161
2021-05-13 21:14:06,XBTUSD,long,Limit,5000000,4.9895,3.726,10055000000
2021-05-13 21:52:39,XBTUSD,long,Limit,35488,4.7907,4.309,71614784
2021-05-15 08:49:13,ETHUSD,short,Limit,25000,-0.4257,42.766,9723694410
2021-05-15 10:21:13,ETHUSD,short,Limit,25000,-3.5739,41.656,9636698040
2021-05-15 10:29:07,ETHUSD,short,Limit,25000,-2.8338,40.421,9562500000
2021-05-16 17:18:20,LINKUSDT,short,Limit,3684,11.0976,141.422,1480968000
2021-05-16 19:10:40,XBTUSD,short,Limit,10000000,8.5506,68.636,22010000000
2021-05-16 19:49:04,ETHUSD,short,Limit,25000,8.9918,70.171,8535783860
2021-05-16 19:49:21,XBTUSD,short,Limit,410000,9.0423,69.21,907160555
2021-05-16 19:49:42,ETHUSD,short,Limit,276,9.3949,69.215,94026360
2021-05-16 19:50:24,LINKUSDT,short,Limit,5000,14.2321,143.385,1944996690
2021-05-16 19:50:46,LINKUSDT,short,Limit,5000,14.3734,143.347,1944994710
2021-05-16 19:52:20,DOTUSDT,short,Limit,5000,-13.2781,143.45,2007499620
2021-05-16 19:53:01,DOTUSDT,short,Limit,5000,-12.8927,143.438,2004974040
2021-05-16 19:53:24,DOTUSDT,short,Limit,5000,-12.7534,143.442,2002500000
2021-05-16 19:54:11,XRPUSD,short,Limit,100000,-2.1579,116.213,2731767768
2021-05-16 19:54:37,XRPUSD,short,Limit,47926,-5.2144,91.568,1305504240
2021-05-16 19:55:04,LTCUSD,short,Limit,20000,21.1401,143.491,1138000000
2021-05-16 20:42:37,LTCUSD,short,Limit,20000,21.714,144.306,1136000000
2021-05-17 04:04:36,XBTUSD,short,Limit,3618,14.4534,77.464,8513154
2021-05-17 04:04:44,ETHUSD,short,Limit,9050,11.1421,4.106,2886950000
2021-05-17 09:21:21,XBTUSD,long,Limit,5000000,6.169,5.284,11081350763
2021-05-17 09:55:07,LINKUSDT,long,Limit,2565,1.6753,14.057,1011751310
2021-05-17 09:55:22,ETHUSD,long,Limit,25000,10.2617,7.023,8773355550
2021-05-17 10:02:28,XBTUSD,long,Limit,2774834,7.2101,5.949,6104496041
2021-05-17 10:14:00,XBTUSD,long,Limit,390961,7.1344,6.124,860505161
2021-05-17 11:39:35,ETHUSD,long,Limit,24370,11.1265,7.542,8566055000
2021-05-17 11:41:05,XBTUSD,long,Limit,6830000,7.8296,7.604,14963674940
2021-05-17 12:02:05,XBTUSD,long,Limit,587,8.0689,7.921,1284356
2021-05-17 15:24:27,LTCUSD,short,Limit,30011,22.5999,162.784,1680616000
2021-05-17 15:48:27,XBTUSD,short,Limit,3700000,4.5238,3.729,8480400000
2021-05-17 15:48:49,XBTUSD,short,Limit,5000000,3.3695,3.069,11500276964
2021-05-17 15:49:27,XBTUSD,short,Limit,5000000,4.5279,3.614,11495000000
2021-05-17 15:50:57,XBTUSD,short,Limit,5000000,3.6157,2.876,11520000000
2021-05-17 15:51:17,ETHUSD,short,Limit,25000,5.7583,3.027,8225000000
2021-05-17 15:57:28,XBTUSD,short,Limit,5000000,4.1028,2.252,11545000000
2021-05-17 15:58:28,ETHUSD,short,Limit,25000,6.145,3.132,8200607740
2021-05-17 16:01:50,ETHUSDM21,short,Limit,4291,5.6383,3.323,1660617000
2021-05-17 17:25:36,XBTUSD,short,Limit,2676,6.5338,3.419,6342120
2021-05-17 18:07:17,XBTUSD,long,Limit,4990000,2.9028,0.672,11491970000
2021-05-17 18:08:28,XBTUSD,long,Limit,7324,2.9182,0.683,16859848
2021-05-17 21:54:01,XBTUSD,short,Limit,4420000,3.0795,1.039,10168567431
2021-05-17 22:40:06,XBTUSD,short,Limit,6720000,2.7746,0.521,15583680000
2021-05-18 04:04:10,XBTUSD,short,Limit,5000000,-0.0381,2.579,11080000000
2021-05-18 13:14:50,XBTUSD,short,Limit,5000000,2.477,11.6,11415000000
2021-05-18 13:17:38,XBTUSD,short,Limit,5000000,2.9002,10.764,11470000000
2021-05-18 14:39:33,XBTUSD,short,Limit,5000000,2.2931,1.563,11680952506
2021-05-18 14:39:40,XBTUSD,short,Limit,5000000,2.192,1.137,11681881840
2021-05-18 18:39:58,XBTUSD,short,Limit,5000000,2.6833,5.052,11751216724
2021-05-18 18:53:14,XBTUSD,short,Limit,2204162,2.7418,5.181,5185360589
2021-05-18 18:55:37,XBTUSD,short,Limit,906451,2.5567,5.208,2127148285
2021-05-18 23:51:52,XBTUSD,short,Limit,5000000,1.4457,10.108,11598031186
2021-05-19 00:07:18,XBTUSD,short,Limit,5000000,-0.1437,8.465,11515188610
2021-05-19 00:07:31,XBTUSD,short,Limit,2736735,-0.0086,9.549,6297227235
2021-05-19 00:08:49,XBTUSD,short,Limit,5000000,-0.3309,9.174,11515000000
2021-05-19 00:10:31,XBTUSD,short,Limit,2411348,-0.2331,9.081,5549113192
2021-05-19 00:16:02,XBTUSD,short,Limit,1460000,-0.1731,8.188,3363840000
2021-05-19 00:25:58,ETHUSD,short,Limit,20018,-0.5508,10.888,6866174000
2021-05-19 00:27:52,ETHUSD,short,Limit,4982,-0.5865,10.931,1708826000
2021-05-19 00:30:37,ETHUSD,short,Limit,25000,-0.219,10.965,8554525015
2021-05-19 01:55:01,XBTUSD,short,Limit,2977,5.6168,9.809,7278765
2021-05-19 05:07:20,XBTUSD,long,Limit,5000000,-2.8901,3.128,12616416582
2021-05-19 05:13:55,XBTUSD,long,Limit,5000000,-3.7047,3.214,12623006590
2021-05-19 12:53:40,XBTUSD,long,Limit,5000000,-17.4081,9.933,14915000000
2021-05-19 12:54:00,XBTUSD,long,Limit,801009,-18.6813,10.516,2405430027
2021-05-19 12:54:46,XBTUSD,long,Limit,5000000,-23.4157,10.32,15921030006
2021-05-19 12:57:13,XBTUSD,long,Limit,5000000,-19.4881,8.779,15525057977
2021-05-19 12:59:59,XBTUSD,long,Limit,368378,-14.6096,8.565,1086715100
2021-05-19 13:15:12,ETHUSD,long,Limit,50000,-32.1861,10.178,10500000000
2021-05-19 13:17:35,ETHUSD,long,Limit,50000,-30.9035,10.097,10803598120
2021-05-19 13:18:39,XBTUSD,long,Limit,5000000,-17.6153,8.802,15334754155
2021-05-19 13:31:13,XBTUSD,long,Limit,5000000,-13.8248,8.745,14795000000
2021-05-19 13:31:20,ETHUSD,long,Limit,50000,-20.4292,9.104,11900142585
2021-05-19 13:32:28,ETHUSD,long,Limit,31667,-17.4454,8.515,7759315070
2021-05-19 13:32:43,XBTUSD,long,Limit,4533605,-13.0446,8.518,13256261020
2021-05-19 13:51:45,XBTUSD,short,Limit,10000000,-0.7775,0.471,28780000000
2021-05-19 14:05:31,ETHUSD,short,Limit,50000,4.1699,0.487,11799700490
2021-05-19 14:05:32,XBTUSD,short,Limit,10000000,1.2968,0.488,29200000000
2021-05-19 15:01:29,XBTUSD,short,Limit,4919146,-3.0213,1.349,13478460040
2021-05-19 16:13:19,XBTUSD,short,Limit,5000000,-2.4831,2.538,13745000000
2021-05-19 16:13:25,XBTUSD,short,Limit,3102948,-2.1668,1.866,8570342376
2021-05-19 16:45:00,XBTUSD,short,Limit,696945,-11.552,2.247,1764909467
2021-05-19 16:48:36,XBTUSD,short,Limit,5000000,-7.1556,1.195,12565000000
2021-05-19 16:50:59,XBTUSD,short,Limit,5000000,-7.8452,1.031,12480557875
2021-05-19 16:51:28,XBTUSD,short,Limit,3470649,-8.1081,0.543,8676622500
2021-05-19 16:51:38,XBTUSD,short,Limit,5000000,-4.3244,0.292,12530000000
2021-05-19 16:53:20,XBTUSD,short,Limit,3276707,-2.0566,0.224,8254024933
2021-05-19 16:56:19,XBTUSD,long,Limit,5000000,-1.295,0.044,12780903403
2021-05-19 16:59:02,XBTUSD,long,Limit,345653,0.3626,0.085,871459677
2021-05-19 17:47:07,XBTUSD,short,Limit,5000000,1.8206,0.808,12855000000
2021-05-19 17:47:38,ETHUSD,short,Limit,8343,-11.336,4.149,2294325000
2021-05-19 18:05:36,ETHUSD,short,Limit,50000,-8.2321,4.43,13539476800
2021-05-19 18:05:55,XBTUSD,short,Limit,5000000,3.0818,1.093,12955000000
2021-05-19 18:06:04,XBTUSD,short,Limit,526348,4.2289,1.082,1366925756
2021-05-19 18:06:22,ETHUSD,short,Limit,9958,-7.9681,4.424,2698618000
2021-05-19 18:09:50,XBTUSD,short,Limit,5000000,4.8086,1.181,13055000000
2021-05-19 18:15:35,ETHUSD,short,Limit,50000,3.4797,2.29,13313250000
2021-05-19 18:17:36,XBTUSD,short,Limit,5000000,5.0435,1.168,13160000000
2021-05-19 18:17:55,XBTUSD,short,Limit,5000000,4.4727,1.07,13195000000
2021-05-19 18:46:37,XBTUSD,short,Limit,1830000,4.5455,0.865,4842180000
2021-05-19 20:37:47,XBTUSD,short,Limit,5000000,1.2978,0.911,12955238496
2021-05-19 21:12:24,XBTUSD,short,Limit,5000000,3.1905,1.349,13141210545
2021-05-19 21:15:31,XBTUSD,short,Limit,5000000,5.5609,1.247,13370164850
2021-05-19 21:17:26,XBTUSD,short,Limit,3221653,6.5148,1.132,8637251693
2021-05-19 23:07:46,XBTUSD,short,Limit,1780000,3.2596,2.972,4612038496
2021-05-20 00:39:19,XBTUSD,short,Limit,4981,8.524,4.496,13647940
2021-05-20 02:08:55,ETHUSD,long,Limit,50000,-6.1618,6.731,12152046205
2021-05-20 02:59:18,ETHUSD,long,Limit,50000,0.6706,5.752,12450935765
2021-05-20 03:02:43,XBTUSD,long,Limit,5000000,4.395,2.4,13123528553
2021-05-20 03:07:24,ETHUSD,long,Limit,8771,0.8097,5.846,2183979000
2021-05-20 03:09:59,XBTUSD,long,Limit,5000000,4.5404,2.481,13068459653
2021-05-20 03:12:15,XBTUSD,long,Limit,1169681,8.1969,2.457,3030643471
2021-05-20 03:12:57,XBTUSD,long,Limit,4566381,7.4659,2.398,11873120883
2021-05-20 03:13:30,ETHUSD,long,Limit,25213,6.9346,3.967,6303538410
2021-05-20 03:15:05,ETHUSD,long,Limit,24787,11.0503,2.45,6165832440
2021-05-20 03:27:22,XBTUSD,long,Limit,4260000,5.785,2.28,11093040000
2021-05-20 04:02:23,XBTUSD,long,Limit,8957,6.4662,2.743,23082189
2021-05-20 09:30:05,XBTUSD,short,Limit,5000000,-0.2551,5.457,12855000000
2021-05-20 13:37:16,ETHUSD,short,Limit,21160,-13.3333,9.543,6115240000
2021-05-20 13:37:24,ETHUSD,short,Limit,3710,-12.9412,9.543,1068480000
2021-05-20 16:01:47,XBTUSD,short,Limit,5000000,-4.8261,11.971,12225000000
2021-05-20 16:02:13,XBTUSD,short,Limit,5000000,0.9697,3.75,12255000000
2021-05-20 16:02:55,XBTUSD,short,Limit,5000000,1.6907,3.759,12285000000
2021-05-20 16:03:39,XBTUSD,short,Limit,5000000,2.4037,3.742,12315000000
2021-05-20 16:04:16,ETHUSD,short,Limit,50000,-10.1961,11.965,14050000000
2021-05-20 16:05:01,ETHUSD,short,Limit,50000,-8.5713,11.819,13950000000
2021-05-20 16:07:19,ETHUSD,short,Limit,32027,-3.6273,9.726,8839452000
2021-05-20 16:07:34,ETHUSD,short,Limit,15340,6.7041,2.418,4218500000
2021-05-20 16:07:41,ETHUSD,short,Limit,6745,5.9932,2.159,1851502500
2021-05-20 16:07:48,ETHUSD,short,Limit,12333,6.3466,2.116,3379242000
2021-05-20 16:07:53,ETHUSD,short,Limit,23271,6.6636,2.106,6364052920
2021-05-20 16:08:04,ETHUSD,short,Limit,20000,7.1756,2.114,5439813380
2021-05-20 16:14:29,ETHUSD,short,Limit,18000,4.0805,0.22,4804519370
2021-05-20 16:15:06,XBTUSD,short,Limit,1043,4.6707,3.918,2630446
2021-05-20 16:41:01,ETHUSD,short,Limit,10983,3.9713,0.178,2921473560
2021-05-20 16:41:05,ETHUSD,short,Limit,8619,3.6579,0.168,2300132335
2021-05-20 16:57:02,ETHUSD,long,Limit,2880,1.4981,0.279,780480000
2021-05-20 16:57:57,XBTUSD,long,Limit,5000000,0.1775,0.605,12690000000
2021-05-20 17:00:49,XBTUSD,long,Limit,5000000,0.1144,0.539,12690000000
2021-05-20 17:01:07,XBTUSD,long,Limit,5000000,1.037,0.342,12660000000
2021-05-20 17:01:18,XBTUSD,long,Limit,5000000,1.8796,0.278,12625000000
2021-05-20 17:52:27,XBTUSD,long,Limit,5000000,3.0382,1.128,12500000000
2021-05-20 17:52:29,XBTUSD,long,Limit,2700000,3.3505,1.117,6733800000
2021-05-20 17:52:46,XBTUSD,long,Limit,3334516,3.5126,1.115,8315831139
2021-05-20 19:03:36,XBTUSD,long,Limit,5000000,3.8336,2.287,12470000000
2021-05-20 19:25:06,XBTUSD,long,Limit,539089,4.4156,2.643,1341253432
2021-05-20 19:26:08,XBTUSD,long,Limit,5000000,4.0364,2.416,12405000000
2021-05-20 19:26:12,XBTUSD,long,Limit,5000000,3.6333,2.157,12375000000
2021-05-20 20:06:50,XBTUSD,long,Limit,1658500,4.0185,2.83,4094836500
2021-05-21 14:27:18,ETHUSD,short,Limit,50000,9.3863,20.575,12550000000
2021-05-21 14:27:39,ETHUSD,short,Limit,50000,10.7527,20.108,12450000000
2021-05-21 14:36:21,ETHUSD,short,Limit,50000,12.0996,19.27,12350000000
2021-05-21 14:36:55,XBTUSD,short,Limit,5000000,8.027,17.57,13335000000
2021-05-21 14:37:41,XBTUSD,short,Limit,3341500,9.7399,15.706,8958561500
2021-05-21 14:37:45,ETHUSD,short,Limit,50000,12.8119,18.995,12250000000
2021-05-21 14:40:00,ETHUSD,short,Limit,50000,14.1343,18.914,12150000000
2021-05-21 16:00:16,ETHUSD,short,Limit,50000,14.4481,18.467,12050000000
2021-05-22 01:53:41,ETHUSD,long,Limit,1011,-0.4049,7.031,248706000
2021-05-22 01:57:18,ETHUSD,long,Limit,38913,-0.7919,7.083,9535400390
2021-05-22 02:00:56,ETHUSD,long,Limit,26419,-0.1539,7.219,6499074000
2021-05-22 05:49:10,ETHUSD,long,Limit,50000,-6.0687,10.508,11250000000
2021-05-22 08:02:21,ETHUSD,long,Limit,50000,0.561,11.433,11450000000
2021-05-23 05:05:18,ETHUSD,long,Limit,50000,2.2863,31.913,11302218290
2021-05-23 08:20:59,XBTUSD,long,Limit,5000000,-1.8634,38.604,14104915776
2021-05-23 08:21:09,XBTUSD,long,Limit,5000000,-1.2686,37.32,14124982923
2021-05-23 20:47:42,ETHUSD,long,Limit,50000,-4.9541,47.437,10450561270
2021-05-23 20:50:39,ETHUSD,long,Limit,50000,-12.5,41.995,10500000000
2021-05-23 21:17:12,ETHUSD,long,Limit,31612,11.7485,2.955,6733725340
2021-05-23 21:18:01,ETHUSD,long,Limit,17427,10.6218,2.911,3720664500
2021-05-23 21:19:08,ETHUSD,long,Limit,14364,10.3627,2.846,3059532000
2021-05-23 21:19:31,ETHUSD,long,Limit,11421,10.6218,2.784,2438383500
2021-05-23 21:20:33,ETHUSD,long,Limit,18196,11.2744,2.753,3893944000
2021-05-23 21:21:07,ETHUSD,long,Limit,8468,11.7188,2.737,1816386000
2021-05-23 21:22:22,ETHUSD,long,Limit,20316,11.7273,2.759,4358116285
2021-05-23 21:22:39,XBTUSD,long,Limit,130000,-4.162,49.683,377608638
2021-05-23 21:23:11,ETHUSD,long,Limit,8490,11.9792,2.773,1825350000
2021-05-23 21:23:59,ETHUSD,long,Limit,23020,12.0969,2.743,4929061660
2021-05-23 22:57:55,XBTUSD,long,Limit,409,-5.7857,51.27,1208595
2021-05-24 08:12:34,ETHUSD,long,Limit,50000,21.469,14.243,11600000000
2021-05-24 08:13:50,ETHUSD,long,Limit,50000,21.1379,13.477,11551942640
2021-05-24 11:34:33,ETHUSD,long,Limit,50000,12.5018,13.903,11650000000
2021-05-24 11:35:45,ETHUSD,long,Limit,50000,12.8637,13.104,11700000000
2021-05-24 11:41:12,ETHUSD,long,Limit,50000,13.5533,12.846,11750000000
2021-05-24 11:42:56,ETHUSD,long,Limit,50000,14.0628,12.877,11800000000
2021-05-24 11:46:33,ETHUSD,long,Limit,50000,14.6658,12.992,11850000000
2021-05-24 12:06:03,ETHUSD,long,Limit,50000,13.8621,13.019,11900000000
2021-05-24 12:24:39,ETHUSD,long,Limit,27,13.2701,13.134,6453000
2021-05-25 03:01:54,ETHUSD,short,Limit,250,-7.2683,14.621,64092835
2021-05-25 03:04:48,ETHUSD,short,Limit,50000,-7.1074,14.612,12799928155
2021-05-25 03:05:40,ETHUSD,short,Limit,33555,-6.0166,13.579,8573302500
2021-05-25 10:00:44,ETHUSD,short,Limit,50000,-5.9142,20.336,12798447940
2021-05-25 10:01:44,ETHUSD,short,Limit,50000,-5.6641,20.288,12750000000
2021-05-25 10:05:06,ETHUSD,short,Limit,50000,-1.1279,17.601,12600000000
2021-05-25 10:05:35,ETHUSD,short,Limit,50000,5.0947,12.777,12575000000
2021-05-25 10:06:22,ETHUSD,short,Limit,50000,5.9944,3.168,12550000000
2021-05-25 10:06:24,XBTUSD,short,Limit,10000000,4.0409,14.291,26604391121
2021-05-25 10:07:42,ETHUSD,short,Limit,50000,6.3524,3.032,12525000000
2021-05-25 10:09:37,XBTUSD,short,Limit,10000000,4.5992,14.323,26684558549
2021-05-25 10:11:50,ETHUSD,short,Limit,48,6.9159,2.946,11952000
2021-05-25 20:32:25,XBTUSD,short,Limit,591,4.3335,24.687,1572651
2021-05-26 06:37:27,ETHUSD,long,Limit,50000,16.2665,20.426,14475120255
2021-05-26 06:41:04,ETHUSD,long,Limit,50000,16.5538,20.424,14452412145
2021-05-26 14:35:30,ETHUSD,long,Limit,49125,13.9395,27.079,13608556975
2021-05-26 14:35:39,ETHUSD,long,Limit,34805,13.5579,27.271,9624050270
2021-05-27 12:32:43,XBTUSD,long,Limit,10000000,5.8284,40.003,25122780900
2021-05-27 12:35:11,XBTUSD,long,Limit,848550,5.7927,40.034,2132145120
2021-05-27 12:35:28,XBTUSD,long,Limit,2386504,5.8332,39.938,5998242275
2021-05-28 01:13:20,XBTUSD,long,Limit,7500000,0.5568,52.503,19813017185
2021-05-28 01:30:46,ETHUSD,long,Limit,46355,11.6306,61.549,12540461560
2021-05-28 01:32:25,ETHUSD,long,Limit,19667,11.7872,61.564,5320417495
2021-05-28 08:57:39,ETHUSD,short,Limit,50000,2.9341,2.23,12475000000
2021-05-28 09:02:21,ETHUSD,short,Limit,50000,3.4951,1.776,12425000000
2021-05-28 09:02:48,ETHUSD,short,Limit,50000,3.8702,1.741,12424777610
2021-05-28 13:40:52,XBTUSD,long,Limit,2747000,3.5807,4.568,7425141000
2021-05-28 13:51:25,XBTUSD,long,Limit,2747000,3.7765,4.522,7403165000
2021-05-28 13:51:26,XBTUSD,long,Limit,2747000,3.9924,4.472,7406159482
2021-05-28 21:13:17,XBTUSD,long,Limit,5000000,-2.0796,11.514,14285000000
2021-05-29 00:55:15,XBTUSD,long,Limit,5000000,1.4607,14.472,13755000000
2021-05-29 01:03:19,XBTUSD,long,Limit,5000000,2.367,13.654,13734353335
2021-05-29 01:15:09,XBTUSD,long,Limit,5000000,2.8775,13.421,13765000000
2021-05-29 02:02:03,XBTUSD,long,Limit,4817369,3.2223,13.541,13194670536
2021-05-29 02:11:58,XBTUSD,long,Limit,5000000,0.6407,5.789,13745000000
2021-05-29 02:14:20,XBTUSD,long,Limit,4528,1.1124,5.81,12420304
2021-05-29 02:16:36,XBTUSD,long,Limit,202922,0.9229,5.848,557832578
2021-05-29 02:23:20,XBTUSD,long,Limit,34020,0.7448,5.96,93725100
2021-05-29 02:33:00,XBTUSD,long,Limit,5000000,0.8348,6.124,13785000000
2021-05-29 07:09:15,XBTUSD,long,Limit,77479,3.643,10.414,211130275
2021-05-29 07:20:37,XBTUSD,long,Limit,28957,3.694,10.601,78849911
2021-05-29 07:45:28,XBTUSD,long,Limit,6000000,2.2996,10.963,16582638617
2021-05-29 07:47:35,XBTUSD,long,Limit,6000000,3.0263,10.738,16566344545
2021-05-29 08:02:07,XBTUSD,long,Limit,194809,3.3158,10.886,536698795
2021-05-29 08:10:57,XBTUSD,long,Limit,1253267,3.1298,10.778,3469043056
2021-05-29 08:15:38,XBTUSD,long,Limit,50885,3.9786,10.727,139984635
2021-05-29 08:17:12,XBTUSD,long,Limit,2216754,2.6402,6.778,6106135735
2021-05-29 08:25:00,XBTUSD,long,Limit,1508334,1.3765,3.432,4168036328
2021-05-29 23:29:23,XBTUSD,long,Limit,6000000,-2.4321,18.509,17214000000
2021-05-29 23:34:56,XBTUSD,long,Limit,2290000,-3.2438,18.464,6556270000
2021-05-30 07:05:57,ETHUSD,long,Limit,50000,1.3753,34.541,12225682205
2021-05-30 07:07:23,ETHUSD,long,Limit,50000,-1.5558,46.172,12200000000
2021-05-30 07:45:02,XBTUSD,long,Limit,7500000,-2.33,26.47,20785273989
2021-05-30 07:54:07,ETHUSD,long,Limit,50000,7.7594,9.157,12254328260
2021-05-31 00:16:33,XBTUSD,long,Limit,119301,-3.5835,42.925,334639305
2021-05-31 06:20:32,XBTUSD,long,Limit,5000000,-4.0523,46.114,14335000000
2021-05-31 06:22:41,ETHUSD,long,Limit,50000,4.3346,31.233,11850000000
2021-05-31 06:25:50,XBTUSD,long,Limit,5000000,-0.698,40.451,14325000000
2021-05-31 06:40:10,ETHUSD,long,Limit,50000,3.4106,25.223,11875000000
2021-05-31 06:40:13,XBTUSD,long,Limit,5000000,-0.3941,40.649,14299561872
2021-05-31 06:59:05,XBTUSD,long,Limit,4468476,0.0534,40.715,12748562028
2021-05-31 09:32:10,ETHUSD,long,Limit,10000,5.0149,9.741,2515106120
2021-05-31 10:44:33,XBTUSD,long,Limit,4468476,5.3817,44.462,12118506912
2021-05-31 10:44:54,XBTUSD,long,Limit,4468476,4.9972,36.762,12100633008
2021-05-31 10:50:54,XBTUSD,long,Limit,1803211,3.0506,10.755,4880790933
2021-05-31 12:03:28,XBTUSD,long,Limit,4468476,3.2434,11.962,12074031541
2021-05-31 12:03:36,XBTUSD,long,Limit,1468476,3.4122,5.238,3968686080
2021-05-31 12:06:51,XBTUSD,long,Limit,5468476,3.8554,4.07,14737083708
2021-05-31 12:08:33,XBTUSD,long,Limit,2068476,4.0163,4.005,5574542820
2021-05-31 12:11:11,XBTUSD,long,Limit,136534,4.0948,4.022,367686062
2021-05-31 12:15:43,XBTUSD,long,Limit,3807,4.1578,4.098,10248444
2021-05-31 14:07:50,XBTUSD,short,Limit,9470000,1.6113,1.869,25966740000
2021-05-31 16:18:39,ETHUSD,long,Limit,50000,10.9406,16.497,13277721960
2021-05-31 16:19:27,ETHUSD,long,Limit,35000,11.0879,16.454,9292500000
2021-05-31 16:23:08,ETHUSD,long,Limit,1659,11.7059,16.384,442915185
2021-05-31 18:42:13,XBTUSD,short,Limit,9470000,0.6928,5.33,25805750000
2021-05-31 18:48:47,XBTUSD,short,Limit,9470000,0.9531,4.781,25843630000
2021-06-01 02:22:22,XBTUSD,short,Limit,10000000,1.6107,9.935,27192626826
2021-06-01 03:33:36,XBTUSD,short,Limit,290789,3.0652,2.744,795598704
2021-06-01 03:33:48,XBTUSD,short,Limit,10000000,2.9133,2.765,27328248396
2021-06-01 03:47:46,XBTUSD,short,Limit,5500000,3.0837,2.984,15022917281
2021-06-01 08:18:48,XBTUSD,short,Limit,131200,4.3366,7.334,363030400
2021-06-01 13:32:07,XBTUSD,long,Limit,10000000,2.8303,2.026,27098954676
2021-06-01 13:32:54,XBTUSD,long,Limit,10000000,1.9964,5.119,27140000000
2021-06-01 13:42:08,XBTUSD,long,Limit,378806,4.0489,0.571,1016928709
2021-06-01 13:45:29,ETHUSD,long,Limit,642,2.7537,5.268,170526965
2021-06-01 13:47:12,ETHUSD,long,Limit,17647,2.3211,5.34,4667631500
2021-06-01 14:03:57,ETHUSD,long,Limit,50000,2.2727,5.616,13200000000
2021-06-01 14:43:16,ETHUSD,long,Limit,16189,1.9417,6.181,4249612500
2021-06-02 10:47:02,XBTUSD,short,Limit,10000000,0.2646,21.093,26940314951
2021-06-02 10:58:09,XBTUSD,short,Limit,2120522,-0.1793,20.906,5709063105
2021-06-02 10:59:00,XBTUSD,short,Limit,432889,-0.3203,20.92,1163729422
2021-06-02 11:08:36,XBTUSD,short,Limit,10000000,0.0403,18.593,27030213714
2021-06-02 11:11:58,XBTUSD,short,Limit,10000000,-0.9205,11.001,27066842592
2021-06-02 16:53:12,XBTUSD,short,Limit,1128300,-3.3557,16.383,2985503859
2021-06-02 16:53:16,XBTUSD,short,Limit,10000000,-4.2053,14.783,26440331216
2021-06-03 05:12:15,ETHUSD,long,Limit,50000,8.9949,44.187,13976629230
2021-06-03 05:38:35,ETHUSD,long,Limit,50000,9.4826,41.695,13975987375
2021-06-03 06:42:51,ETHUSD,long,Limit,50000,11.0982,39.768,14200821850
2021-06-03 10:13:10,ETHUSD,long,Limit,35919,7.6465,23.481,10363351550
2021-06-03 10:13:17,ETHUSD,long,Limit,50000,7.3718,23.091,14401543970
2021-06-03 10:29:24,ETHUSD,long,Limit,2048,7.6929,23.3,589984860
2021-06-03 10:29:30,ETHUSD,long,Limit,50000,7.2773,23.216,14385288730
2021-06-03 10:42:50,ADAUSDT,short,Limit,1721,0.058,0.842,3201060000
2021-06-03 13:04:59,ETHUSD,long,Limit,50000,3.1395,21.749,14176333045
2021-06-03 13:06:23,ETHUSD,long,Limit,45097,2.4944,20.399,12786510205
2021-06-03 21:17:32,ETHUSD,long,Limit,5000,2.6332,28.514,1418903765
2021-06-03 21:35:46,ETHUSD,long,Limit,10100,2.1918,28.816,2853859900
2021-06-03 21:35:55,ETHUSD,long,Limit,1343,2.0957,28.817,379121695
2021-06-04 11:46:27,XBTUSD,short,Limit,10000000,4.0784,44.841,27430000000
2021-06-04 12:02:16,XBTUSD,short,Limit,10000000,5.2319,31.97,27510023736
2021-06-04 12:05:15,XBTUSD,short,Limit,3819016,5.9788,30.539,10567111296
2021-06-04 12:07:16,XBTUSD,short,Limit,10000000,6.4792,30.489,27783314786
2021-06-04 12:08:21,XBTUSD,short,Limit,7318270,7.0256,30.256,20388700220
2021-06-04 12:09:44,ETHUSD,short,Limit,50000,8.8521,14.554,12824762700
2021-06-04 12:10:56,ETHUSD,short,Limit,20332,8.5891,14.548,5215158000
2021-06-04 12:10:57,XBTUSD,short,Limit,5000000,9.5408,25.792,14031638490
2021-06-04 12:11:02,XBTUSD,short,Limit,5000000,9.395,24.837,14032866520
2021-06-04 14:14:27,XBTUSD,short,Limit,5000000,6.4748,16.878,13775000000
2021-06-04 14:16:07,XBTUSD,short,Limit,5000000,-0.4991,2.41,13795000000
2021-06-04 14:16:11,ETHUSD,short,Limit,41089,7.0864,16.615,10724229000
2021-06-05 07:06:06,XBTUSD,short,Limit,10000000,-5.0481,18.499,26425508501
2021-06-05 07:06:42,XBTUSD,short,Limit,10000000,-4.175,18.451,26393463466
2021-06-05 07:08:12,ETHUSD,short,Limit,635,0.5384,33.469,177474345
2021-06-05 07:08:18,ETHUSD,short,Limit,36341,-0.3319,31.011,10173617785
2021-06-05 07:14:12,ETHUSD,short,Limit,2040,-1.6195,27.698,572158555
2021-06-05 07:18:18,XBTUSD,short,Limit,5000000,-3.5793,18.588,13203379621
2021-06-05 07:19:31,ETHUSD,short,Limit,17554,-2.1608,27.785,4949593930
2021-06-05 07:21:17,ETHUSD,short,Limit,28999,-5.4565,23.515,8176837330
2021-06-05 07:22:24,ETHUSD,short,Limit,50000,-9.0318,18.831,14099875130
2021-06-05 12:04:03,ETHUSD,short,Limit,50000,-0.4431,23.408,13075000000
2021-06-05 12:04:29,XBTUSD,short,Limit,5000000,3.1002,23.324,14085000000
2021-06-05 12:07:08,XBTUSD,short,Limit,5000000,3.0748,22.608,14087404964
2021-06-05 12:07:10,ETHUSD,short,Limit,47011,0.4889,23.409,12269871000
2021-06-05 12:07:11,XBTUSD,short,Limit,5000000,2.9104,21.421,14105000000
2021-06-05 12:07:22,ETHUSD,short,Limit,47115,0.8117,23.367,12319676630
2021-06-05 12:07:40,XBTUSD,short,Limit,5000000,3.2395,21.338,14125367889
2021-06-05 12:08:17,XBTUSD,short,Limit,1815447,3.4188,21.292,5131620804
2021-06-06 11:33:45,XBTUSD,short,Limit,500000,1.9529,44.712,1392175623
2021-06-07 19:12:57,XBTUSD,short,Limit,2400000,3.4181,76.362,6781410306
2021-06-07 20:42:05,XBTUSD,short,Limit,15,3.6362,77.833,42390
2021-06-07 21:23:38,XBTUSD,short,Limit,5000000,7.5209,78.542,14730000000
2021-06-07 21:25:25,XBTUSD,short,Limit,5000000,6.9942,63.552,14750000000
2021-06-07 21:26:25,XBTUSD,short,Limit,5000000,6.8871,59.566,14770130834
2021-06-07 23:25:08,XBTUSD,short,Limit,5000000,7.2444,61.533,14815000000
2021-06-07 23:25:37,XBTUSD,short,Limit,5000000,7.4346,61.508,14835000000
2021-06-07 23:51:59,XBTUSD,short,Limit,1263820,8.5793,61.882,3795251460
2021-06-07 23:53:38,XBTUSD,short,Limit,5000000,8.2659,61.758,14950000000
2021-06-07 23:54:49,ETHUSD,short,Limit,50000,2.2981,83.118,12900000000
2021-06-07 23:55:34,XBTUSD,short,Limit,80,8.4767,61.623,239440
2021-06-08 00:32:12,ETHUSD,short,Limit,50000,3.4343,84.832,12800000000
2021-06-08 02:41:30,XBTUSD,short,Limit,5000000,8.2573,63.378,15060000000
2021-06-08 02:41:33,XBTUSD,short,Limit,5000000,7.8656,62.263,15105000000
2021-06-08 02:45:26,XBTUSD,short,Limit,5000000,8.2716,62.161,15150000000
2021-06-08 02:45:29,XBTUSD,short,Limit,5000000,8.8096,61.387,15200000000
2021-06-08 02:45:29,ETHUSD,short,Limit,50000,4.8335,75.261,12750000000
2021-06-08 02:45:38,ETHUSD,short,Limit,50000,5.5677,63.812,12700000000
2021-06-08 02:45:43,ETHUSD,short,Limit,50000,4.6048,62.438,12650000000
2021-06-08 03:41:12,ETHUSD,short,Limit,50000,6.6684,63.095,12399692765
2021-06-08 03:45:58,ETHUSD,short,Limit,2039,6.9864,63.158,504481685
2021-06-08 03:46:06,ETHUSD,short,Limit,6943,6.8062,63.161,1721139205
2021-06-08 05:03:12,XBTUSD,short,Limit,1805700,9.15,61.218,5494295826
2021-06-08 14:12:30,XBTUSD,short,Limit,5000000,4.765,9.241,15711212080
2021-06-08 14:14:36,XBTUSD,short,Limit,5000000,6.6835,29.125,15674000000
2021-06-08 14:16:55,ETHUSD,short,Limit,50000,10.88,40.654,12000000000
2021-06-08 14:17:46,ETHUSD,short,Limit,50000,11.7749,18.67,11975000000
2021-06-08 14:18:04,XBTUSD,short,Limit,5000000,4.0405,6.695,15679045884
2021-06-08 14:18:55,ETHUSD,short,Limit,16299,6.3006,5.811,3895461000
2021-06-08 14:19:41,XBTUSD,short,Limit,3080500,4.769,5.67,9718605235
2021-06-08 14:20:16,DOGEUSDT,short,Limit,64369,26.235,124.022,2020820905
2021-06-08 14:29:41,DOGEUSDT,short,Limit,100000,25.6496,124.188,3160000000
2021-06-08 14:47:48,DOTUSDT,short,Limit,9922,26.557,129.047,2036983650
2021-06-08 18:57:04,XBTUSD,long,Limit,5000000,2.72,4.428,15290500000
2021-06-08 18:57:37,XBTUSD,long,Limit,5000000,2.8507,4.493,15243900000
2021-06-08 19:36:42,XBTUSD,long,Limit,5000000,3.8234,5.068,15197550000
2021-06-08 20:26:53,XBTUSD,long,Limit,2374300,4.8516,5.434,7194841290
2021-06-08 20:46:40,ETHUSD,long,Limit,33535,6.6946,6.478,8551425000
2021-06-09 05:10:52,ETHUSD,long,Limit,50000,2.9416,14.539,12327174565
2021-06-09 05:12:10,ETHUSD,long,Limit,50000,3.1376,14.478,12325000000
2021-06-09 05:18:16,ETHUSD,long,Limit,50000,4.4255,14.432,12450864385
2021-06-09 05:18:28,ETHUSD,long,Limit,50000,4.458,14.409,12432549910
2021-06-09 05:20:17,ETHUSD,long,Limit,50000,6.6539,13.981,12426049975
2021-06-09 05:22:49,ETHUSD,long,Limit,21802,7.1086,14.055,5417797095
2021-06-09 18:36:45,XBTUSD,short,Limit,5000000,-9.237,22.156,13850400000
2021-06-09 18:37:01,ETHUSD,short,Limit,50000,-3.5775,13.09,12850000000
2021-06-09 18:37:01,XBTUSD,short,Limit,5000000,-8.8344,22.147,13869650000
2021-06-09 18:37:42,XBTUSD,short,Limit,5000000,-8.4422,22.049,13888900000
2021-06-09 18:38:17,XBTUSD,short,Limit,5000000,-7.8966,21.942,13908200000
2021-06-09 18:38:36,ETHUSD,short,Limit,50000,-3.3499,12.741,12825000000
2021-06-09 18:38:41,XBTUSD,short,Limit,142500,-7.6462,21.943,396936600
2021-06-09 19:13:23,ETHUSD,short,Limit,50000,-2.8072,12.872,12800000000
2021-06-10 05:57:07,ETHUSD,short,Limit,50000,-1.9907,23.625,12699974280
2021-06-10 08:44:49,DOGEUSDT,short,Limit,100000,19.8316,165.476,3339828308
2021-06-10 08:45:41,ETHUSD,short,Limit,50000,-0.3148,26.305,12600000000
2021-06-10 08:45:55,BNBUSDT,short,Limit,100000,14.7465,168.176,3564095621
2021-06-10 08:46:19,LTCUSD,short,Limit,100000,14.2317,163.734,3329776190
2021-06-10 08:46:50,DOTUSDT,short,Limit,10000,15.9631,171.021,2344744155
2021-06-10 08:47:48,XRPUSD,short,Limit,200000,16.7393,163.946,3480000000
2021-06-10 09:00:10,DOTUSDT,short,Limit,10000,16.1387,171.246,2340000000
2021-06-10 09:00:44,LTCUSD,short,Limit,12561,13.9409,163.97,419450304
2021-06-10 09:03:50,DOGEUSDT,short,Limit,100000,5.3606,77.412,3320000000
2021-06-10 09:04:02,XBTUSD,short,Limit,1537200,-8.9067,36.365,4231788624
2021-06-10 09:04:46,ETHUSD,short,Limit,10724,-0.1676,26.615,2696235015
2021-06-10 09:07:33,DOGEUSDT,short,Limit,100000,-2.7028,27.734,3319344244
2021-06-10 09:11:29,ETHUSD,short,Limit,50000,0.3222,26.648,12550000000
2021-06-10 09:12:14,XBTUSD,short,Limit,5000000,-8.6784,36.491,13774100000
2021-06-10 09:12:51,XBTUSD,short,Limit,5000000,-8.4412,36.47,13783600000
2021-06-10 09:13:00,ETHUSD,short,Limit,50000,1.0044,30.748,12522947230
2021-06-10 09:13:15,XBTUSD,short,Limit,2961700,-8.3202,36.462,8161817224
2021-06-10 09:13:37,XRPUSD,short,Limit,200000,16.83,169.327,3479996216
2021-06-10 09:14:22,LTCUSD,short,Limit,100000,13.6334,165.94,3329987360
2021-06-10 10:59:24,XBTUSD,short,Limit,5005700,-13.7698,33.006,13219626803
2021-06-10 10:59:27,XBTUSD,short,Limit,5005700,-14.2,29.822,13216349482
2021-06-10 11:38:49,XBTUSD,short,Limit,5005700,-12.8447,30.347,13260149357
2021-06-10 12:05:09,XBTUSD,short,Limit,5005700,-12.2744,30.114,13277719364
2021-06-10 12:07:20,XBTUSD,short,Limit,5005700,-12.1384,29.734,13286657062
2021-06-10 12:18:54,XBTUSD,short,Limit,5005700,-10.4943,29.564,13304199517
2021-06-10 16:33:52,DOGEUSDT,short,Limit,36100,-2.77,35.105,1198328753
2021-06-10 16:38:22,ETHUSD,short,Limit,38497,1.581,33.985,9585753000
2021-06-10 18:02:06,BNBUSDT,short,Limit,173393,16.6472,176.91,6120772900
2021-06-10 18:02:18,DOTUSDT,short,Limit,14289,19.432,176.891,3280704275
2021-06-10 18:02:30,LTCUSD,short,Limit,143435,13.2973,165.665,4733272444
2021-06-10 18:02:42,XRPUSD,short,Limit,306821,16.7883,167.928,5301803494
2021-06-11 16:31:59,XBTUSD,short,Limit,5005700,-1.3829,45.465,13685219885
2021-06-11 16:32:02,XBTUSD,short,Limit,5005700,-1.0141,44.643,13671213140
2021-06-12 02:59:43,XBTUSD,short,Limit,3151100,6.6954,38.464,8892232976
2021-06-12 02:59:55,XBTUSD,short,Limit,4707000,6.5862,35.265,13259230808
2021-06-12 03:02:05,XBTUSD,short,Limit,35300,4.2515,21.94,98948724
2021-06-12 03:03:52,XBTUSD,short,Limit,5000000,4.0571,21.991,13995800000
2021-06-12 03:04:43,XBTUSD,short,Limit,4344700,4.0168,21.986,12152994840
2021-06-12 03:05:36,XBTUSD,short,Limit,5000000,4.1067,21.974,14005889729
2021-06-12 03:06:47,XBTUSD,short,Limit,2941100,4.3237,21.964,8253543619
2021-06-12 03:39:29,XBTUSD,short,Limit,2323400,4.4054,22.433,6524402980
2021-06-12 03:39:50,XBTUSD,short,Limit,101600,4.4479,22.37,285189168
2021-06-12 10:40:54,XBTUSD,long,Limit,2000000,0.2105,7.01,5602240000
2021-06-12 10:41:42,XBTUSD,long,Limit,4000000,1.0387,6.321,11188800000
2021-06-13 09:58:31,XBTUSD,long,Limit,2460000,1.4678,29.383,6858305727
2021-06-13 11:21:49,XBTUSD,long,Limit,5000000,2.4306,29.656,13879250000
2021-06-13 16:22:14,XBTUSD,long,Limit,5000000,4.1933,32.016,13617520723
2021-06-13 16:23:19,XBTUSD,long,Limit,5000000,4.3521,30.946,13585175493
2021-06-13 16:23:58,XBTUSD,long,Limit,5000000,4.4623,30.765,13586950000
2021-06-13 16:42:29,XBTUSD,long,Limit,5000000,5.0079,28.834,13500468289
2021-06-13 16:42:36,XBTUSD,long,Limit,5000000,6.2014,30.107,13510626768
2021-06-13 17:43:15,XBTUSD,long,Limit,5000000,4.1121,27.484,13454097600
2021-06-13 17:43:34,XBTUSD,long,Limit,5000000,4.8074,26.855,13409551648
2021-06-13 20:10:55,XBTUSD,long,Limit,5000000,9.8769,14.38,12870000000
2021-06-13 20:11:00,XBTUSD,long,Limit,5000000,9.8042,19.243,12876167099
2021-06-13 20:13:09,XBTUSD,long,Limit,7100,9.8939,12.766,18276607
2021-06-14 13:25:17,ETHUSD,long,Limit,50000,7.9748,65.275,12702770025
2021-06-14 13:25:45,ETHUSD,long,Limit,50000,9.3465,61.917,12680415030
2021-06-14 13:35:20,ETHUSD,long,Limit,2707,11.3286,58.477,688622260
2021-06-16 11:10:44,XBTUSD,short,Limit,5000000,-1.1029,62.946,12723489825
2021-06-16 11:10:53,XBTUSD,short,Limit,5000000,-0.97,62.986,12732472330
2021-06-16 15:14:49,XBTUSD,short,Limit,4536500,0.7664,67.041,11745004532
2021-06-16 15:40:54,XBTUSD,short,Limit,1028100,1.0987,67.024,2658306765
2021-06-16 17:40:42,XBTUSD,short,Limit,5005700,0.7469,68.054,12857224138
2021-06-17 01:45:29,XBTUSD,short,Limit,5005700,1.6615,73.059,12957764639
2021-06-17 14:09:01,XBTUSD,short,Limit,5000000,2.1843,84.62,12988329937
2021-06-17 14:09:02,XBTUSD,short,Limit,5000000,2.2363,84.642,12978771793
2021-06-17 14:09:22,ETHUSD,short,Limit,37950,7.7612,69.147,9012084505
2021-06-17 17:04:13,XBTUSD,short,Limit,10000000,4.1864,80.849,26053056814
2021-06-17 17:11:09,ETHUSD,short,Limit,6000,8.5437,72.149,1413000000
2021-06-17 17:20:32,XBTUSD,short,Limit,10000000,6.4703,75.458,26348564485
2021-06-17 17:21:14,ETHUSD,short,Limit,60000,9.5193,72.278,13949575050
2021-06-18 02:19:46,XBTUSD,short,Limit,5000000,8.648,83.9,13404850000
2021-06-18 02:25:07,ETHUSD,short,Limit,8602,9.7704,81.302,1990838630
2021-06-18 02:25:19,ETHUSD,short,Limit,60000,9.6997,81.125,13915001145
2021-06-18 02:27:12,XBTUSD,short,Limit,500000,8.7513,83.951,1340559063
2021-06-18 02:27:23,XBTUSD,short,Limit,4086800,8.7279,83.919,10956588196
2021-06-18 02:39:41,XBTUSD,short,Limit,5000000,7.2765,81.265,13280200000
2021-06-18 02:44:35,ETHUSD,short,Limit,10390,9.144,81.335,2426065000
2021-06-18 02:45:32,XBTUSD,short,Limit,5609900,3.8326,19.925,14898693142
2021-06-18 06:54:57,ETHUSD,short,Limit,50000,9.708,82.024,11625000000
2021-06-18 09:35:49,ETHUSD,short,Limit,50000,10.0739,81.778,11600000000
2021-06-18 09:53:03,ETHUSD,short,Limit,1039,10.4244,81.864,240118095
2021-06-18 09:53:37,XBTUSD,short,Limit,4000000,4.1091,27.035,10647862042
2021-06-18 10:09:21,XBTUSD,short,Limit,5000000,5.3888,27.145,13440850000
2021-06-18 10:19:11,XBTUSD,short,Limit,5000000,5.6533,26.686,13477100000
2021-06-18 10:20:48,XBTUSD,short,Limit,4000000,4.6082,20.562,10773356214
2021-06-18 13:14:18,XBTUSD,short,Limit,4000000,4.1938,22.341,10767160000
2021-06-18 14:09:40,XBTUSD,short,Limit,2883500,4.5862,23.234,7793235450
2021-06-18 20:22:53,XBTUSD,long,Limit,10000000,-3.0729,6.218,27965311755
2021-06-20 10:27:48,XBTUSD,long,Limit,5000000,-7.8432,44.291,14766465630
2021-06-20 10:28:15,XBTUSD,long,Limit,5000000,-7.4875,44.24,14749829869
2021-06-20 10:28:51,XBTUSD,long,Limit,5000000,-6.9772,43.526,14735287048
2021-06-20 10:30:15,XBTUSD,long,Limit,5000000,-6.3621,41.529,14682624424
2021-06-20 10:48:04,XBTUSD,long,Limit,5000000,-6.2522,40.704,14664794747
2021-06-20 10:48:05,XBTUSD,long,Limit,5000000,-4.1459,28.049,14673438679
2021-06-21 04:45:21,XBTUSD,long,Limit,1658700,-4.1227,45.426,4866449428
2021-06-21 04:54:37,XBTUSD,long,Limit,5000000,-4.3394,33.533,14705900000
2021-06-21 04:55:16,XBTUSD,long,Limit,3283800,-4.307,5.859,9651153876
2021-06-21 04:55:30,XBTUSD,long,Limit,1557500,-4.192,5.519,4574159450
2021-06-21 04:56:17,XBTUSD,long,Limit,5000000,-3.735,4.727,14673500000
2021-06-21 04:56:32,XBTUSD,long,Limit,4624900,-3.6723,4.657,13562750495
2021-06-21 04:57:07,XBTU21,long,Limit,5000000,-5.5448,58.756,14513369245
2021-06-21 05:00:47,XBTU21,long,Limit,5000000,-5.4819,58.753,14482250000
2021-06-21 05:31:10,XBTU21,long,Limit,5000000,-6.1577,59.281,14565813584
2021-06-21 06:06:23,XBTU21,long,Limit,3126200,-4.8797,59.759,8989482926
2021-06-21 10:42:02,ETHUSD,short,Limit,19532,6.4509,5.391,3837123160
2021-06-21 10:42:06,ETHUSD,short,Limit,50000,6.2972,5.338,9847938775
2021-06-21 10:42:51,XBTUSD,short,Limit,3191400,4.1211,5.736,9753226133
2021-06-21 10:43:09,ETHUSD,short,Limit,50000,6.4778,5.194,9849415475
2021-06-21 10:43:29,XBTUSD,short,Limit,2222600,4.3003,5.733,6800796651
2021-06-21 10:44:30,XBTUSD,short,Limit,3589400,4.3715,5.739,10980673763
2021-06-21 10:44:43,ETHUSD,short,Limit,2933,6.6434,5.142,577749375
2021-06-21 10:45:46,ETHUSD,short,Limit,23533,6.4244,5.15,4646463405
2021-06-21 10:46:04,XBTUSD,short,Limit,1973000,4.1177,5.752,6012368169
2021-06-21 10:47:52,XBTUSD,short,Limit,3811900,4.3708,5.78,11641601360
2021-06-21 10:48:49,XBTUSD,short,Limit,2677700,4.6389,5.792,8198359157
2021-06-21 10:48:57,ETHUSD,short,Limit,50000,6.8588,5.121,9849313510
2021-06-21 10:49:42,XBTUSD,short,Limit,2578300,4.7536,5.786,7897833815
2021-06-21 10:54:24,XBTUSD,short,Limit,2610700,5.0551,5.844,8018611441
2021-06-21 10:57:19,XBTUSD,short,Limit,5372000,5.3028,5.639,16525127208
2021-06-21 11:06:19,ETHUSD,short,Limit,50000,9.2191,5.282,9625000000
2021-06-21 11:07:18,ETHUSD,short,Limit,50000,9.5049,5.262,9600000000
2021-06-21 11:11:02,ETHUSD,short,Limit,1215,10.0703,5.088,233280000
2021-06-21 11:11:40,ETHUSD,short,Limit,43254,9.8409,5.103,8325944980
2021-06-21 11:36:39,ETHUSD,long,Limit,14673,2.5353,0.145,2854714295
2021-06-21 11:37:06,ETHUSD,long,Limit,45009,3.4729,0.125,8825412270
2021-06-21 11:48:32,XBTUSD,long,Limit,3630000,1.2523,0.433,11100903000
2021-06-21 12:06:29,ETHUSD,short,Limit,4991,0.33,0.489,975007620
2021-06-21 13:48:41,ETHUSD,long,Limit,1710,1.6593,1.704,339435000
2021-06-21 13:49:47,XBTU21,long,Limit,5000000,-9.2798,67.509,15082760794
2021-06-21 13:55:18,ETHUSD,long,Limit,50000,1.8027,1.813,9950000000
2021-06-21 13:56:33,ETHUSD,long,Limit,43299,2.046,1.747,8638150500
2021-06-21 13:58:14,XBTUSD,long,Limit,5000000,2.6555,2.252,15151500000
2021-06-21 13:58:14,XBTUSD,long,Limit,5000000,2.4443,2.11,15128600000
2021-06-21 13:58:27,XBTU21,long,Limit,4988900,-8.9036,67.511,15015457970
2021-06-21 13:59:10,XBTUSD,long,Limit,5000000,2.2301,1.908,15105750000
2021-06-21 14:00:24,XBTUSD,long,Limit,2996800,2.4273,1.772,9044144116
2021-06-21 14:22:30,XBTUSD,short,Limit,505700,1.6673,0.368,1551775849
2021-06-21 14:36:54,XBTUSD,long,Limit,5000000,0.862,0.239,15196092240
2021-06-21 14:37:29,XBTUSD,long,Limit,4494300,0.8532,0.284,13660460793
2021-06-21 15:37:39,ETHUSD,short,Limit,50000,1.6331,1.638,9875000000
2021-06-21 15:37:51,ETHUSD,short,Limit,50000,1.7919,1.757,9850000000
2021-06-21 15:46:09,XBTUSD,short,Limit,5000000,1.6089,0.674,15393522959
2021-06-21 15:46:13,XBTUSD,short,Limit,505700,1.6305,0.633,1556644412
2021-06-21 16:21:16,ETHUSD,short,Limit,50000,2.3117,2.328,9800000000
2021-06-21 16:31:46,ETHUSD,short,Limit,50000,2.9453,1.653,9775000000
2021-06-21 16:46:13,ETHUSD,short,Limit,6701,4.9628,1.873,1283241500
2021-06-21 18:46:32,XBTUSD,long,Limit,5000000,0.8276,2.323,15278850000
2021-06-21 18:54:26,XBTUSD,long,Limit,4494300,2.1824,2.138,13712603673
2021-06-21 19:00:12,ETHUSD,long,Limit,1039,2.611,2.23,204163500
2021-06-21 19:00:15,ETHUSD,long,Limit,8828,2.611,2.23,1734702000
2021-06-21 19:59:44,ETHUSD,long,Limit,1113,1.6316,3.221,216617075
2021-06-22 03:37:48,DOGEUSDT,long,Limit,121685,27.3427,4.606,2580034019
2021-06-22 03:39:44,XBTU21,long,Limit,526700,-8.5048,81.179,1579309950
2021-06-22 04:24:19,XBTUSD,short,Limit,10000000,-0.7484,9.078,30446682701
2021-06-22 04:25:12,ETHUSD,short,Limit,50000,-1.0588,8.386,9824776785
2021-06-22 04:30:25,ETHUSD,short,Limit,50000,-2.4753,7.381,9824693285
2021-06-22 04:30:30,XBTUSD,short,Limit,2419100,-1.3377,8.764,7367800187
2021-06-22 04:41:54,XBTUSD,short,Limit,3667800,-1.184,8.89,11177560204
2021-06-22 09:54:15,ETHUSD,short,Limit,50000,2.7457,12.574,9349670405
2021-06-22 09:54:23,XBTUSD,short,Limit,10000000,3.6843,13.639,31851140069
2021-06-22 09:54:33,ETHUSD,short,Limit,50000,2.174,12.536,9374995970
2021-06-22 09:57:57,ETHUSD,short,Limit,50000,2.6571,12.615,9375000000
2021-06-22 09:58:20,XBTUSD,short,Limit,10000000,1.9215,12.835,31723076130
2021-06-22 10:09:33,ETHUSD,short,Limit,4065,3.1555,12.722,759788775
2021-06-22 10:11:29,XBTUSD,short,Limit,10000000,1.8642,12.7,31851608218
2021-06-22 10:25:46,XBTUSD,short,Limit,3256700,0.9642,12.834,10284304842
2021-06-22 12:42:06,XBTUSD,long,Limit,5000000,-6.3773,2.273,16860550000
2021-06-22 14:27:24,XBTUSD,long,Limit,31700,-5.8406,4.022,106286613
2021-06-22 14:32:01,ETHUSD,long,Limit,240,-4.3166,2.195,42480000
2021-06-22 14:37:06,XBTUSD,long,Limit,5000000,-3.6943,2.952,16820850000
2021-06-22 14:37:33,XBTUSD,long,Limit,5000000,-2.5284,2.31,16832476910
2021-06-22 14:39:26,ETHUSD,long,Limit,39570,-4.5773,2.329,6984105000
2021-06-22 14:43:25,ETHUSD,long,Limit,50000,-4.0496,2.371,8875415740
2021-06-22 14:44:00,XBTUSD,long,Limit,81100,-1.7227,2.399,270784790
2021-06-22 14:44:51,ETHUSD,long,Limit,2404,-3.7838,2.389,427912000
2021-06-22 14:47:56,ETHUSD,long,Limit,50000,-4.3232,2.429,8850000000
2021-06-22 14:48:12,XBTUSD,long,Limit,3430200,-0.7406,2.402,11501083278
2021-06-22 14:51:00,XBTUSD,long,Limit,5000000,1.016,1.896,16611300000
2021-06-22 14:51:42,ETHUSD,long,Limit,7438,-2.973,2.472,1335121000
2021-06-22 14:51:47,XBTUSD,long,Limit,5000000,3.1357,1.194,16596640222
2021-06-22 14:52:22,ETHUSD,long,Limit,50000,-2.4418,2.464,8950000000
2021-06-22 15:28:33,XBTUSD,long,Limit,1752200,7.7519,1.586,5602554368
2021-06-22 15:28:59,XBTUSD,long,Limit,2912000,7.5819,1.598,9325659841
2021-06-22 15:31:08,ETHUSD,long,Limit,50000,2.8711,3.065,9350000000
2021-06-22 15:33:59,ETHUSD,long,Limit,50000,4.1686,2.814,9400000000
2021-06-22 16:02:55,ETHUSD,long,Limit,50000,6.2741,2.87,9500000000
2021-06-22 16:05:34,ETHUSD,long,Limit,60000,8.7187,2.494,11430412905
2021-06-22 16:05:54,ETHUSD,long,Limit,5144,9.2773,1.883,982504000
2021-06-22 16:31:08,XBTUSD,short,Limit,5000000,-2.5465,1.011,15600600000
2021-06-22 16:31:11,XBTUSD,short,Limit,5000000,-2.1899,1.011,15612932498
2021-06-22 16:31:47,XBTUSD,short,Limit,5000000,-2.0412,1.013,15641677005
2021-06-22 16:32:01,XBTUSD,short,Limit,5000000,-1.1478,1.009,15652440590
2021-06-22 16:33:14,XBTUSD,short,Limit,5000000,-0.6327,0.989,15677042286
2021-06-23 00:40:28,ETHUSD,short,Limit,12012,1.0482,8.567,2270243485
2021-06-23 00:46:00,ETHUSD,short,Limit,25031,0.0,8.664,4780921000
2021-06-23 00:46:00,XRPUSD,short,Limit,25369,4.1122,7.88,280073760
2021-06-23 00:47:34,XBTUSD,short,Limit,5000000,-5.005,9.219,14977001172
2021-06-23 00:48:10,XBTUSD,short,Limit,4277000,-5.2299,9.155,12808858373
2021-06-23 01:01:00,XBTUSD,short,Limit,5000000,-4.7556,8.99,14858850000
2021-06-23 01:03:15,XBTUSD,short,Limit,10000000,-4.5396,9.009,29755206325
2021-06-23 01:03:16,XBTUSD,short,Limit,1585200,-4.2926,9.001,4713035461
2021-06-23 01:33:00,XBTUSD,short,Limit,5000000,-5.0691,9.173,14771050000
2021-06-23 01:33:14,XBTUSD,short,Limit,742500,-5.0505,8.767,2196745650
2021-06-23 01:33:14,XRPUSD,short,Limit,8993,-1.1295,8.65,104678520
2021-06-23 01:34:05,XRPUSD,short,Limit,306821,-2.0489,8.664,3595159386
2021-06-23 01:34:23,XRPUSD,short,Limit,202913,-1.7422,8.692,2370023840
2021-06-23 01:50:13,XBTUSD,short,Limit,5000000,-4.9248,9.042,14803850000
2021-06-23 01:51:00,ETHUSD,short,Limit,50000,-3.848,9.144,9873629170
2021-06-23 18:17:41,XBTUSD,short,Limit,5000000,-2.6494,25.451,15097449099
2021-06-23 18:17:45,XBTUSD,short,Limit,5000000,-2.4081,25.434,15094350000
2021-06-23 18:18:15,XRPUSD,short,Limit,891789,-6.6116,24.919,10986734550
2021-06-23 18:20:46,XBTUSD,short,Limit,4316400,-1.2106,24.601,13047278085
2021-06-23 18:29:57,XRPUSD,short,Limit,24077,-6.7566,23.976,299192076
2021-06-23 19:43:48,ETHUSD,short,Limit,50000,-2.1955,26.873,9725000000
2021-06-23 19:48:21,ETHUSD,short,Limit,50000,-2.064,26.954,9699900070
2021-06-23 19:49:14,XBTUSD,short,Limit,2976100,-0.0296,23.828,8984527257
2021-06-23 20:24:36,ETHUSD,short,Limit,50000,-1.4035,30.058,9650000000
2021-06-24 01:49:01,ETHUSD,short,Limit,50000,-0.2597,32.935,9550000000
2021-06-24 01:56:46,ETHUSD,short,Limit,15661,0.0003,33.366,2983420500
2021-06-26 06:56:53,XBTUSD,long,Limit,10000000,-6.2231,43.019,31586112319
2021-06-26 11:20:29,ETHUSD,long,Limit,135099,-6.0205,57.025,24115240210
2021-06-26 11:21:11,XBTUSD,long,Limit,10000000,-7.4181,29.693,31744854441
2021-06-26 11:24:07,XBTUSD,long,Limit,6250100,-7.1233,25.545,19865577722
2021-06-26 11:25:03,XBTUSD,long,Limit,3771700,-7.1699,25.534,12011559048
2021-06-26 11:29:54,XBTU21,long,Limit,5000000,-12.6909,185.095,15797800000
2021-06-28 10:13:00,XBTUSD,short,Limit,10000000,-9.1265,46.657,29164128530
2021-06-28 10:13:17,XBTUSD,short,Limit,9978200,-5.6675,33.836,29073296376
2021-06-30 04:42:22,ETHUSD,short,Limit,100000,-18.7022,87.481,21200000000
2021-06-30 04:43:48,ETHUSD,short,Limit,24869,-19.0245,87.468,5283635570
2021-06-30 15:13:51,ETHUSD,short,Limit,100000,-18.401,98.016,21149269095
2021-06-30 15:20:06,ETHUSD,short,Limit,49000,-17.5978,98.186,10314500000
2021-06-30 15:46:04,ETHUSD,short,Limit,48435,-17.7338,97.944,10194213270
2021-06-30 17:57:45,XBTUSD,long,Limit,10000000,1.3437,2.661,28818400000
2021-06-30 18:46:45,XBTUSD,long,Limit,10000000,1.6975,2.833,28752688806
2021-06-30 21:40:03,XBTUSD,long,Limit,21800,2.2135,5.695,62362388
2021-07-01 11:27:20,XBTUSD,short,Limit,9931400,4.3108,13.783,29723630789
2021-07-01 11:29:22,XBTUSD,short,Limit,3092900,4.1366,13.514,9250481094
2021-07-01 13:59:47,XBTUSD,short,Limit,6666000,3.944,15.331,19922117919
2021-07-01 14:05:12,ETHUSD,short,Limit,100000,-17.7386,117.323,21150000000
2021-07-01 14:18:19,ETHUSD,short,Limit,70000,-14.9864,110.012,14770000000
2021-07-01 14:31:02,ETHUSD,short,Limit,276,-13.079,110.221,57270000
2021-07-01 14:54:38,ETHUSD,short,Limit,100000,-13.5915,111.593,20894397430
2021-07-02 03:28:54,ETHUSD,short,Limit,100000,1.8543,72.558,20648574045
2021-07-02 03:31:38,ETHUSD,short,Limit,100000,9.1135,29.547,20599699265
2021-07-02 04:08:09,ETHUSD,short,Limit,54721,9.3079,26.698,11217471485
2021-07-02 04:13:49,ETHUSD,short,Limit,46821,9.0708,26.571,9621715500
2021-07-03 23:29:00,XBTUSD,long,Limit,10000000,-0.6916,5.438,29018920446
2021-07-04 07:22:29,XBTUSD,long,Limit,6000000,1.7674,11.52,16947330142
2021-07-04 07:32:51,XBTUSD,long,Limit,1000000,1.8816,11.658,2822870000
2021-07-04 13:10:33,XBTUSD,long,Limit,2488800,1.7276,17.158,7047728348
2021-07-05 11:29:58,XBTUSD,long,Limit,2596000,-2.7607,45.588,7691807920
2021-07-08 03:26:55,ETHUSD,short,Limit,100000,3.2644,87.111,22496420550
2021-07-08 04:19:19,ETHUSD,short,Limit,100000,3.4642,87.384,22350000000
2021-07-08 06:22:05,XBTUSD,short,Limit,10000000,1.6278,59.87,29964269299
2021-07-08 06:27:34,ETHUSD,short,Limit,100000,5.8956,80.86,22349789100
2021-07-08 10:11:49,XBTUSD,short,Limit,5756000,5.8601,14.946,17659761196
2021-07-08 10:12:33,XBTUSD,short,Limit,4000000,5.7803,14.727,12269920000
2021-07-08 11:12:50,ETHUSD,short,Limit,100000,6.6753,72.765,21424328140
2021-07-08 11:14:10,ETHUSD,short,Limit,5831,7.1024,72.11,1247577665
2021-07-08 11:20:26,ETHUSD,short,Limit,18994,6.8808,72.213,4069075255
2021-07-08 21:19:30,ETHUSD,short,Limit,75175,4.7364,76.771,16046394215
2021-07-09 01:23:11,ETHUSD,short,Limit,100000,6.7527,78.7,20704606245
2021-07-09 01:31:06,XBTUSD,short,Limit,248000,5.8341,29.8,761170217
2021-07-12 20:55:25,XBTUSD,long,Limit,10000000,-0.8447,87.213,30500555057
2021-07-12 20:55:27,XBTUSD,long,Limit,5003000,-2.3672,77.024,15275185317
2021-07-12 21:16:19,XBTUSD,long,Limit,10000000,-2.2382,72.258,30394655929
2021-07-12 21:16:21,XBTUSD,long,Limit,3067400,-2.5839,67.161,9334598128
2021-07-12 22:14:30,XBTUSD,long,Limit,4485100,-2.0083,67.404,13589422026
2021-07-13 20:06:51,XBTUSD,short,Limit,4493500,1.7669,21.874,13872098024
2021-07-14 09:12:16,XBTUSD,short,Limit,5000000,2.2598,34.844,15505580832
2021-07-15 19:26:24,XBTUSD,short,Limit,10000000,4.537,68.262,31682930500
2021-07-18 01:59:54,XBTUSD,short,Limit,10000000,2.0898,118.013,31035369507
2021-07-21 23:05:35,XBTUSD,short,Limit,10000000,2.832,208.545,31248794179
2021-07-21 23:06:08,XBTUSD,short,Limit,3000000,2.826,208.215,9362378438
2021-07-22 11:14:23,XBTUSD,short,Limit,21200,3.6664,220.353,66738024
2021-07-22 18:11:29,XBTUSD,long,Limit,10000000,1.8816,6.949,30896133434
2021-07-22 18:11:31,XBTUSD,long,Limit,10000000,1.8198,6.839,30911140213
2021-07-25 08:17:13,XBTUSD,long,Limit,10000000,8.4298,52.353,28735600000
2021-07-26 02:24:14,XBTUSD,long,Limit,1000000,19.083,55.603,2616044478
2021-07-26 06:40:00,XBTUSD,long,Limit,108600,21.2445,59.852,279037926
2021-07-26 06:53:01,XBTUSD,short,Limit,10000000,0.6865,0.224,25890470105
2021-07-26 07:42:39,XBTUSD,short,Limit,9891400,2.4582,1.371,26047428089
2021-07-26 07:42:55,XBTUSD,short,Limit,10000000,2.3199,1.448,26298505716
2021-07-26 10:59:09,XBTUSD,long,Limit,108600,1.2624,2.849,282412218
2021-07-26 20:03:09,XBTUSD,short,Limit,5000000,0.1221,9.067,13020850000
2021-07-26 20:03:10,XBTUSD,short,Limit,5000000,0.2074,9.062,13037800000
2021-07-26 20:12:36,XBTUSD,short,Limit,5000000,0.8089,9.147,13054850000
2021-07-26 20:13:17,XBTUSD,short,Limit,5000000,0.9029,9.142,13071900000
2021-07-26 20:25:32,XBTUSD,short,Limit,5000000,2.5488,3.648,13106150000
2021-07-26 20:25:59,XBTUSD,short,Limit,5000000,2.6086,3.562,13140600000
2021-07-26 20:25:59,XBTUSD,short,Limit,5000000,2.4585,3.602,13123350000
2021-07-26 20:27:28,XBTUSD,short,Limit,5000000,2.8718,3.583,13175250000
2021-07-27 14:04:54,XBTUSD,short,Limit,5000000,0.0257,14.785,13132000000
2021-07-27 14:06:51,XBTUSD,short,Limit,5000000,-2.3553,8.636,13149250000
2021-07-27 14:07:20,XBTUSD,short,Limit,5000000,-1.9769,7.732,13166550000
2021-07-27 14:07:28,XBTUSD,short,Limit,4714900,-1.679,7.669,12456812949
2021-07-27 16:22:24,XBTUSD,short,Limit,5000000,-1.3568,8.328,13236250000
2021-07-27 16:22:30,ETHUSD,short,Limit,50000,5.4977,33.803,11225000000
2021-07-27 16:23:26,XBTUSD,short,Limit,5000000,-1.2072,8.075,13253800000
2021-07-27 16:25:01,XBTUSD,short,Limit,5000000,-1.187,7.723,13239533393
2021-07-27 16:25:44,ETHUSD,short,Limit,40000,5.3161,33.933,8987397560
2021-07-27 16:49:15,ETHUSD,short,Limit,50000,5.5272,34.031,11200000000
2021-07-27 16:49:42,XBTUSD,short,Limit,5000000,-0.2053,6.116,13271400000
2021-07-27 16:50:25,ETHUSD,short,Limit,50000,4.9181,31.413,11199943900
2021-07-27 16:50:42,XBTUSD,short,Limit,4640500,-1.0769,6.401,12282135291
2021-07-27 16:54:36,XBTUSD,short,Limit,449900,0.0664,5.977,1195748719
2021-07-27 18:07:54,XBTUSD,short,Limit,5000000,0.4093,6.886,13334807262
2021-07-27 18:08:21,XBTUSD,short,Limit,5000000,0.7745,6.544,13363927824
2021-07-27 18:08:24,XBTUSD,short,Limit,836900,0.6643,6.518,2234737138
2021-07-27 18:09:28,ETHUSD,short,Limit,10000,5.6341,31.218,2214864245
2021-07-28 08:37:57,XBTUSD,short,Limit,10000000,-4.5926,20.891,25255892409
2021-07-28 08:39:05,XBTUSD,short,Limit,5000000,-4.6522,20.879,12623053225
2021-07-28 13:01:14,XBTUSD,short,Limit,4284400,-3.688,24.523,10792455142
2021-07-28 17:33:01,XBTUSD,short,Limit,5000000,-3.1262,27.18,12675446986
2021-07-28 17:35:48,XBTUSD,short,Limit,5000000,-3.3373,26.855,12698400000
2021-07-28 17:35:49,XBTUSD,short,Limit,5000000,0.239,16.676,12714550000
2021-07-28 17:38:12,XBTUSD,short,Limit,5000000,1.1992,15.704,12747207387
2021-07-28 17:38:37,XBTUSD,short,Limit,5000000,0.7137,15.872,12731877896
2021-07-28 17:42:09,XBTUSD,short,Limit,5000000,1.3955,15.66,12764670682
2021-07-28 17:42:52,XBTUSD,short,Limit,5000000,1.9809,15.505,12779550000
2021-07-30 08:52:28,XBTUSD,short,Limit,5000000,3.5692,54.655,12987000000
2021-07-30 09:05:20,XBTUSD,short,Limit,5000000,3.6766,54.406,13003900000
2021-07-30 09:24:52,XBTUSD,short,Limit,5000000,3.8548,54.226,13020850000
2021-07-30 09:27:54,XBTUSD,short,Limit,5000000,3.9732,54.079,13037800000
2021-07-30 09:33:01,XBTUSD,short,Limit,10000000,4.0817,52.797,25974274595
2021-07-30 22:27:09,XBTUSD,short,Limit,3429400,-0.9872,58.439,8333450251
2021-08-02 09:02:50,XBTUSD,short,Limit,10000000,0.8534,113.999,25336768880
2021-08-02 09:06:01,XBTUSD,short,Limit,10000000,0.2925,113.114,25384416353
2021-08-02 12:17:53,XBTUSD,short,Limit,10000000,0.0536,113.763,25481811898
2021-08-02 12:21:37,XBTUSD,short,Limit,2490000,-0.9358,73.491,6343947300
2021-08-02 12:26:00,XBTUSD,short,Limit,10000000,0.551,59.664,25488867483
2021-08-02 12:27:14,XBTUSD,short,Limit,10000000,2.7426,5.635,25518728590
2021-08-03 03:41:24,ETHUSD,short,Limit,100000,-7.667,184.712,25286138630
2021-08-03 03:41:39,ETHUSD,short,Limit,100000,-8.0907,184.672,25347352770
2021-08-03 03:46:59,ETHUSD,short,Limit,100000,-7.6598,181.987,25298915210
2021-08-03 07:52:03,XRPUSD,short,Limit,1000000,6.6031,25.184,14317740074
2021-08-03 07:53:17,XBTUSD,short,Limit,6800,4.2855,25.042,17639873
2021-08-03 08:01:37,ETHUSD,short,Limit,100000,4.0834,38.127,24850000000
2021-08-03 08:03:54,ETHUSD,short,Limit,100000,2.5944,30.522,24848162925
2021-08-03 09:14:08,ETHUSD,short,Limit,37826,2.719,30.941,9378097050
2021-08-03 09:14:14,XRPUSD,short,Limit,2743,6.9866,26.092,39107192
2021-08-03 09:15:28,ETHUSD,short,Limit,62712,2.9383,30.617,15582691260
2021-08-04 18:29:54,XBTUSD,long,Limit,10000000,2.8391,34.755,25232573744
2021-08-04 21:14:39,XBTUSD,long,Limit,510400,4.0684,35.999,1277597552
2021-08-05 17:17:28,XBTUSD,long,Limit,5000000,4.5134,55.521,12430100000
2021-08-05 17:21:13,XBTUSD,long,Limit,5000000,4.5396,54.773,12406950000
2021-08-05 17:43:28,XBTUSD,long,Limit,5000000,4.9795,54.519,12376250000
2021-08-05 17:55:24,XBTUSD,long,Limit,5000000,5.1949,54.332,12345700000
2021-08-05 17:55:47,XBTUSD,long,Limit,5000000,5.5908,54.226,12343160896
2021-08-05 17:56:43,XBTUSD,long,Limit,4750900,6.9494,53.936,11701704245
2021-08-06 00:50:45,XBTUSD,short,Limit,5000000,1.4464,6.453,12437800000
2021-08-06 00:53:43,XBTUSD,short,Limit,5000000,1.944,6.184,12468850000
2021-08-06 03:49:14,XBTUSD,short,Limit,5000000,1.9472,9.007,12438813174
2021-08-06 04:36:15,XBTUSD,short,Limit,5000000,2.7321,9.468,12508671963
2021-08-06 04:36:17,XBTUSD,short,Limit,249100,2.687,9.465,622817665
2021-08-06 16:06:21,XBTUSD,long,Limit,10000000,6.7862,11.485,23419141956
2021-08-06 16:08:37,XBTUSD,long,Limit,800000,7.1865,11.503,1866594530
2021-08-07 04:17:08,XBTUSD,long,Limit,13500,9.4406,23.645,30857085
2021-08-07 16:19:32,XBTUSD,short,Limit,10000000,1.9646,12.041,23302601087
2021-08-07 16:20:11,ETHUSD,short,Limit,70000,1.8954,4.746,21138219045
2021-08-07 16:20:23,ETHUSD,short,Limit,70000,2.9051,4.402,21139382210
2021-08-07 16:20:44,ETHUSD,short,Limit,12205,3.6776,4.213,3685677845
2021-08-07 16:20:55,XBTUSD,short,Limit,4886900,2.4756,12.047,11459571543
2021-08-08 14:41:43,ETHUSD,short,Limit,50000,2.5572,26.551,15275000000
2021-08-08 14:42:20,ETHUSD,short,Limit,50000,2.6035,26.383,15274428115
2021-08-08 14:43:52,XBTUSD,short,Limit,5000000,-1.216,34.021,11351599562
2021-08-08 14:56:47,XBTUSD,short,Limit,5000000,-1.0638,34.409,11337850000
2021-08-08 14:58:11,XBTUSD,short,Limit,5000000,-1.3728,31.552,11338231088
2021-08-08 14:58:55,XBTUSD,short,Limit,5000000,-0.8254,27.471,11359379896
2021-08-08 14:59:00,XBTUSD,short,Limit,5000000,-1.0373,25.127,11357734008
2021-08-08 15:15:06,XBTUSD,short,Limit,371800,-1.3152,22.593,844101630
2021-08-08 15:29:16,XBTUSD,short,Limit,5000000,-1.1825,22.832,11366467835
2021-08-08 15:32:44,XBTUSD,short,Limit,1926200,-0.9446,22.882,4389136758
2021-08-08 16:00:15,ETHUSD,short,Limit,50000,3.493,27.051,15175000000
2021-08-08 16:02:12,XBTUSD,short,Limit,5000000,-0.5936,22.639,11366592846
2021-08-08 16:02:25,XBTUSD,short,Limit,5000000,-0.008,19.999,11363961263
2021-08-08 16:04:08,XBTUSD,short,Limit,2390100,-0.1603,19.979,5438796365
2021-08-08 16:04:21,ETHUSD,short,Limit,8299,2.7494,26.518,2510027950
2021-08-08 16:33:43,XBTUSD,short,Limit,795500,-0.4173,20.469,1805572435
2021-08-08 16:52:37,ETHUSD,short,Limit,50000,1.6647,24.287,15124632195
2021-08-08 16:52:47,XBTUSD,short,Limit,5000000,0.126,20.666,11403253427
2021-08-08 16:53:44,XBTUSD,short,Limit,5000000,-0.0161,18.838,11425070319
2021-08-08 16:54:56,XBTUSD,short,Limit,5000000,0.1741,18.765,11431366220
2021-08-08 16:55:22,ETHUSD,short,Limit,12425,1.9524,24.208,3746090615
2021-08-08 16:55:37,XBTUSD,short,Limit,5000000,0.5947,18.208,11430857615
2021-08-08 17:02:34,ETHUSD,short,Limit,10397,1.8847,24.313,3139887300
2021-08-08 17:05:40,XBTUSD,short,Limit,4691300,0.7191,18.19,10737334375
2021-08-08 17:06:12,ETHUSD,short,Limit,50000,3.0961,24.422,14974984040
2021-08-08 17:14:46,ETHUSD,short,Limit,615,3.2621,24.332,183835940
2021-08-08 19:04:21,ETHUSD,short,Limit,50000,3.6975,26.085,14873523955
2021-08-08 19:06:53,ETHUSD,short,Limit,7158,3.6554,26.063,2129381380
2021-08-08 19:07:09,ETHUSD,short,Limit,9535,3.644,23.793,2836394815
2021-08-08 19:17:59,ETHUSD,short,Limit,13772,4.7342,21.697,4082827825
2021-08-08 19:30:53,XBTUSD,long,Limit,76700,0.4005,2.417,174814640
2021-08-08 19:30:58,XBTUSD,long,Limit,232000,0.3913,2.419,528823120
2021-08-08 19:47:05,ETHUSD,short,Limit,27984,4.4087,21.95,8332712350
2021-08-08 19:47:28,ETHUSD,short,Limit,10000,3.9132,21.726,2977590010
2021-08-09 01:01:11,ETHUSD,short,Limit,50000,6.0899,25.666,14650000000
2021-08-09 01:07:14,ETHUSD,short,Limit,50000,6.3205,25.657,14600000000
2021-08-09 01:13:32,XBTUSD,short,Limit,5000000,2.6412,4.33,11655000000
2021-08-09 05:38:39,XBTUSD,short,Limit,5000000,1.1878,7.962,11468393375
2021-08-09 05:52:31,ETHUSD,short,Limit,50000,3.4934,8.416,14672929125
2021-08-09 06:09:37,ETHUSD,short,Limit,50000,3.9192,8.065,14648135155
2021-08-09 06:15:19,ETHUSD,short,Limit,8716,3.8055,8.104,2557215130
2021-08-09 13:55:00,XBTUSD,short,Limit,5000000,-2.3027,15.823,11011584123
2021-08-09 13:56:28,XBTUSD,short,Limit,19600,-2.186,15.744,43199838
2021-08-09 14:15:44,XBTU21,long,Limit,1512800,28.4121,1243.616,3266107539
2021-08-09 14:16:23,XBTU21,long,Limit,568100,28.4643,1243.629,1227399686
2021-08-09 14:19:21,XBTU21,long,Limit,5000000,28.7648,1243.724,10832405313
2021-08-09 14:41:14,XBTU21,long,Limit,2919100,28.7207,1243.811,6353570826
2021-08-09 20:33:55,XBTUSD,short,Limit,5000000,-2.4806,22.345,10976959253
2021-08-09 20:34:22,XBTUSD,short,Limit,1715400,-3.7071,13.368,3769239643
2021-08-09 20:48:49,XBTUSD,short,Limit,3920500,-4.2298,11.974,8591163299
2021-08-09 20:59:44,XBTUSD,short,Limit,5000000,-3.6256,11.81,10993103996
2021-08-09 21:13:29,XBTUSD,short,Limit,5000000,-2.2894,11.918,11013986242
2021-08-09 21:14:43,ETHUSD,short,Limit,36000,-3.5384,12.439,11033217950
2021-08-09 21:14:51,XBTUSD,short,Limit,5000000,-1.8812,11.921,11050190422
2021-08-09 21:14:58,XBTUSD,short,Limit,5000000,-1.1111,11.627,11075512317
2021-08-09 21:16:33,XBTUSD,short,Limit,5000000,-0.34,11.373,11080284278
2021-08-09 21:16:36,XBTUSD,short,Limit,5000000,0.7169,10.767,11088980026
2021-08-09 21:16:45,XBTUSD,short,Limit,1701700,0.9044,10.575,3775924484
2021-08-09 21:17:19,ETHUSD,short,Limit,2590,-3.2095,12.475,791245000
2021-08-09 21:17:22,ETHUSD,short,Limit,14000,-3.1244,12.443,4275501200
2021-08-09 21:17:31,ETHUSD,short,Limit,8020,-2.8199,12.364,2445587910
2021-08-09 21:17:38,XBTUSD,short,Limit,1787900,1.0656,10.589,3971672994
2021-08-10 06:30:45,XBTUSD,short,Limit,2920800,0.1388,19.807,6431755571
2021-08-10 06:30:56,XBTUSD,short,Limit,1505000,1.2366,18.709,3312090781
2021-08-10 06:58:39,XBTUSD,short,Limit,1504400,0.9831,19.009,3303814809
2021-08-10 07:07:10,XBTUSD,short,Limit,1390400,1.2879,19.118,3065377110
2021-08-10 07:07:15,XBTUSD,short,Limit,5000000,1.2466,19.128,11013204576
2021-08-10 16:28:58,XBTUSD,short,Limit,5000000,2.6632,27.489,11137444343
2021-08-10 16:30:04,XBTUSD,short,Limit,5000000,2.9841,26.389,11151316534
2021-08-10 16:31:00,ETHUSD,short,Limit,50000,-3.6177,31.311,15397064710
2021-08-10 16:31:10,ETHUSD,short,Limit,50000,-2.6704,31.224,15374888170
2021-08-10 16:31:38,ETHUSD,short,Limit,50000,-2.2493,31.193,15350000000
2021-08-10 16:31:53,XBTUSD,short,Limit,2677700,3.0618,26.352,5981943062
2021-08-11 07:58:14,XBTU21,long,Limit,913600,30.0223,1284.661,1957230691
2021-08-11 07:58:52,XBTU21,long,Limit,3302500,29.5438,1240.421,7082487050
2021-08-11 07:59:30,XBTU21,long,Limit,771600,29.3173,1233.001,1655717992
2021-08-11 08:01:04,XBTU21,long,Limit,12300,29.485,1232.929,26359515
2021-08-11 08:01:49,XBTU21,long,Limit,10500,29.9296,1232.941,22425035
2021-08-11 08:01:53,XBTU21,long,Limit,1289200,29.5984,1232.893,2757374294
2021-08-11 09:04:26,XBTU21,long,Limit,1234200,38.9228,1168.518,2654272914
2021-08-11 09:06:02,XBTU21,long,Limit,288600,39.229,1165.227,621542461
2021-08-11 09:06:20,XBTU21,long,Limit,1993400,39.1188,1165.225,4296476510
2021-08-11 09:06:34,XBTU21,long,Limit,184100,39.0156,1165.207,397094983
2021-08-12 06:55:26,XBTUSD,short,Limit,10000000,2.5556,59.985,22169844752
2021-08-12 07:34:21,XBTUSD,short,Limit,10000000,0.9652,58.695,22152382501
2021-08-12 09:14:14,XBTUSD,short,Limit,2345700,1.9929,59.454,5225577047
2021-08-12 11:46:13,XBTUSD,short,Limit,10000000,2.2794,61.904,22322228738
2021-08-12 11:51:55,ETHUSD,short,Limit,50000,-2.8053,74.301,15575000000
2021-08-12 11:58:21,ETHUSD,short,Limit,50000,-2.3915,74.266,15550000000
2021-08-12 12:00:01,ETHUSD,short,Limit,50000,-0.9439,73.802,15475000000
2021-08-12 12:27:10,XBTUSD,short,Limit,5000000,3.3893,60.392,11261250000
2021-08-12 12:30:15,XBTUSD,short,Limit,5000000,3.9538,53.019,11286700000
2021-08-12 14:27:22,XBTUSD,short,Limit,5000000,3.8108,52.173,11312200000
2021-08-12 14:55:51,XBTUSD,short,Limit,5000000,2.6236,47.163,11337850000
2021-08-12 14:57:55,ETHUSD,short,Limit,6683,1.4733,76.37,2021453385
2021-08-12 14:58:54,XBTUSD,short,Limit,7546200,2.6258,47.22,17104263759
2021-08-12 15:06:29,XBTUSD,short,Limit,10000000,2.1117,46.515,22609807234
2021-08-12 15:07:21,XBTUSD,short,Limit,7489800,2.2909,44.342,16940838721
2021-08-12 15:07:39,XBTUSD,short,Limit,62200,2.377,44.214,140737193
2021-08-12 15:07:45,XBTUSD,short,Limit,3295400,2.335,44.216,7451336985
2021-08-12 15:54:21,XBTUSD,short,Limit,4430100,2.3417,44.969,10025035148
2021-08-12 16:56:05,ETHUSD,short,Limit,50000,2.3483,78.255,15023354145
2021-08-12 16:57:19,ETHUSD,short,Limit,50000,2.9825,83.754,14999966200
2021-08-13 02:53:40,XBTUSD,long,Limit,5569900,2.3736,10.931,12302586506
2021-08-14 09:44:49,XBTU21,long,Limit,1489200,45.1544,1237.782,3076612133
2021-08-14 09:47:59,XBTU21,long,Limit,95600,44.9664,1237.38,197926756
2021-08-14 10:29:08,XBTU21,long,Limit,5000000,41.0122,1236.193,10626577528
2021-08-15 08:19:58,XBTUSD,short,Limit,500000,-1.3083,53.436,1090705000
2021-08-17 19:17:30,XBTUSD,short,Limit,10000000,-0.3815,112.185,22027322808
2021-08-17 20:07:45,XBTUSD,short,Limit,10000000,0.5126,112.135,22205430074
2021-08-17 20:13:32,ETHUSD,short,Limit,50000,1.0155,196.847,15423943375
2021-08-17 20:15:26,ETHUSD,short,Limit,50000,0.8237,187.902,15372325635
2021-08-17 20:15:55,XBTUSD,short,Limit,10000000,2.3697,108.434,22297468129
2021-08-17 20:18:58,XBTUSD,short,Limit,4882400,3.2303,106.636,10883675660
2021-08-17 20:28:34,XBTUSD,short,Limit,5000000,3.7351,106.339,11204360313
2021-08-17 20:29:14,XBTUSD,short,Limit,1004900,3.566,106.262,2248244201
2021-08-17 20:30:18,XBTUSD,short,Limit,588800,3.6251,106.279,1318117287
2021-08-17 20:30:28,XBTUSD,short,Limit,10000000,3.6001,104.792,22393334207
2021-08-17 20:31:13,ETHUSD,short,Limit,50000,2.6909,171.146,15092328500
2021-08-17 20:31:16,ETHUSD,short,Limit,50000,2.9337,170.469,15120741715
2021-08-17 20:32:47,XBTUSD,short,Limit,6577700,4.2611,88.069,14733835459
2021-08-17 22:14:26,ETHUSD,short,Limit,50000,2.7335,166.086,15099960185
2021-08-17 22:14:36,XBTUSD,short,Limit,5000000,4.5942,78.717,11198223659
2021-08-17 22:23:56,ETHUSD,short,Limit,50000,1.6582,123.452,15050000000
2021-08-17 22:26:27,ETHUSD,short,Limit,50000,1.9705,125.591,15000000000
2021-08-18 01:13:46,XBTUSD,short,Limit,5000000,4.4265,46.755,11261250000
2021-08-18 01:13:59,XBTUSD,short,Limit,5000000,2.4599,12.19,11286700000
2021-08-18 01:14:01,ETHUSD,short,Limit,35896,5.3101,119.262,10625216000
2021-08-18 01:14:09,XBTUSD,short,Limit,458100,1.7965,4.446,1036423764
2021-08-18 19:17:51,XBTUSD,short,Limit,10000000,-0.5838,22.474,22090167947
2021-08-18 19:20:21,XBTUSD,short,Limit,2175000,-0.2519,22.491,4815836826
2021-08-18 19:20:44,XBTUSD,short,Limit,2400000,-0.2775,19.173,5312664000
2021-08-18 19:23:25,ETHUSD,short,Limit,50000,2.7517,135.547,15200000000
2021-08-18 19:27:18,ETHUSD,short,Limit,15000,2.5697,134.716,4559921250
2021-08-18 19:34:23,ETHUSD,short,Limit,50000,6.4064,128.937,15175000000
2021-08-18 19:57:20,XBTUSD,short,Limit,10000000,0.6412,15.966,22303938604
2021-08-18 19:58:02,XBTUSD,short,Limit,10000000,0.7739,15.219,22284375625
2021-08-18 19:58:37,ETHUSD,short,Limit,50000,1.1418,23.222,15174571465
2021-08-18 19:59:34,XBTUSD,short,Limit,52600,0.8418,14.49,117229962
2021-08-18 20:02:51,ETHUSD,short,Limit,50000,0.8229,18.836,15149854640
2021-08-18 20:45:36,ETHUSD,short,Limit,50000,1.3067,15.777,15099899000
2021-08-18 20:57:50,ETHUSD,short,Limit,50000,1.9481,15.188,15074944360
2021-08-18 21:02:42,ETHUSD,short,Limit,331,1.9724,15.183,99774985
2021-08-19 03:06:40,ETHUSD,short,Limit,50000,3.4397,11.289,14975000000
2021-08-19 03:07:33,ETHUSD,short,Limit,50000,3.6548,11.233,14950000000
2021-08-20 00:32:25,XBTUSD,long,Limit,10000000,6.0954,27.634,21136461266
2021-08-20 00:41:33,XBTUSD,long,Limit,10000000,6.0277,27.769,21138834116
2021-08-20 14:40:15,XBTUSD,long,Limit,10000000,8.6246,39.252,20712212954
2021-08-20 14:46:11,XBTUSD,long,Limit,5000000,9.901,35.318,10297359443
2021-08-22 10:27:29,XBTUSD,long,Limit,1000000,12.2754,78.407,2024243439
2021-08-22 10:27:39,XBTUSD,long,Limit,1000000,12.2186,78.41,2025269810
2021-08-23 01:59:00,XBTUSD,long,Limit,1000000,13.4091,93.95,2004010000
2021-08-23 02:01:48,XBTUSD,long,Limit,500000,13.4426,93.979,1001710302
2021-08-23 18:13:11,XBTUSD,long,Limit,10000000,10.7537,105.36,20240337178
2021-08-24 16:08:01,ETHUSD,short,Limit,50000,1.8501,1.608,15949685200
2021-08-24 16:08:18,ETHUSD,short,Limit,29179,1.849,1.563,9307831210
2021-08-24 17:21:12,ETHUSD,long,Limit,49402,0.7368,1.235,15786320635
2021-08-24 17:21:34,XBTUSD,long,Limit,4400000,4.4544,113.243,9132638440
2021-08-25 05:39:50,XBTUSD,long,Limit,5000000,3.1554,117.928,10341250000
2021-08-25 05:51:03,XBTUSD,long,Limit,5000000,3.4792,117.966,10319900000
2021-08-25 15:47:23,XBTUSD,long,Limit,5000000,0.7816,118.181,10272165599
2021-08-25 15:47:37,XBTUSD,long,Limit,5000000,1.6106,120.758,10276869071
2021-08-25 17:36:32,XBTUSD,long,Limit,5000000,0.0731,95.539,10214254765
2021-08-25 17:36:34,XBTUSD,long,Limit,5000000,-0.2755,77.515,10214500000
2021-08-25 17:36:37,XBTUSD,long,Limit,5000000,-0.6338,75.014,10214500000
2021-08-25 17:36:39,XBTUSD,long,Limit,5000000,-1.5596,36.522,10214548719
2021-08-25 17:38:23,XBTUSD,long,Limit,5000000,-1.5093,32.842,10206150000
2021-08-26 00:19:19,XBTUSD,long,Limit,10000000,-1.636,39.454,20447919931
2021-08-26 02:01:41,XBTUSD,long,Limit,10000000,1.932,34.26,20491800000
2021-08-26 02:11:31,XBTUSD,long,Limit,3270700,1.9577,34.063,6698818791
2021-08-26 06:03:53,XBTUSD,long,Limit,10000000,-3.2028,16.781,21208900000
2021-08-26 06:24:59,ETHUSD,short,Limit,50000,3.567,15.438,15548075105
2021-08-26 06:26:11,ETHUSD,short,Limit,32205,3.8672,14.41,9999652500
2021-08-26 06:28:36,ETHUSD,short,Limit,50000,3.7057,13.48,15549842785
2021-08-26 06:29:33,ETHUSD,short,Limit,45559,3.178,14.173,14191628500
2021-08-26 06:37:04,ETHUSD,short,Limit,17496,3.865,12.996,5441196355
2021-08-26 07:00:26,ETHUSD,short,Limit,50000,4.6139,12.114,15450000000
2021-08-26 07:04:40,ETHUSD,short,Limit,50000,4.7721,6.858,15448948390
2021-08-26 07:16:37,ETHUSD,short,Limit,50000,1.4265,1.461,15374554710
2021-08-27 12:04:40,XBTUSD,long,Limit,10000000,-2.109,37.961,21060004429
2021-08-27 12:15:51,XBTUSD,long,Limit,10000000,-0.3654,32.426,21060388440
2021-08-29 05:08:42,ETHUSD,short,Limit,50000,2.622,36.246,15898242385
2021-08-29 23:15:35,ETHUSD,short,Limit,50000,0.7691,50.84,16199988120
2021-08-30 00:05:31,ETHUSD,short,Limit,12114,1.3904,51.574,3912177455
2021-08-30 00:11:02,ETHUSD,short,Limit,50000,1.2289,50.67,16174991930
2021-08-30 00:16:52,ETHUSD,short,Limit,37886,1.2421,29.049,12253555220
2021-08-31 04:24:18,XBTUSD,long,Limit,10000000,0.0784,118.784,21191386205
2021-08-31 04:24:23,XBTUSD,long,Limit,10000000,0.1745,118.592,21197619465
2021-09-03 10:46:28,ETHUSD,long,Limit,37987,5.3198,33.509,15100193640
2021-09-03 11:22:38,ETHUSD,long,Limit,62013,4.9008,33.452,24557182425
2021-09-03 12:04:42,XBTUSD,long,Limit,4406300,7.2276,197.428,8767216526
2021-09-03 12:04:55,XBTUSD,long,Limit,5000000,7.1738,197.451,9955182568
2021-09-06 09:59:39,XBTU21,long,Limit,6000000,52.1093,1770.084,11505768185
2021-09-06 09:59:47,XBTU21,long,Limit,1661600,52.2225,1769.959,3187042696
2021-09-06 10:00:43,XBTU21,long,Limit,3686100,50.6622,1656.017,7077957502
2021-09-06 10:05:06,XBTU21,long,Limit,1979500,50.2177,1626.826,3803042687
2021-09-06 10:24:55,XBTU21,long,Limit,88000,50.2073,1627.081,169078599
2021-09-06 11:19:08,XBTUSD,long,Limit,10000000,10.7337,268.634,19304117053
2021-09-06 11:23:06,XBTUSD,long,Limit,10000000,10.9502,268.127,19323700000
2021-09-06 12:35:11,XBTUSD,long,Limit,9936000,5.1526,186.532,19295563230
2021-09-06 12:35:44,XBTUSD,long,Limit,10000000,5.5904,113.869,19448698961
2021-09-06 12:35:52,XBTUSD,long,Limit,10000000,3.5952,93.854,19453331606
2021-09-06 13:05:36,XBTUSD,long,Limit,10000000,3.9229,89.254,19457606172
2021-09-06 13:06:13,XBTUSD,long,Limit,10000000,2.4757,65.08,19471910566
2021-09-07 08:33:58,XBTUSD,long,Limit,657700,2.6641,82.641,1276797192
2021-09-07 14:10:01,XBTUSD,short,Limit,9700000,1.4327,5.601,19124669173
2021-09-07 14:16:49,XBTUSD,short,Limit,10000000,2.4354,5.674,19921004578
2021-09-07 14:16:57,XBTUSD,short,Limit,10000000,2.3532,5.656,19902011784
2021-09-07 14:29:38,XBTUSD,short,Limit,80200,3.2915,5.842,161028610
2021-09-07 15:13:06,XBTUSD,long,Limit,10000000,-7.8574,0.724,21783408932
2021-09-07 15:13:10,XBTUSD,long,Limit,10000000,-8.069,0.583,21771493859
2021-09-07 15:17:21,XBTUSD,long,Limit,10000000,-6.4277,0.493,21620283973
2021-09-07 15:19:01,XBTUSD,long,Limit,10000000,-4.4134,0.499,21437838005
2021-09-07 15:22:31,XBTUSD,long,Limit,10000000,-4.4706,0.468,21332618307
2021-09-07 15:42:35,XBTUSD,long,Limit,10000000,-0.0113,0.619,21030004384
2021-09-07 15:42:44,ETHUSD,long,Limit,31466,-6.8138,125.49,10965963695
2021-09-07 16:19:36,ETHUSD,long,Limit,50000,-7.1919,121.624,17450316395
2021-09-07 16:43:20,ETHUSD,long,Limit,50000,-3.4253,44.096,17475000000
2021-09-07 16:45:41,ETHUSD,long,Limit,50000,0.7049,1.763,17626477420
2021-09-07 16:46:35,XBTUSD,long,Limit,10000000,3.0454,1.671,21141512303
2021-09-07 16:48:54,ETHUSD,long,Limit,18534,1.7266,1.714,6551769000
2021-09-07 16:56:50,XBTUSD,long,Limit,10000000,3.1397,1.816,21056340435
2021-09-09 12:37:49,XBTUSD,long,Limit,10000000,0.5597,45.368,21866932010
2021-09-09 12:38:48,XBTUSD,long,Limit,10000000,-1.7874,44.842,21893509582
2021-09-10 14:42:52,XBTUSD,long,Limit,6000000,-2.9522,70.855,13292431511
2021-09-10 14:52:26,XBTUSD,long,Limit,6071200,-2.7462,71.012,13426919083
2021-09-10 14:58:47,XBTUSD,long,Limit,10000000,-2.7822,68.831,22203150215
2021-09-12 13:35:26,ETHUSD,long,Limit,28929,0.1934,115.428,9968714190
2021-09-12 16:05:22,ETHUSD,long,Limit,23796,-0.1061,117.935,8174776515
2021-09-14 13:10:45,XBTUSD,long,Limit,10000000,0.8699,141.454,21548880261
2021-09-14 13:11:17,XBTUSD,long,Limit,10000000,0.6881,136.62,21573425397
2021-09-14 23:00:43,XBTUSD,long,Limit,10000000,2.7931,135.058,21195697496
2021-09-14 23:00:48,XBTUSD,long,Limit,10000000,3.3428,93.005,21207395485
2021-09-14 23:05:59,XBTUSD,long,Limit,10000000,2.9754,94.467,21274387791
2021-09-15 00:29:31,XBTUSD,long,Limit,10000000,5.5169,48.125,21182958356
2021-09-15 14:24:07,XBTUSD,long,Limit,9000000,7.734,48.161,18871306609
2021-09-15 14:56:26,XBTUSD,long,Limit,196200,8.0365,48.684,410407337
2021-09-15 15:21:22,ETHUSD,long,Limit,50000,1.7528,188.376,17425077720
2021-09-15 15:21:53,ETHUSD,long,Limit,50000,1.3269,189.178,17400090190
2021-09-16 18:21:21,XBTUSD,short,Limit,10000000,0.7751,27.415,21112768599
2021-09-16 18:23:52,XBTUSD,short,Limit,10000000,0.7115,28.113,21102940856
2021-09-17 13:22:34,ETHUSD,short,Limit,12165,6.2699,32.823,4183554765
2021-09-17 13:24:47,ETHUSD,short,Limit,50000,6.0133,32.935,17224837465
2021-09-17 14:01:55,XBTUSD,short,Limit,10000000,1.5797,44.793,21143287387
2021-09-17 22:11:02,XBTUSD,short,Limit,10000000,1.3388,51.802,21134648816
2021-09-17 22:13:11,XBTUSD,short,Limit,10000000,1.2529,51.76,21127231791
2021-09-20 07:02:53,XBTUSD,short,Limit,10000000,4.6246,108.22,21863612435
2021-09-20 07:05:01,XBTUSD,short,Limit,10000000,5.0212,103.49,21884650426
2021-09-20 07:11:01,ETHUSD,short,Limit,40000,13.1249,98.627,12736632510
2021-09-20 07:13:35,ETHUSD,short,Limit,2394,13.1554,98.654,762668550
2021-09-20 07:42:16,XBTUSD,short,Limit,10000000,7.3616,99.1,22355834555
2021-09-20 07:42:29,XBTUSD,short,Limit,10000000,7.9641,49.83,22334837751
2021-09-20 12:30:20,ETHUSD,short,Limit,50000,14.7889,62.017,14999759190
2021-09-20 12:31:37,ETHUSD,short,Limit,50000,17.2996,96.096,15025000000
2021-09-20 12:32:23,XBTUSD,short,Limit,272100,11.4652,53.179,631730109
2021-09-20 13:27:21,XBTUSD,long,Limit,27900,1.5219,0.916,63792321
2021-09-20 16:11:43,ETHUSD,short,Limit,1575,12.3818,57.743,482579715
2021-09-20 16:11:58,XBTUSD,short,Limit,10000000,0.0983,2.663,22876299812
2021-09-20 16:20:00,ETHUSD,short,Limit,50000,12.1933,59.864,15350000000
2021-09-20 16:20:52,XBTUSD,short,Limit,10000000,0.0895,3.064,22850638571
2021-09-20 18:26:42,ETHUSD,short,Limit,50000,12.0612,57.601,15321424745
2021-09-20 18:27:58,XBTUSD,short,Limit,10000000,0.4436,4.681,22918450924
2021-09-20 19:08:05,ETHUSD,short,Limit,50000,0.7911,5.694,15108222740
2021-09-20 19:09:46,ETHUSD,short,Limit,20146,1.136,5.678,6072918590
2021-09-20 19:10:13,XBTUSD,short,Limit,72100,1.4446,5.341,166929323
2021-09-20 19:12:59,ETHUSD,short,Limit,28332,0.6507,5.712,8569929855
2021-09-21 04:18:44,XBTUSD,long,Limit,10000000,-1.4849,10.665,23488500000
2021-09-21 06:03:03,XBTUSD,long,Limit,10000000,-1.4606,10.804,23481467910
2021-09-21 06:13:55,XBTUSD,long,Limit,10000000,4.4977,6.683,23456550257
2021-09-21 06:30:09,XBTUSD,long,Limit,1561200,6.4317,6.122,3648895535
2021-09-21 14:06:14,XBTUSD,short,Limit,10000000,1.0698,6.332,23438332517
2021-09-21 14:06:20,XBTUSD,short,Limit,10000000,0.884,6.295,23433599160
2021-09-21 14:54:23,XBTUSD,short,Limit,10000000,1.8222,7.053,23644072874
2021-09-21 14:57:33,ETHUSD,short,Limit,50000,2.6449,6.559,14974791675
2021-09-21 14:59:36,ETHUSD,short,Limit,50000,2.5701,6.167,15000000000
2021-09-21 17:27:06,XBTUSD,short,Limit,10000000,2.4285,9.557,23759191491
2021-09-21 17:27:31,XRPUSD,short,Limit,200000,15.4909,82.55,3671724270
2021-09-21 17:27:43,XRPUSD,short,Limit,200000,15.3814,82.532,3679392788
2021-09-21 17:34:41,XBTUSD,short,Limit,10000000,2.7085,9.615,23776507494
2021-09-21 17:54:58,DOGEUSDT,short,Limit,18751,15.9209,83.011,386270600
2021-09-21 17:55:12,LTCUSD,short,Limit,87048,15.7838,82.874,2698457096
2021-09-21 17:58:57,DOGEUSDT,short,Limit,100000,15.2524,83.076,2069691450
2021-09-21 18:35:35,XBTUSD,short,Limit,38800,2.325,10.62,91899639
2021-09-21 20:40:54,ETHUSD,long,Limit,5996,-1.1814,0.408,1687903980
2021-09-22 02:52:32,XBTUSD,long,Limit,10000000,-0.5192,8.28,23783539571
2021-09-22 02:56:53,XBTUSD,long,Limit,6068000,-0.2789,8.187,14430745521
2021-09-22 02:59:55,ETHUSD,long,Limit,50000,0.4973,6.558,14301053305
2021-09-22 03:24:12,XBTUSD,long,Limit,4000000,0.41,8.579,9452900988
2021-09-22 03:25:40,ETHUSD,long,Limit,16495,2.305,6.802,4758807500
2021-09-22 07:36:31,XBTUSD,long,Limit,1615100,3.4981,10.877,3806150307
2021-09-22 07:43:17,XBTUSD,long,Limit,8000000,3.7714,10.935,18829217505
2021-09-22 07:43:24,XBTUSD,long,Limit,500000,3.8312,10.911,1176667620
2021-09-22 07:43:45,ETHUSD,long,Limit,30000,4.9459,15.08,8865093955
2021-09-22 07:44:26,ETHUSD,long,Limit,50000,4.729,11.107,14750840880
2021-09-22 07:52:45,XBTUSD,long,Limit,58600,3.9866,11.067,137699452
2021-09-22 13:09:43,ETHUSD,long,Limit,50000,6.9512,16.291,14826972680
2021-09-22 13:42:40,ETHUSD,long,Limit,3509,6.412,16.813,1034317420
2021-09-24 09:44:59,XBTUSD,short,Limit,10000000,-1.0459,49.868,23256754562
2021-09-24 09:45:57,XBTUSD,short,Limit,10000000,-1.5627,44.229,23272975722
2021-09-24 09:47:03,XBTUSD,short,Limit,268800,-1.3537,44.095,628087612
2021-09-24 10:49:48,XBTUSD,short,Limit,10000000,0.7984,44.797,23787687824
2021-09-24 10:51:58,XBTUSD,short,Limit,10000000,0.643,43.811,23687892684
2021-09-24 10:53:41,ETHUSD,short,Limit,50000,3.7201,44.623,14199950725
2021-09-24 10:53:53,ETHUSD,short,Limit,50000,3.4535,44.92,14224355495
2021-09-24 11:19:27,ETHUSD,short,Limit,50000,6.5794,43.76,13849561540
2021-09-24 11:19:41,XBTUSD,short,Limit,929300,3.5294,44.058,2266581286
2021-09-24 11:19:54,ETHUSD,short,Limit,29790,8.4329,43.107,8265407825
2021-09-24 11:20:18,ETHUSD,short,Limit,50000,8.1017,43.098,13900000000
2021-09-24 11:20:35,XBTUSD,short,Limit,10000000,2.9688,44.073,24257246528
2021-09-24 12:59:50,XBTUSD,short,Limit,10000000,3.7026,45.537,24301606971
2021-09-24 13:03:07,XBTUSD,short,Limit,1547700,4.3465,45.533,3782645928
2021-09-24 14:03:21,XBTUSD,long,Limit,10000000,2.5238,0.933,23758864825
2021-09-24 14:03:26,XBTUSD,long,Limit,3383100,2.1247,0.792,8035702625
2021-09-24 14:06:11,XBTUSD,long,Limit,9000000,2.6479,0.732,21346795114
2021-09-24 14:08:02,XBTUSD,long,Limit,970900,3.0855,0.689,2301381366
2021-09-25 08:34:11,ETHUSD,short,Limit,50000,3.6425,45.15,14050000000
2021-09-26 06:29:47,ETHUSD,short,Limit,15127,3.9548,66.319,4294878445
2021-09-26 06:30:02,ETHUSD,short,Limit,50000,1.2757,40.602,14224288625
2021-09-26 06:30:23,XRPUSD,short,Limit,200000,6.1523,122.244,3695949716
2021-09-26 06:31:23,DOGEUSDT,short,Limit,150000,15.7897,191.657,3082407242
2021-09-26 06:31:40,XRPUSD,short,Limit,200000,14.7466,191.581,3703595138
2021-09-26 06:31:59,LTCUSD,short,Limit,100000,19.035,191.396,2979558844
2021-09-26 06:32:22,ETHUSD,short,Limit,50000,0.702,40.66,14249994000
2021-09-26 06:38:29,ETHUSD,short,Limit,50000,1.2745,40.561,14249976270
2021-09-26 06:39:54,LTCUSD,short,Limit,100000,11.5327,136.067,2975800862
2021-09-26 06:40:26,XRPUSD,short,Limit,200000,14.4141,183.888,3703757124
2021-09-26 06:42:33,XBTUSD,short,Limit,10000000,0.1429,38.351,23754111189
2021-09-26 06:46:20,ETHUSD,short,Limit,50000,1.4117,40.671,14249771580
2021-09-26 07:36:50,ETHUSD,short,Limit,50000,3.2818,41.355,14000000000
2021-09-26 07:37:40,ETHUSD,short,Limit,50000,3.9559,37.965,13950000000
2021-09-26 07:40:41,ETHUSD,short,Limit,1574,4.3029,37.232,437572000
2021-09-26 07:42:15,XBTUSD,short,Limit,5000000,2.5544,38.938,12165450000
2021-09-26 07:43:03,XBTUSD,short,Limit,10000000,2.1886,39.112,24221795961
2021-09-26 07:43:20,XRPUSD,short,Limit,200000,2.5679,89.972,3631766388
2021-09-26 07:43:42,DOGEUSDT,short,Limit,150000,15.3442,161.756,3012966109
2021-09-26 07:44:11,LTCUSD,short,Limit,100000,6.1538,93.473,2888650376
2021-09-26 07:44:38,LTCUSD,short,Limit,100000,7.781,89.968,2879665874
2021-09-26 07:46:30,DOGEUSDT,short,Limit,140000,5.894,94.525,2799807499
2021-09-26 07:47:08,XRPUSD,short,Limit,200000,4.7921,88.845,3607615710
2021-09-26 07:47:47,XBTUSD,short,Limit,10000000,2.5321,38.204,24334167254
2021-09-26 07:48:12,XRPUSD,short,Limit,70000,5.8455,88.325,1262800000
2021-09-26 07:49:56,XRPUSD,short,Market,9058,5.8964,88.34,163317996
2021-09-26 07:49:58,DOGEUSDT,short,Market,826,5.6297,90.614,16463006
2021-09-26 07:50:01,LTCUSD,short,Market,412,9.8107,88.214,11818616
2021-09-26 07:50:13,XBTUSD,short,Limit,5000000,2.786,36.88,12195100000
2021-09-26 07:50:55,XBTUSD,short,Limit,2111600,2.887,36.889,5155605996
2021-09-26 10:45:52,XBTUSD,long,Limit,5000000,5.4487,2.901,11593003455
2021-09-26 15:16:54,ETHUSD,long,Limit,50000,8.8793,7.714,15136694190
2021-09-27 07:05:37,XBTUSD,long,Limit,10000000,6.0144,24.213,22803323860
2021-09-27 08:27:28,ETHUSD,long,Limit,48426,11.0915,24.522,15036309935
2021-09-27 13:31:37,XBTUSD,long,Limit,88400,5.4095,29.574,202691283
2021-10-12 20:18:04,XBTUSD,short,Limit,10000000,-25.4972,366.434,18277700215
2021-10-12 20:25:41,XBTUSD,short,Limit,8673600,-30.8586,328.463,15731890150
2021-10-12 22:21:07,ETHUSD,short,Limit,50000,-20.6057,333.192,17448766460
2021-10-13 08:00:33,XBTUSD,short,Limit,10000000,-29.1155,339.827,18293788085
2021-10-13 08:01:11,XBTUSD,short,Limit,3728700,-7.822,142.186,6821851154
2021-10-13 08:01:48,XBTUSD,short,Limit,7683600,3.9244,31.614,14048435129
2021-10-20 12:15:12,XBTUSD,short,Limit,10000000,-12.8847,203.712,15584363243
2021-10-20 12:15:26,ETHUSD,short,Limit,24412,-34.4189,512.345,9483345950
2021-10-21 11:17:48,XBTUSD,short,Limit,10000000,-15.4742,226.652,15252420217
2021-10-21 12:07:38,ETHUSD,short,Limit,40000,-45.2759,536.128,16820000000
2021-10-21 14:33:42,ETHUSD,short,Limit,9073,-41.6226,538.52,3719907420
2021-10-21 14:36:38,XBTUSD,short,Limit,10000000,-16.1293,198.385,15713279147
2021-10-21 15:35:46,XBTUSD,short,Limit,8000,-12.5889,191.126,12777257
2021-10-21 15:35:52,XBTUSD,short,Limit,8128000,-5.4582,155.608,12973161173
2021-10-21 15:37:09,ETHUSD,short,Limit,161,-39.8964,539.578,65205000
2021-10-21 15:42:05,ETHUSD,short,Limit,22181,-40.2418,539.647,9005486000
2021-10-22 14:03:53,XBTUSD,short,Limit,10000000,3.7461,59.608,16221322566
2021-10-22 19:14:03,XBTUSD,short,Limit,10000000,7.7974,34.846,16552868094
2021-10-22 19:14:17,XBTUSD,short,Limit,6884100,5.6641,16.822,11385286530
2021-10-22 20:27:23,XBTUSD,short,Limit,4800000,4.1706,11.36,7881822841
2021-10-22 20:27:34,XBTUSD,short,Limit,182600,4.1444,11.363,299756019
2021-10-22 20:32:07,XBTUSD,long,Limit,638300,0.0027,0.061,1047246044
2021-10-22 21:51:11,ETHUSD,short,Limit,50000,-35.7406,569.882,19774919980
2021-10-29 15:43:25,XBTUSD,long,Limit,10000000,2.1589,163.237,16055075978
2021-10-29 15:44:01,XBTUSD,long,Limit,10000000,2.1139,163.192,16069324867
2021-10-31 05:27:00,XBTUSD,long,Limit,10000000,4.8826,93.545,16297233269
2021-10-31 05:29:33,XBTUSD,long,Limit,5000000,5.2945,93.351,8151987935
2021-10-31 05:30:51,XBTUSD,long,Limit,15100,5.3142,93.367,24614661
2021-11-05 02:39:50,ETHUSD,short,Limit,23246,-35.4395,741.837,10504746585
2021-11-09 16:42:11,XBTUSD,short,Limit,3803100,-9.027,227.189,5687841819
2021-11-09 16:44:18,XBTUSD,short,Limit,6000000,-9.3393,227.223,8951880000
2021-11-09 16:45:44,XBTUSD,short,Limit,181800,-9.2963,227.238,271349256
2021-11-16 10:03:41,ETHUSD,short,Limit,50000,-22.6787,981.605,21125000000
2021-11-16 10:13:41,ETHUSD,short,Limit,50000,-17.9276,980.454,20675000000
2021-11-16 10:59:31,XBTUSD,long,Limit,774600,-6.9783,133.854,1286983375
2021-11-16 11:03:59,XBTUSD,long,Limit,176900,-6.5989,133.245,292846101
2021-11-16 11:05:28,XBTUSD,long,Limit,734800,-6.6414,133.27,1216966374
2021-11-16 11:05:36,XBTUSD,long,Limit,6660400,-6.8794,133.272,11040878456
2021-11-16 12:26:57,XBTUSD,long,Limit,10000000,-5.2818,117.27,16463884118
2021-11-16 20:44:40,ETHUSD,short,Limit,50000,-13.2558,913.289,20924283855
2021-11-17 03:10:17,ETHUSD,short,Limit,50000,-6.8363,766.777,20599824165
2021-11-17 03:11:57,ETHUSD,short,Limit,50000,-7.9991,785.905,20624639500
2021-11-18 18:02:39,ETHUSD,short,Limit,50000,4.9732,478.625,20274411330
2021-11-18 18:06:03,XRPUSD,short,Limit,300000,-4.9355,1131.406,6275798034
2021-11-18 18:13:36,ETHUSD,short,Limit,50000,4.7632,210.572,20300000000
2021-11-18 18:22:36,XRPUSD,short,Limit,300000,-9.6099,1206.773,6287667486
2021-11-18 21:57:42,XRPUSD,short,Limit,300000,-0.0412,1041.556,6287827920
2021-11-18 21:59:19,ETHUSD,short,Limit,50000,5.5194,58.666,20148180735
2021-11-18 22:16:25,XRPUSD,short,Limit,139554,0.193,1041.549,2925051840
2021-11-18 22:16:40,ETHUSD,short,Limit,50000,6.4083,22.369,20100000000
2021-11-26 08:44:43,XBTUSD,long,Limit,1490600,-12.1043,327.693,2685468724
2021-11-26 12:12:05,ETHUSD,short,Limit,50000,4.1474,3.049,19674167390
2021-11-26 12:14:20,ETHUSD,short,Limit,13331,4.8754,2.933,5231834050
2021-11-28 02:50:32,ETHUSD,short,Limit,5214,1.6921,39.423,2105749485
2021-11-28 02:51:23,ETHUSD,short,Limit,31165,0.9877,36.991,12606236385
2021-11-28 03:05:27,ETHUSD,short,Limit,50000,0.9553,36.92,20299968930
2021-11-28 03:15:36,ETHUSD,short,Limit,50000,1.1416,36.922,20275000000
2021-11-28 03:29:43,ETHUSD,short,Limit,16477,1.2221,37.05,6673013250
2021-11-28 20:41:15,XBTUSD,long,Limit,10000000,-12.6997,388.022,18139459241
2021-11-29 09:38:06,XBTUSD,long,Limit,10000000,-6.0259,351.332,17456147208
2021-11-30 15:33:30,XBTUSD,long,Limit,7630700,-0.4831,336.972,12920480293
2021-11-30 15:33:34,XBTUSD,long,Limit,2481900,-0.712,330.697,4206485418
2021-12-04 06:09:09,XBTUSD,long,Limit,10000000,-19.4579,389.477,21287806045
2021-12-04 06:49:57,XBTUSD,long,Limit,10000000,-17.0646,356.918,21028044082
2021-12-06 23:39:43,XBTUSD,long,Limit,10000000,-10.6866,255.329,19835816759
2021-12-06 23:40:09,XBTUSD,long,Limit,10000000,-10.6887,248.426,19859371389
2021-12-06 23:41:04,XBTUSD,long,Limit,10000000,-11.0557,150.642,19839087378
2021-12-22 23:03:27,XBTUSD,long,Limit,10000000,4.7107,68.386,20468856440
2021-12-24 03:28:15,XBTUSD,long,Limit,919900,9.6185,79.696,1801785643
